station_id,date,time,weather_condition,temperature,rainfall,visibility
WS-NORTH,01/01/2025,00:00,Clear,12.7,0.0,10000.0
WS-NORTH,01/01/2025,01:00,Clear,8.8,0.0,10000.0
WS-NORTH,01/01/2025,02:00,clear,9.8,0.0,10000.0
WS-NORTH,01/01/2025,03:00,Clear,9.4,0.0,10000.0
WS-NORTH,01/01/2025,04:00,clear,9.0,0.0,
WS-NORTH,01/01/2025,05:00,clear,8.7,0.0,10000.0
WS-NORTH,01/01/2025,06:00,Clear,9.6,0.0,10000.0
WS-NORTH,01/01/2025,07:00,Clear,11.6,0.0,10000.0
WS-NORTH,01/01/2025,08:00,Cloudy,13.5,0.0,10000.0
WS-NORTH,01/01/2025,09:00,cloudy,15.0,0.0,10000.0
WS-NORTH,01/01/2025,10:00,Overcast,14.4,0.0,10000.0
WS-NORTH,01/01/2025,11:00,Cloudy,15.8,0.0,10000.0
WS-NORTH,01/01/2025,12:00,Overcast,19.1,0.0,10000.0
WS-NORTH,01/01/2025,13:00,Overcast,19.1,0.0,10000.0
WS-NORTH,01/01/2025,14:00,cloudy,16.7,0.0,10000.0
WS-NORTH,01/01/2025,15:00,Clear,20.7,0.0,10000.0
WS-NORTH,01/01/2025,16:00,clear,,0.0,10000.0
WS-NORTH,01/01/2025,17:00,Clear,18.6,0.0,10000.0
WS-NORTH,01/01/2025,18:00,Clear,16.3,0.0,10000.0
WS-NORTH,01/01/2025,19:00,CLEAR,16.7,0.0,10000.0
WS-NORTH,01/01/2025,20:00,Rain,15.8,5.9,3493.0
WS-NORTH,01/01/2025,21:00,Rain,14.0,1.5,4097.0
WS-NORTH,01/01/2025,22:00,Clear,12.3,0.0,10000.0
WS-NORTH,01/01/2025,23:00,Clear,13.4,0.0,10000.0
WS-NORTH,02/01/2025,00:00,Clear,9.6,0.0,10000.0
WS-NORTH,02/01/2025,01:00,Clear,8.9,0.0,10000.0
WS-NORTH,02/01/2025,02:00,Clear,10.8,0.0,10000.0
WS-NORTH,02/01/2025,03:00,Clear,10.6,0.0,10000.0
WS-NORTH,02/01/2025,04:00,Clear,8.2,0.0,10000.0
WS-NORTH,02/01/2025,05:00,Clear,8.6,0.0,10000.0
WS-NORTH,02/01/2025,06:00,Clear,9.7,0.0,10000.0
WS-NORTH,02/01/2025,07:00,Clear,10.3,0.0,10000.0
WS-NORTH,02/01/2025,08:00,Clear,13.1,0.0,10000.0
WS-NORTH,02/01/2025,09:00,Clear,12.7,0.0,10000.0
WS-NORTH,02/01/2025,10:00,clear,16.1,0.0,10000.0
WS-NORTH,02/01/2025,11:00,clear,17.3,0.0,10000.0
WS-NORTH,02/01/2025,12:00,Clear,19.4,0.0,10000.0
WS-NORTH,02/01/2025,13:00,Clear,18.7,0.0,10000.0
WS-NORTH,02/01/2025,14:00,Clear,17.4,0.0,10000.0
WS-NORTH,02/01/2025,15:00,CLEAR,17.1,0.0,10000.0
WS-NORTH,02/01/2025,16:00,Clear,19.4,0.0,10000.0
WS-NORTH,02/01/2025,17:00,Clear,18.0,0.0,10000.0
WS-NORTH,02/01/2025,18:00,Clear,18.7,0.0,10000.0
WS-NORTH,02/01/2025,19:00,Clear,14.9,0.0,10000.0
WS-NORTH,02/01/2025,20:00,Clear,12.5,0.0,10000.0
WS-NORTH,02/01/2025,21:00,CLEAR,12.6,0.0,10000.0
WS-NORTH,02/01/2025,22:00,Clear,13.0,0.0,10000.0
WS-NORTH,02/01/2025,23:00,clear,12.3,0.0,10000.0
WS-NORTH,03/01/2025,00:00,Clear,10.3,0.0,10000.0
WS-NORTH,03/01/2025,01:00,Clear,9.6,0.0,10000.0
WS-NORTH,03/01/2025,02:00,Clear,9.4,0.0,10000.0
WS-NORTH,03/01/2025,03:00,Clear,9.1,0.0,10000.0
WS-NORTH,03/01/2025,04:00,Clear,11.5,0.0,10000.0
WS-NORTH,03/01/2025,05:00,CLEAR,9.0,0.0,10000.0
WS-NORTH,03/01/2025,06:00,Clear,11.1,0.0,10000.0
WS-NORTH,03/01/2025,07:00,Clear,11.8,0.0,10000.0
WS-NORTH,03/01/2025,08:00,Clear,12.2,0.0,10000.0
WS-NORTH,03/01/2025,09:00,Clear,15.0,0.0,10000.0
WS-NORTH,03/01/2025,10:00,Clear,15.3,0.0,10000.0
WS-NORTH,03/01/2025,11:00,Cloudy,16.6,0.0,10000.0
WS-NORTH,03/01/2025,12:00,Cloudy,15.9,0.0,10000.0
WS-NORTH,03/01/2025,13:00,Cloudy,20.9,0.0,10000.0
WS-NORTH,03/01/2025,14:00,Cloudy,18.6,0.0,10000.0
WS-NORTH,03/01/2025,15:00,Cloudy,19.4,0.0,10000.0
WS-NORTH,03/01/2025,16:00,clear,18.7,0.0,10000.0
WS-NORTH,03/01/2025,17:00,Clear,17.4,0.0,10000.0
WS-NORTH,03/01/2025,18:00,Clear,17.6,0.0,10000.0
WS-NORTH,03/01/2025,19:00,Clear,16.4,0.0,10000.0
WS-NORTH,03/01/2025,20:00,CLEAR,14.2,0.0,10000.0
WS-NORTH,03/01/2025,21:00,Clear,14.0,0.0,10000.0
WS-NORTH,03/01/2025,22:00,Clear,12.0,0.0,10000.0
WS-NORTH,03/01/2025,23:00,Clear,10.0,0.0,10000.0
WS-NORTH,04/01/2025,00:00,clear,11.3,0.0,10000.0
WS-NORTH,04/01/2025,01:00,clear,9.2,0.0,10000.0
WS-NORTH,04/01/2025,02:00,Clear,7.6,0.0,10000.0
WS-NORTH,04/01/2025,03:00,Clear,7.2,0.0,10000.0
WS-NORTH,04/01/2025,04:00,Clear,11.6,0.0,10000.0
WS-NORTH,04/01/2025,05:00,clear,8.3,0.0,10000.0
WS-NORTH,04/01/2025,06:00,Clear,9.6,0.0,10000.0
WS-NORTH,04/01/2025,07:00,Cloudy,11.8,0.0,10000.0
WS-NORTH,04/01/2025,08:00,Cloudy,11.6,0.0,10000.0
WS-NORTH,04/01/2025,09:00,Cloudy,13.0,0.0,10000.0
WS-NORTH,04/01/2025,10:00,Clear,14.5,0.0,10000.0
WS-NORTH,04/01/2025,11:00,Clear,17.6,0.0,10000.0
WS-NORTH,04/01/2025,12:00,CLEAR,17.7,0.0,10000.0
WS-NORTH,04/01/2025,13:00,Clear,18.3,0.0,10000.0
WS-NORTH,04/01/2025,14:00,Clear,19.7,0.0,10000.0
WS-NORTH,04/01/2025,15:00,Clear,16.4,0.0,10000.0
WS-NORTH,04/01/2025,16:00,Clear,18.6,0.0,10000.0
WS-NORTH,04/01/2025,17:00,CLEAR,18.6,0.0,10000.0
WS-NORTH,04/01/2025,18:00,Clear,16.7,0.0,10000.0
WS-NORTH,04/01/2025,19:00,Clear,16.0,0.0,10000.0
WS-NORTH,04/01/2025,20:00,CLEAR,15.7,0.0,10000.0
WS-NORTH,04/01/2025,21:00,Clear,14.1,0.0,10000.0
WS-NORTH,04/01/2025,22:00,Clear,11.4,0.0,10000.0
WS-NORTH,04/01/2025,23:00,Clear,13.2,0.0,10000.0
WS-NORTH,05/01/2025,00:00,Clear,11.2,0.0,10000.0
WS-NORTH,05/01/2025,01:00,clear,9.2,0.0,10000.0
WS-NORTH,05/01/2025,02:00,Clear,9.4,0.0,10000.0
WS-NORTH,05/01/2025,03:00,Clear,9.0,0.0,10000.0
WS-NORTH,05/01/2025,04:00,Clear,9.7,0.0,10000.0
WS-NORTH,05/01/2025,05:00,CLEAR,9.8,0.0,10000.0
WS-NORTH,05/01/2025,06:00,Clear,12.0,0.0,10000.0
WS-NORTH,05/01/2025,07:00,Cloudy,12.3,0.0,10000.0
WS-NORTH,05/01/2025,08:00,Cloudy,10.0,0.0,10000.0
WS-NORTH,05/01/2025,09:00,cloudy,14.7,0.0,10000.0
WS-NORTH,05/01/2025,10:00,Overcast,15.8,0.0,10000.0
WS-NORTH,05/01/2025,11:00,Cloudy,17.7,0.0,10000.0
WS-NORTH,05/01/2025,12:00,Overcast,15.5,0.0,10000.0
WS-NORTH,05/01/2025,13:00,Cloudy,21.4,0.0,10000.0
WS-NORTH,05/01/2025,14:00,clear,19.9,0.0,10000.0
WS-NORTH,05/01/2025,15:00,Clear,19.0,0.0,10000.0
WS-NORTH,05/01/2025,16:00,CLEAR,19.9,0.0,10000.0
WS-NORTH,05/01/2025,17:00,CLEAR,18.3,0.0,10000.0
WS-NORTH,05/01/2025,18:00,Clear,19.4,0.0,10000.0
WS-NORTH,05/01/2025,19:00,Clear,16.4,0.0,10000.0
WS-NORTH,05/01/2025,20:00,CLEAR,15.5,0.0,10000.0
WS-NORTH,05/01/2025,21:00,Clear,14.0,0.0,10000.0
WS-NORTH,05/01/2025,22:00,clear,12.4,0.0,10000.0
WS-NORTH,05/01/2025,23:00,Clear,12.1,0.0,10000.0
WS-NORTH,06/01/2025,00:00,Clear,10.7,0.0,10000.0
WS-NORTH,06/01/2025,01:00,Clear,9.8,0.0,10000.0
WS-NORTH,06/01/2025,02:00,clear,9.7,0.0,10000.0
WS-NORTH,06/01/2025,03:00,Clear,9.3,0.0,10000.0
WS-NORTH,06/01/2025,04:00,Fog,10.2,0.0,307.0
WS-NORTH,06/01/2025,05:00,Fog,11.6,0.0,806.0
WS-NORTH,06/01/2025,06:00,Clear,12.8,0.0,10000.0
WS-NORTH,06/01/2025,07:00,Clear,12.6,0.0,10000.0
WS-NORTH,06/01/2025,08:00,clear,11.0,0.0,10000.0
WS-NORTH,06/01/2025,09:00,Overcast,12.8,0.0,10000.0
WS-NORTH,06/01/2025,10:00,Overcast,15.6,0.0,10000.0
WS-NORTH,06/01/2025,11:00,Cloudy,16.9,0.0,
WS-NORTH,06/01/2025,12:00,Clear,17.0,0.0,10000.0
WS-NORTH,06/01/2025,13:00,Clear,18.5,0.0,10000.0
WS-NORTH,06/01/2025,14:00,Clear,18.6,0.0,10000.0
WS-NORTH,06/01/2025,15:00,Clear,20.1,0.0,10000.0
WS-NORTH,06/01/2025,16:00,Clear,18.7,0.0,10000.0
WS-NORTH,06/01/2025,17:00,Clear,18.8,0.0,10000.0
WS-NORTH,06/01/2025,18:00,clear,16.6,0.0,10000.0
WS-NORTH,06/01/2025,19:00,Clear,18.8,0.0,10000.0
WS-NORTH,06/01/2025,20:00,Clear,15.2,0.0,10000.0
WS-NORTH,06/01/2025,21:00,Cloudy,15.4,0.0,10000.0
WS-NORTH,06/01/2025,22:00,Cloudy,14.9,0.0,10000.0
WS-NORTH,06/01/2025,23:00,cloudy,11.1,0.0,10000.0
WS-NORTH,07/01/2025,00:00,Clear,11.1,0.0,10000.0
WS-NORTH,07/01/2025,01:00,clear,10.0,0.0,10000.0
WS-NORTH,07/01/2025,02:00,Cloudy,9.0,0.0,10000.0
WS-NORTH,07/01/2025,03:00,cloudy,9.1,0.0,10000.0
WS-NORTH,07/01/2025,04:00,Cloudy,8.2,0.0,10000.0
WS-NORTH,07/01/2025,05:00,Overcast,9.8,0.0,10000.0
WS-NORTH,07/01/2025,06:00,Cloudy,10.5,0.0,10000.0
WS-NORTH,07/01/2025,07:00,Cloudy,,0.0,10000.0
WS-NORTH,07/01/2025,08:00,clear,12.5,0.0,10000.0
WS-NORTH,07/01/2025,09:00,Clear,13.0,0.0,10000.0
WS-NORTH,07/01/2025,10:00,Clear,17.2,0.0,10000.0
WS-NORTH,07/01/2025,11:00,Clear,17.9,0.0,10000.0
WS-NORTH,07/01/2025,12:00,CLEAR,17.4,0.0,10000.0
WS-NORTH,07/01/2025,13:00,Clear,19.4,0.0,10000.0
WS-NORTH,07/01/2025,14:00,Clear,18.9,0.0,10000.0
WS-NORTH,07/01/2025,15:00,CLEAR,17.0,0.0,10000.0
WS-NORTH,07/01/2025,16:00,Clear,19.6,0.0,10000.0
WS-NORTH,07/01/2025,17:00,clear,17.7,0.0,10000.0
WS-NORTH,07/01/2025,18:00,CLEAR,18.8,0.0,10000.0
WS-NORTH,07/01/2025,19:00,Clear,,0.0,10000.0
WS-NORTH,07/01/2025,20:00,Clear,17.3,0.0,10000.0
WS-NORTH,07/01/2025,21:00,Clear,14.3,0.0,10000.0
WS-NORTH,07/01/2025,22:00,clear,13.3,0.0,10000.0
WS-NORTH,07/01/2025,23:00,Clear,12.1,0.0,10000.0
WS-NORTH,08/01/2025,00:00,Clear,11.7,0.0,10000.0
WS-NORTH,08/01/2025,01:00,CLEAR,8.1,0.0,10000.0
WS-NORTH,08/01/2025,02:00,Clear,10.0,0.0,10000.0
WS-NORTH,08/01/2025,03:00,clear,8.2,0.0,10000.0
WS-NORTH,08/01/2025,04:00,Clear,10.2,0.0,10000.0
WS-NORTH,08/01/2025,05:00,CLEAR,11.9,0.0,10000.0
WS-NORTH,08/01/2025,06:00,Clear,9.6,0.0,10000.0
WS-NORTH,08/01/2025,07:00,Clear,13.0,0.0,10000.0
WS-NORTH,08/01/2025,08:00,Clear,13.4,0.0,10000.0
WS-NORTH,08/01/2025,09:00,Clear,15.2,0.0,10000.0
WS-NORTH,08/01/2025,10:00,clear,16.1,0.0,10000.0
WS-NORTH,08/01/2025,11:00,Clear,17.2,0.0,10000.0
WS-NORTH,08/01/2025,12:00,CLEAR,18.8,0.0,10000.0
WS-NORTH,08/01/2025,13:00,clear,19.3,0.0,10000.0
WS-NORTH,08/01/2025,14:00,clear,17.8,0.0,10000.0
WS-NORTH,08/01/2025,15:00,Clear,21.0,0.0,10000.0
WS-NORTH,08/01/2025,16:00,Clear,18.7,0.0,10000.0
WS-NORTH,08/01/2025,17:00,clear,17.8,0.0,10000.0
WS-NORTH,08/01/2025,18:00,Clear,19.0,0.0,10000.0
WS-NORTH,08/01/2025,19:00,clear,16.1,0.0,10000.0
WS-NORTH,08/01/2025,20:00,CLEAR,14.2,0.0,10000.0
WS-NORTH,08/01/2025,21:00,Clear,11.8,0.0,10000.0
WS-NORTH,08/01/2025,22:00,Clear,14.4,0.0,10000.0
WS-NORTH,08/01/2025,23:00,Clear,13.5,0.0,10000.0
WS-NORTH,09/01/2025,00:00,CLEAR,11.4,0.0,10000.0
WS-NORTH,09/01/2025,01:00,clear,10.8,0.0,10000.0
WS-NORTH,09/01/2025,02:00,clear,10.1,0.0,10000.0
WS-NORTH,09/01/2025,03:00,clear,8.9,0.0,10000.0
WS-NORTH,09/01/2025,04:00,Clear,11.9,0.0,10000.0
WS-NORTH,09/01/2025,05:00,CLEAR,12.7,0.0,10000.0
WS-NORTH,09/01/2025,06:00,CLEAR,12.0,0.0,10000.0
WS-NORTH,09/01/2025,07:00,Clear,13.8,0.0,10000.0
WS-NORTH,09/01/2025,08:00,CLEAR,12.0,0.0,10000.0
WS-NORTH,09/01/2025,09:00,Clear,14.5,0.0,10000.0
WS-NORTH,09/01/2025,10:00,Clear,15.3,0.0,10000.0
WS-NORTH,09/01/2025,11:00,CLEAR,18.2,0.0,10000.0
WS-NORTH,09/01/2025,12:00,CLEAR,18.8,0.0,10000.0
WS-NORTH,09/01/2025,13:00,Cloudy,18.6,0.0,10000.0
WS-NORTH,09/01/2025,14:00,Overcast,,0.0,10000.0
WS-NORTH,09/01/2025,15:00,Clear,18.7,0.0,10000.0
WS-NORTH,09/01/2025,16:00,Clear,19.9,0.0,10000.0
WS-NORTH,09/01/2025,17:00,Clear,18.8,0.0,10000.0
WS-NORTH,09/01/2025,18:00,Clear,18.1,0.0,10000.0
WS-NORTH,09/01/2025,19:00,Clear,18.1,0.0,10000.0
WS-NORTH,09/01/2025,20:00,Clear,15.3,0.0,10000.0
WS-NORTH,09/01/2025,21:00,clear,15.3,0.0,10000.0
WS-NORTH,09/01/2025,22:00,Clear,13.6,0.0,10000.0
WS-NORTH,09/01/2025,23:00,CLEAR,11.3,0.0,10000.0
WS-NORTH,10/01/2025,00:00,Clear,10.9,0.0,10000.0
WS-NORTH,10/01/2025,01:00,Clear,10.4,0.0,10000.0
WS-NORTH,10/01/2025,02:00,Clear,8.1,0.0,10000.0
WS-NORTH,10/01/2025,03:00,Clear,10.2,0.0,10000.0
WS-NORTH,10/01/2025,04:00,clear,10.7,0.0,10000.0
WS-NORTH,10/01/2025,05:00,CLEAR,10.2,0.0,10000.0
WS-NORTH,10/01/2025,06:00,Clear,10.8,0.0,
WS-NORTH,10/01/2025,07:00,CLEAR,11.4,0.0,10000.0
WS-NORTH,10/01/2025,08:00,CLEAR,13.4,0.0,10000.0
WS-NORTH,10/01/2025,09:00,Clear,14.8,0.0,10000.0
WS-NORTH,10/01/2025,10:00,Clear,16.6,0.0,10000.0
WS-NORTH,10/01/2025,11:00,Clear,17.7,0.0,10000.0
WS-NORTH,10/01/2025,12:00,CLEAR,17.9,0.0,10000.0
WS-NORTH,10/01/2025,13:00,Clear,22.8,0.0,10000.0
WS-NORTH,10/01/2025,14:00,Clear,18.6,0.0,10000.0
WS-NORTH,10/01/2025,15:00,Cloudy,17.1,0.0,10000.0
WS-NORTH,10/01/2025,16:00,Overcast,19.8,0.0,10000.0
WS-NORTH,10/01/2025,17:00,Cloudy,18.6,0.0,10000.0
WS-NORTH,10/01/2025,18:00,cloudy,19.5,0.0,10000.0
WS-NORTH,10/01/2025,19:00,Clear,17.0,0.0,10000.0
WS-NORTH,10/01/2025,20:00,Clear,15.7,0.0,10000.0
WS-NORTH,10/01/2025,21:00,CLEAR,15.8,0.0,10000.0
WS-NORTH,10/01/2025,22:00,Clear,13.3,0.0,10000.0
WS-NORTH,10/01/2025,23:00,Clear,13.2,0.0,10000.0
WS-NORTH,11/01/2025,00:00,Clear,9.3,0.0,10000.0
WS-NORTH,11/01/2025,01:00,Clear,8.3,0.0,10000.0
WS-NORTH,11/01/2025,02:00,Clear,8.8,0.0,10000.0
WS-NORTH,11/01/2025,03:00,Clear,9.4,0.0,10000.0
WS-NORTH,11/01/2025,04:00,Clear,9.0,0.0,10000.0
WS-NORTH,11/01/2025,05:00,CLEAR,10.5,0.0,10000.0
WS-NORTH,11/01/2025,06:00,CLEAR,13.2,0.0,10000.0
WS-NORTH,11/01/2025,07:00,CLEAR,9.9,0.0,10000.0
WS-NORTH,11/01/2025,08:00,Clear,11.9,0.0,10000.0
WS-NORTH,11/01/2025,09:00,Clear,15.5,0.0,10000.0
WS-NORTH,11/01/2025,10:00,Overcast,15.2,0.0,10000.0
WS-NORTH,11/01/2025,11:00,Cloudy,17.3,0.0,10000.0
WS-NORTH,11/01/2025,12:00,Cloudy,16.4,0.0,10000.0
WS-NORTH,11/01/2025,13:00,Overcast,17.8,0.0,10000.0
WS-NORTH,11/01/2025,14:00,cloudy,21.7,0.0,10000.0
WS-NORTH,11/01/2025,15:00,CLEAR,19.9,0.0,10000.0
WS-NORTH,11/01/2025,16:00,Clear,21.5,0.0,10000.0
WS-NORTH,11/01/2025,17:00,Clear,19.4,0.0,10000.0
WS-NORTH,11/01/2025,18:00,Cloudy,18.7,0.0,10000.0
WS-NORTH,11/01/2025,19:00,Cloudy,16.7,0.0,10000.0
WS-NORTH,11/01/2025,20:00,Cloudy,17.5,0.0,10000.0
WS-NORTH,11/01/2025,21:00,Cloudy,13.7,0.0,10000.0
WS-NORTH,11/01/2025,22:00,Cloudy,12.6,0.0,10000.0
WS-NORTH,11/01/2025,23:00,Cloudy,12.2,0.0,10000.0
WS-NORTH,12/01/2025,00:00,Clear,10.0,0.0,10000.0
WS-NORTH,12/01/2025,01:00,clear,9.6,0.0,10000.0
WS-NORTH,12/01/2025,02:00,Clear,10.0,0.0,10000.0
WS-NORTH,12/01/2025,03:00,Clear,9.4,0.0,10000.0
WS-NORTH,12/01/2025,04:00,clear,10.6,0.0,10000.0
WS-NORTH,12/01/2025,05:00,Clear,10.7,0.0,10000.0
WS-NORTH,12/01/2025,06:00,CLEAR,14.3,0.0,10000.0
WS-NORTH,12/01/2025,07:00,CLEAR,11.6,0.0,10000.0
WS-NORTH,12/01/2025,08:00,CLEAR,13.6,0.0,10000.0
WS-NORTH,12/01/2025,09:00,clear,16.5,0.0,10000.0
WS-NORTH,12/01/2025,10:00,Clear,17.0,0.0,10000.0
WS-NORTH,12/01/2025,11:00,Clear,16.8,0.0,10000.0
WS-NORTH,12/01/2025,12:00,Clear,16.0,0.0,10000.0
WS-NORTH,12/01/2025,13:00,Clear,17.5,0.0,10000.0
WS-NORTH,12/01/2025,14:00,Clear,18.9,0.0,10000.0
WS-NORTH,12/01/2025,15:00,Clear,19.2,0.0,10000.0
WS-NORTH,12/01/2025,16:00,clear,20.8,0.0,10000.0
WS-NORTH,12/01/2025,17:00,Clear,15.2,0.0,10000.0
WS-NORTH,12/01/2025,18:00,Overcast,20.2,0.0,10000.0
WS-NORTH,12/01/2025,19:00,Cloudy,16.2,0.0,10000.0
WS-NORTH,12/01/2025,20:00,Cloudy,15.0,0.0,10000.0
WS-NORTH,12/01/2025,21:00,Cloudy,15.6,0.0,10000.0
WS-NORTH,12/01/2025,22:00,Cloudy,13.1,0.0,10000.0
WS-NORTH,12/01/2025,23:00,Overcast,10.8,0.0,10000.0
WS-NORTH,13/01/2025,00:00,Clear,11.7,0.0,10000.0
WS-NORTH,13/01/2025,01:00,Rain,10.7,6.3,4548.0
WS-NORTH,13/01/2025,02:00,rain ,7.7,4.0,2983.0
WS-NORTH,13/01/2025,03:00,Rain,,2.1,2245.0
WS-NORTH,13/01/2025,04:00,Clear,10.5,0.0,10000.0
WS-NORTH,13/01/2025,05:00,Clear,10.3,0.0,10000.0
WS-NORTH,13/01/2025,06:00,Clear,11.4,0.0,10000.0
WS-NORTH,13/01/2025,07:00,Clear,10.1,0.0,10000.0
WS-NORTH,13/01/2025,08:00,Cloudy,14.4,0.0,10000.0
WS-NORTH,13/01/2025,09:00,Cloudy,13.7,0.0,10000.0
WS-NORTH,13/01/2025,10:00,Overcast,15.2,0.0,10000.0
WS-NORTH,13/01/2025,11:00,clear,18.1,0.0,10000.0
WS-NORTH,13/01/2025,12:00,Clear,19.8,0.0,10000.0
WS-NORTH,13/01/2025,13:00,Clear,20.9,0.0,10000.0
WS-NORTH,13/01/2025,14:00,Clear,16.9,0.0,10000.0
WS-NORTH,13/01/2025,15:00,Overcast,19.1,0.0,10000.0
WS-NORTH,13/01/2025,16:00,Cloudy,18.8,0.0,10000.0
WS-NORTH,13/01/2025,17:00,Overcast,18.5,0.0,
WS-NORTH,13/01/2025,18:00,Cloudy,18.5,0.0,10000.0
WS-NORTH,13/01/2025,19:00,Cloudy,17.4,0.0,10000.0
WS-NORTH,13/01/2025,20:00,Cloudy,17.2,0.0,10000.0
WS-NORTH,13/01/2025,21:00,Overcast,13.9,0.0,10000.0
WS-NORTH,13/01/2025,22:00,Clear,14.8,0.0,10000.0
WS-NORTH,13/01/2025,23:00,rain ,11.5,5.4,2557.0
WS-NORTH,14/01/2025,00:00,Rain,12.7,3.4,2204.0
WS-NORTH,14/01/2025,01:00,Cloudy,9.7,0.0,10000.0
WS-NORTH,14/01/2025,02:00,cloudy,8.7,0.0,10000.0
WS-NORTH,14/01/2025,03:00,Cloudy,7.9,0.0,10000.0
WS-NORTH,14/01/2025,04:00,Clear,12.0,0.0,10000.0
WS-NORTH,14/01/2025,05:00,Clear,,0.0,10000.0
WS-NORTH,14/01/2025,06:00,Clear,12.2,0.0,10000.0
WS-NORTH,14/01/2025,07:00,CLEAR,13.7,0.0,10000.0
WS-NORTH,14/01/2025,08:00,Clear,14.0,0.0,10000.0
WS-NORTH,14/01/2025,09:00,CLEAR,13.3,0.0,10000.0
WS-NORTH,14/01/2025,10:00,clear,15.1,0.0,10000.0
WS-NORTH,14/01/2025,11:00,rain ,17.7,6.3,2791.0
WS-NORTH,14/01/2025,12:00,rain ,18.0,2.5,2122.0
WS-NORTH,14/01/2025,13:00,Rain,18.9,4.0,3512.0
WS-NORTH,14/01/2025,14:00,Rain,21.2,3.7,3492.0
WS-NORTH,14/01/2025,15:00,Clear,20.3,0.0,10000.0
WS-NORTH,14/01/2025,16:00,Clear,17.6,0.0,10000.0
WS-NORTH,14/01/2025,17:00,CLEAR,18.4,0.0,10000.0
WS-NORTH,14/01/2025,18:00,cloudy,20.7,0.0,10000.0
WS-NORTH,14/01/2025,19:00,Cloudy,19.1,0.0,10000.0
WS-NORTH,14/01/2025,20:00,Cloudy,15.0,0.0,10000.0
WS-NORTH,14/01/2025,21:00,Cloudy,15.8,0.0,10000.0
WS-NORTH,14/01/2025,22:00,Cloudy,12.0,0.0,10000.0
WS-NORTH,14/01/2025,23:00,CLEAR,12.4,0.0,10000.0
WS-NORTH,15/01/2025,00:00,Clear,11.1,0.0,10000.0
WS-NORTH,15/01/2025,01:00,clear,11.4,0.0,10000.0
WS-NORTH,15/01/2025,02:00,Clear,10.1,0.0,10000.0
WS-NORTH,15/01/2025,03:00,clear,11.1,0.0,10000.0
WS-NORTH,15/01/2025,04:00,Clear,9.6,0.0,10000.0
WS-NORTH,15/01/2025,05:00,cloudy,,0.0,10000.0
WS-NORTH,15/01/2025,06:00,Overcast,9.5,0.0,10000.0
WS-NORTH,15/01/2025,07:00,Cloudy,12.6,0.0,10000.0
WS-NORTH,15/01/2025,08:00,Cloudy,13.3,0.0,10000.0
WS-NORTH,15/01/2025,09:00,Cloudy,15.8,0.0,10000.0
WS-NORTH,15/01/2025,10:00,Clear,15.8,0.0,10000.0
WS-NORTH,15/01/2025,11:00,Clear,15.6,0.0,10000.0
WS-NORTH,15/01/2025,12:00,CLEAR,17.5,0.0,10000.0
WS-NORTH,15/01/2025,13:00,clear,16.9,0.0,10000.0
WS-NORTH,15/01/2025,14:00,Clear,21.4,0.0,10000.0
WS-NORTH,15/01/2025,15:00,Clear,20.6,0.0,10000.0
WS-NORTH,15/01/2025,16:00,Clear,22.8,0.0,10000.0
WS-NORTH,15/01/2025,17:00,CLEAR,19.2,0.0,10000.0
WS-NORTH,15/01/2025,18:00,Clear,18.9,0.0,10000.0
WS-NORTH,15/01/2025,19:00,CLEAR,16.9,0.0,10000.0
WS-NORTH,15/01/2025,20:00,CLEAR,17.1,0.0,10000.0
WS-NORTH,15/01/2025,21:00,clear,12.9,0.0,10000.0
WS-NORTH,15/01/2025,22:00,Clear,11.4,0.0,10000.0
WS-NORTH,15/01/2025,23:00,Clear,13.0,0.0,10000.0
WS-NORTH,16/01/2025,00:00,Clear,10.8,0.0,10000.0
WS-NORTH,16/01/2025,01:00,Clear,10.9,0.0,10000.0
WS-NORTH,16/01/2025,02:00,Cloudy,9.5,0.0,10000.0
WS-NORTH,16/01/2025,03:00,cloudy,9.9,0.0,10000.0
WS-NORTH,16/01/2025,04:00,Cloudy,10.4,0.0,10000.0
WS-NORTH,16/01/2025,05:00,Overcast,9.2,0.0,10000.0
WS-NORTH,16/01/2025,06:00,Cloudy,9.8,0.0,10000.0
WS-NORTH,16/01/2025,07:00,Overcast,10.3,0.0,10000.0
WS-NORTH,16/01/2025,08:00,cloudy,13.9,0.0,10000.0
WS-NORTH,16/01/2025,09:00,clear,12.4,0.0,10000.0
WS-NORTH,16/01/2025,10:00,Clear,17.8,0.0,10000.0
WS-NORTH,16/01/2025,11:00,Clear,14.8,0.0,10000.0
WS-NORTH,16/01/2025,12:00,Clear,18.6,0.0,10000.0
WS-NORTH,16/01/2025,13:00,Clear,18.5,0.0,10000.0
WS-NORTH,16/01/2025,14:00,Clear,20.3,0.0,10000.0
WS-NORTH,16/01/2025,15:00,Clear,20.5,0.0,10000.0
WS-NORTH,16/01/2025,16:00,Clear,20.9,0.0,10000.0
WS-NORTH,16/01/2025,17:00,Clear,18.9,0.0,10000.0
WS-NORTH,16/01/2025,18:00,Clear,16.7,0.0,10000.0
WS-NORTH,16/01/2025,19:00,Clear,17.0,0.0,10000.0
WS-NORTH,16/01/2025,20:00,Clear,15.7,0.0,10000.0
WS-NORTH,16/01/2025,21:00,Clear,14.9,0.0,10000.0
WS-NORTH,16/01/2025,22:00,Clear,12.9,0.0,10000.0
WS-NORTH,16/01/2025,23:00,Clear,12.4,0.0,10000.0
WS-NORTH,17/01/2025,00:00,Clear,9.6,0.0,10000.0
WS-NORTH,17/01/2025,01:00,Clear,11.0,0.0,10000.0
WS-NORTH,17/01/2025,02:00,Clear,9.9,0.0,10000.0
WS-NORTH,17/01/2025,03:00,Clear,8.8,0.0,10000.0
WS-NORTH,17/01/2025,04:00,Clear,12.0,0.0,10000.0
WS-NORTH,17/01/2025,05:00,CLEAR,12.1,0.0,10000.0
WS-NORTH,17/01/2025,06:00,Clear,11.0,0.0,
WS-NORTH,17/01/2025,07:00,CLEAR,12.5,0.0,10000.0
WS-NORTH,17/01/2025,08:00,Clear,13.9,0.0,10000.0
WS-NORTH,17/01/2025,09:00,Clear,15.7,0.0,10000.0
WS-NORTH,17/01/2025,10:00,Clear,15.5,0.0,10000.0
WS-NORTH,17/01/2025,11:00,clear,16.2,0.0,10000.0
WS-NORTH,17/01/2025,12:00,Cloudy,18.5,0.0,10000.0
WS-NORTH,17/01/2025,13:00,Cloudy,17.2,0.0,10000.0
WS-NORTH,17/01/2025,14:00,Cloudy,19.9,0.0,10000.0
WS-NORTH,17/01/2025,15:00,Cloudy,20.7,0.0,
WS-NORTH,17/01/2025,16:00,cloudy,16.6,0.0,10000.0
WS-NORTH,17/01/2025,17:00,Clear,18.7,0.0,10000.0
WS-NORTH,17/01/2025,18:00,Clear,18.8,0.0,10000.0
WS-NORTH,17/01/2025,19:00,Cloudy,16.1,0.0,10000.0
WS-NORTH,17/01/2025,20:00,cloudy,15.2,0.0,10000.0
WS-NORTH,17/01/2025,21:00,cloudy,15.4,0.0,10000.0
WS-NORTH,17/01/2025,22:00,Cloudy,,0.0,10000.0
WS-NORTH,17/01/2025,23:00,Cloudy,9.9,0.0,10000.0
WS-NORTH,18/01/2025,00:00,Cloudy,11.6,0.0,10000.0
WS-NORTH,18/01/2025,01:00,clear,10.2,0.0,10000.0
WS-NORTH,18/01/2025,02:00,Clear,10.9,0.0,10000.0
WS-NORTH,18/01/2025,03:00,Overcast,8.3,0.0,10000.0
WS-NORTH,18/01/2025,04:00,Fog,11.6,0.0,657.0
WS-NORTH,18/01/2025,05:00,Fog,12.1,0.0,382.0
WS-NORTH,18/01/2025,06:00,Clear,12.2,0.0,10000.0
WS-NORTH,18/01/2025,07:00,CLEAR,12.9,0.0,10000.0
WS-NORTH,18/01/2025,08:00,CLEAR,15.4,0.0,10000.0
WS-NORTH,18/01/2025,09:00,Clear,16.6,0.0,10000.0
WS-NORTH,18/01/2025,10:00,clear,14.9,0.0,10000.0
WS-NORTH,18/01/2025,11:00,Clear,17.5,0.0,10000.0
WS-NORTH,18/01/2025,12:00,CLEAR,16.9,0.0,10000.0
WS-NORTH,18/01/2025,13:00,Clear,19.8,0.0,10000.0
WS-NORTH,18/01/2025,14:00,Clear,18.3,0.0,10000.0
WS-NORTH,18/01/2025,15:00,Clear,21.2,0.0,10000.0
WS-NORTH,18/01/2025,16:00,Clear,20.6,0.0,10000.0
WS-NORTH,18/01/2025,17:00,Clear,18.6,0.0,10000.0
WS-NORTH,18/01/2025,18:00,Clear,19.3,0.0,10000.0
WS-NORTH,18/01/2025,19:00,Clear,16.1,0.0,10000.0
WS-NORTH,18/01/2025,20:00,Clear,15.0,0.0,10000.0
WS-NORTH,18/01/2025,21:00,Clear,14.4,0.0,10000.0
WS-NORTH,18/01/2025,22:00,Cloudy,13.0,0.0,10000.0
WS-NORTH,18/01/2025,23:00,Overcast,11.8,0.0,10000.0
WS-NORTH,19/01/2025,00:00,clear,11.8,0.0,10000.0
WS-NORTH,19/01/2025,01:00,Clear,10.4,0.0,10000.0
WS-NORTH,19/01/2025,02:00,clear,11.7,0.0,10000.0
WS-NORTH,19/01/2025,03:00,Clear,9.8,0.0,10000.0
WS-NORTH,19/01/2025,04:00,CLEAR,10.8,0.0,10000.0
WS-NORTH,19/01/2025,05:00,Clear,11.4,0.0,10000.0
WS-NORTH,19/01/2025,06:00,Clear,12.0,0.0,10000.0
WS-NORTH,19/01/2025,07:00,Clear,11.8,0.0,10000.0
WS-NORTH,19/01/2025,08:00,Cloudy,12.2,0.0,10000.0
WS-NORTH,19/01/2025,09:00,Cloudy,15.7,0.0,10000.0
WS-NORTH,19/01/2025,10:00,Cloudy,16.2,0.0,10000.0
WS-NORTH,19/01/2025,11:00,Cloudy,19.2,0.0,10000.0
WS-NORTH,19/01/2025,12:00,CLEAR,20.0,0.0,10000.0
WS-NORTH,19/01/2025,13:00,Clear,17.2,0.0,10000.0
WS-NORTH,19/01/2025,14:00,Clear,18.0,0.0,10000.0
WS-NORTH,19/01/2025,15:00,Clear,20.4,0.0,10000.0
WS-NORTH,19/01/2025,16:00,Clear,21.9,0.0,10000.0
WS-NORTH,19/01/2025,17:00,CLEAR,19.1,0.0,10000.0
WS-NORTH,19/01/2025,18:00,Clear,17.1,0.0,10000.0
WS-NORTH,19/01/2025,19:00,Clear,17.9,0.0,10000.0
WS-NORTH,19/01/2025,20:00,Clear,14.3,0.0,10000.0
WS-NORTH,19/01/2025,21:00,Clear,15.6,0.0,10000.0
WS-NORTH,19/01/2025,22:00,Clear,14.5,0.0,10000.0
WS-NORTH,19/01/2025,23:00,CLEAR,12.1,0.0,10000.0
WS-NORTH,20/01/2025,00:00,Clear,11.3,0.0,10000.0
WS-NORTH,20/01/2025,01:00,Clear,11.2,0.0,10000.0
WS-NORTH,20/01/2025,02:00,Clear,8.9,0.0,10000.0
WS-NORTH,20/01/2025,03:00,Clear,8.5,0.0,10000.0
WS-NORTH,20/01/2025,04:00,clear,12.0,0.0,10000.0
WS-NORTH,20/01/2025,05:00,Clear,9.9,0.0,10000.0
WS-NORTH,20/01/2025,06:00,CLEAR,11.7,0.0,10000.0
WS-NORTH,20/01/2025,07:00,CLEAR,11.3,0.0,10000.0
WS-NORTH,20/01/2025,08:00,Clear,13.9,0.0,10000.0
WS-NORTH,20/01/2025,09:00,Clear,13.4,0.0,10000.0
WS-NORTH,20/01/2025,10:00,Clear,15.6,0.0,10000.0
WS-NORTH,20/01/2025,11:00,CLEAR,17.0,0.0,10000.0
WS-NORTH,20/01/2025,12:00,CLEAR,20.0,0.0,10000.0
WS-NORTH,20/01/2025,13:00,Clear,20.9,0.0,10000.0
WS-NORTH,20/01/2025,14:00,Clear,19.2,0.0,10000.0
WS-NORTH,20/01/2025,15:00,clear,20.0,0.0,10000.0
WS-NORTH,20/01/2025,16:00,CLEAR,21.3,0.0,10000.0
WS-NORTH,20/01/2025,17:00,clear,18.1,0.0,10000.0
WS-NORTH,20/01/2025,18:00,Clear,18.4,0.0,10000.0
WS-NORTH,20/01/2025,19:00,Cloudy,16.1,0.0,10000.0
WS-NORTH,20/01/2025,20:00,Overcast,17.4,0.0,10000.0
WS-NORTH,20/01/2025,21:00,cloudy,15.2,0.0,10000.0
WS-NORTH,20/01/2025,22:00,Cloudy,14.2,0.0,10000.0
WS-NORTH,20/01/2025,23:00,Clear,16.0,0.0,10000.0
WS-NORTH,21/01/2025,00:00,Clear,11.7,0.0,10000.0
WS-NORTH,21/01/2025,01:00,Clear,9.9,0.0,10000.0
WS-NORTH,21/01/2025,02:00,Clear,9.5,0.0,10000.0
WS-NORTH,21/01/2025,03:00,Clear,10.9,0.0,10000.0
WS-NORTH,21/01/2025,04:00,CLEAR,11.5,0.0,10000.0
WS-NORTH,21/01/2025,05:00,Clear,11.1,0.0,10000.0
WS-NORTH,21/01/2025,06:00,Clear,10.8,0.0,10000.0
WS-NORTH,21/01/2025,07:00,Clear,13.6,0.0,10000.0
WS-NORTH,21/01/2025,08:00,Clear,14.9,0.0,10000.0
WS-NORTH,21/01/2025,09:00,Clear,15.1,0.0,10000.0
WS-NORTH,21/01/2025,10:00,Clear,16.1,0.0,10000.0
WS-NORTH,21/01/2025,11:00,Clear,17.4,0.0,10000.0
WS-NORTH,21/01/2025,12:00,Rain,17.2,5.6,2496.0
WS-NORTH,21/01/2025,13:00,RAIN,18.5,6.5,4954.0
WS-NORTH,21/01/2025,14:00,RAIN,19.7,3.5,1946.0
WS-NORTH,21/01/2025,15:00,Clear,23.1,0.0,10000.0
WS-NORTH,21/01/2025,16:00,Cloudy,20.1,0.0,10000.0
WS-NORTH,21/01/2025,17:00,Cloudy,17.8,0.0,10000.0
WS-NORTH,21/01/2025,18:00,Cloudy,21.7,0.0,10000.0
WS-NORTH,21/01/2025,19:00,Cloudy,15.4,0.0,10000.0
WS-NORTH,21/01/2025,20:00,Cloudy,18.2,0.0,10000.0
WS-NORTH,21/01/2025,21:00,CLEAR,15.1,0.0,10000.0
WS-NORTH,21/01/2025,22:00,Clear,13.1,0.0,10000.0
WS-NORTH,21/01/2025,23:00,Clear,10.6,0.0,
WS-NORTH,22/01/2025,00:00,Clear,12.6,0.0,10000.0
WS-NORTH,22/01/2025,01:00,Clear,10.5,0.0,10000.0
WS-NORTH,22/01/2025,02:00,clear,10.8,0.0,10000.0
WS-NORTH,22/01/2025,03:00,Clear,11.2,0.0,10000.0
WS-NORTH,22/01/2025,04:00,Clear,10.0,0.0,10000.0
WS-NORTH,22/01/2025,05:00,Clear,9.2,0.0,10000.0
WS-NORTH,22/01/2025,06:00,CLEAR,,0.0,10000.0
WS-NORTH,22/01/2025,07:00,Cloudy,12.4,0.0,10000.0
WS-NORTH,22/01/2025,08:00,Cloudy,13.3,0.0,10000.0
WS-NORTH,22/01/2025,09:00,Overcast,15.5,0.0,10000.0
WS-NORTH,22/01/2025,10:00,Cloudy,18.0,0.0,10000.0
WS-NORTH,22/01/2025,11:00,Overcast,19.7,0.0,10000.0
WS-NORTH,22/01/2025,12:00,Overcast,17.7,0.0,10000.0
WS-NORTH,22/01/2025,13:00,Overcast,20.0,0.0,10000.0
WS-NORTH,22/01/2025,14:00,Clear,18.5,0.0,10000.0
WS-NORTH,22/01/2025,15:00,Clear,20.7,0.0,10000.0
WS-NORTH,22/01/2025,16:00,clear,19.7,0.0,10000.0
WS-NORTH,22/01/2025,17:00,Clear,19.8,0.0,10000.0
WS-NORTH,22/01/2025,18:00,Clear,18.7,0.0,10000.0
WS-NORTH,22/01/2025,19:00,Clear,16.9,0.0,10000.0
WS-NORTH,22/01/2025,20:00,Clear,13.2,0.0,10000.0
WS-NORTH,22/01/2025,21:00,CLEAR,13.7,0.0,10000.0
WS-NORTH,22/01/2025,22:00,Clear,13.3,0.0,10000.0
WS-NORTH,22/01/2025,23:00,Clear,13.4,0.0,10000.0
WS-NORTH,23/01/2025,00:00,CLEAR,11.9,0.0,10000.0
WS-NORTH,23/01/2025,01:00,CLEAR,12.3,0.0,10000.0
WS-NORTH,23/01/2025,02:00,Clear,9.3,0.0,10000.0
WS-NORTH,23/01/2025,03:00,CLEAR,11.5,0.0,10000.0
WS-NORTH,23/01/2025,04:00,Rain,11.6,6.2,2702.0
WS-NORTH,23/01/2025,05:00,Clear,,0.0,10000.0
WS-NORTH,23/01/2025,06:00,Clear,11.2,0.0,10000.0
WS-NORTH,23/01/2025,07:00,Clear,11.4,0.0,10000.0
WS-NORTH,23/01/2025,08:00,Clear,13.4,0.0,10000.0
WS-NORTH,23/01/2025,09:00,CLEAR,13.6,0.0,10000.0
WS-NORTH,23/01/2025,10:00,Clear,16.3,0.0,10000.0
WS-NORTH,23/01/2025,11:00,Clear,18.4,0.0,10000.0
WS-NORTH,23/01/2025,12:00,CLEAR,19.3,0.0,10000.0
WS-NORTH,23/01/2025,13:00,CLEAR,20.3,0.0,10000.0
WS-NORTH,23/01/2025,14:00,Clear,19.0,0.0,10000.0
WS-NORTH,23/01/2025,15:00,Clear,20.8,0.0,10000.0
WS-NORTH,23/01/2025,16:00,Clear,18.9,0.0,10000.0
WS-NORTH,23/01/2025,17:00,clear,21.0,0.0,10000.0
WS-NORTH,23/01/2025,18:00,clear,19.9,0.0,10000.0
WS-NORTH,23/01/2025,19:00,clear,15.8,0.0,10000.0
WS-NORTH,23/01/2025,20:00,Clear,15.1,0.0,10000.0
WS-NORTH,23/01/2025,21:00,clear,14.0,0.0,10000.0
WS-NORTH,23/01/2025,22:00,Clear,13.2,0.0,10000.0
WS-NORTH,23/01/2025,23:00,Clear,13.7,0.0,10000.0
WS-NORTH,24/01/2025,00:00,Clear,13.8,0.0,10000.0
WS-NORTH,24/01/2025,01:00,CLEAR,10.7,0.0,10000.0
WS-NORTH,24/01/2025,02:00,clear,10.6,0.0,10000.0
WS-NORTH,24/01/2025,03:00,Clear,10.7,0.0,10000.0
WS-NORTH,24/01/2025,04:00,clear,7.3,0.0,10000.0
WS-NORTH,24/01/2025,05:00,Clear,10.1,0.0,10000.0
WS-NORTH,24/01/2025,06:00,Clear,12.4,0.0,10000.0
WS-NORTH,24/01/2025,07:00,Clear,11.9,0.0,10000.0
WS-NORTH,24/01/2025,08:00,Clear,12.8,0.0,10000.0
WS-NORTH,24/01/2025,09:00,clear,12.6,0.0,10000.0
WS-NORTH,24/01/2025,10:00,clear,17.3,0.0,10000.0
WS-NORTH,24/01/2025,11:00,CLEAR,17.7,0.0,10000.0
WS-NORTH,24/01/2025,12:00,Clear,18.8,0.0,10000.0
WS-NORTH,24/01/2025,13:00,Clear,22.9,0.0,10000.0
WS-NORTH,24/01/2025,14:00,Clear,19.5,0.0,10000.0
WS-NORTH,24/01/2025,15:00,Clear,21.5,0.0,10000.0
WS-NORTH,24/01/2025,16:00,Clear,19.0,0.0,10000.0
WS-NORTH,24/01/2025,17:00,Cloudy,21.6,0.0,10000.0
WS-NORTH,24/01/2025,18:00,cloudy,15.7,0.0,10000.0
WS-NORTH,24/01/2025,19:00,Cloudy,18.3,0.0,10000.0
WS-NORTH,24/01/2025,20:00,Overcast,17.9,0.0,10000.0
WS-NORTH,24/01/2025,21:00,Cloudy,17.7,0.0,10000.0
WS-NORTH,24/01/2025,22:00,Cloudy,15.7,0.0,10000.0
WS-NORTH,24/01/2025,23:00,clear,12.2,0.0,10000.0
WS-NORTH,25/01/2025,00:00,clear,8.3,0.0,10000.0
WS-NORTH,25/01/2025,01:00,Clear,10.0,0.0,10000.0
WS-NORTH,25/01/2025,02:00,Clear,9.4,0.0,10000.0
WS-NORTH,25/01/2025,03:00,Clear,9.3,0.0,10000.0
WS-NORTH,25/01/2025,04:00,Clear,9.9,0.0,10000.0
WS-NORTH,25/01/2025,05:00,Clear,11.4,0.0,10000.0
WS-NORTH,25/01/2025,06:00,Clear,10.6,0.0,10000.0
WS-NORTH,25/01/2025,07:00,Clear,14.1,0.0,10000.0
WS-NORTH,25/01/2025,08:00,CLEAR,16.7,0.0,10000.0
WS-NORTH,25/01/2025,09:00,Clear,14.0,0.0,10000.0
WS-NORTH,25/01/2025,10:00,Clear,15.5,0.0,10000.0
WS-NORTH,25/01/2025,11:00,Clear,16.9,0.0,10000.0
WS-NORTH,25/01/2025,12:00,Clear,18.0,0.0,10000.0
WS-NORTH,25/01/2025,13:00,Clear,,0.0,10000.0
WS-NORTH,25/01/2025,14:00,Clear,21.1,0.0,10000.0
WS-NORTH,25/01/2025,15:00,CLEAR,18.6,0.0,10000.0
WS-NORTH,25/01/2025,16:00,Clear,19.5,0.0,10000.0
WS-NORTH,25/01/2025,17:00,Clear,20.3,0.0,10000.0
WS-NORTH,25/01/2025,18:00,Clear,18.1,0.0,10000.0
WS-NORTH,25/01/2025,19:00,Clear,15.5,0.0,10000.0
WS-NORTH,25/01/2025,20:00,clear,16.3,0.0,10000.0
WS-NORTH,25/01/2025,21:00,Clear,14.3,0.0,10000.0
WS-NORTH,25/01/2025,22:00,CLEAR,13.8,0.0,10000.0
WS-NORTH,25/01/2025,23:00,Cloudy,12.9,0.0,10000.0
WS-NORTH,26/01/2025,00:00,Cloudy,13.8,0.0,
WS-NORTH,26/01/2025,01:00,clear,9.6,0.0,10000.0
WS-NORTH,26/01/2025,02:00,Clear,9.0,0.0,10000.0
WS-NORTH,26/01/2025,03:00,Clear,9.5,0.0,10000.0
WS-NORTH,26/01/2025,04:00,CLEAR,11.3,0.0,10000.0
WS-NORTH,26/01/2025,05:00,Clear,10.7,0.0,10000.0
WS-NORTH,26/01/2025,06:00,Clear,11.6,0.0,10000.0
WS-NORTH,26/01/2025,07:00,Clear,13.0,0.0,10000.0
WS-NORTH,26/01/2025,08:00,Clear,16.1,0.0,10000.0
WS-NORTH,26/01/2025,09:00,CLEAR,15.0,0.0,10000.0
WS-NORTH,26/01/2025,10:00,clear,17.3,0.0,10000.0
WS-NORTH,26/01/2025,11:00,CLEAR,18.8,0.0,10000.0
WS-NORTH,26/01/2025,12:00,Clear,17.3,0.0,10000.0
WS-NORTH,26/01/2025,13:00,Clear,18.8,0.0,10000.0
WS-NORTH,26/01/2025,14:00,Clear,19.7,0.0,
WS-NORTH,26/01/2025,15:00,clear,20.2,0.0,10000.0
WS-NORTH,26/01/2025,16:00,Clear,,0.0,10000.0
WS-NORTH,26/01/2025,17:00,Clear,18.4,0.0,10000.0
WS-NORTH,26/01/2025,18:00,clear,19.8,0.0,10000.0
WS-NORTH,26/01/2025,19:00,Cloudy,18.3,0.0,10000.0
WS-NORTH,26/01/2025,20:00,cloudy,17.0,0.0,10000.0
WS-NORTH,26/01/2025,21:00,Cloudy,14.5,0.0,10000.0
WS-NORTH,26/01/2025,22:00,clear,13.0,0.0,10000.0
WS-NORTH,26/01/2025,23:00,Clear,14.0,0.0,10000.0
WS-NORTH,27/01/2025,00:00,Clear,13.3,0.0,10000.0
WS-NORTH,27/01/2025,01:00,Clear,10.1,0.0,10000.0
WS-NORTH,27/01/2025,02:00,Cloudy,9.9,0.0,10000.0
WS-NORTH,27/01/2025,03:00,Cloudy,11.8,0.0,10000.0
WS-NORTH,27/01/2025,04:00,Fog,10.2,0.0,1047.0
WS-NORTH,27/01/2025,05:00,Clear,12.0,0.0,10000.0
WS-NORTH,27/01/2025,06:00,clear,12.9,0.0,10000.0
WS-NORTH,27/01/2025,07:00,Clear,14.2,0.0,10000.0
WS-NORTH,27/01/2025,08:00,Clear,14.6,0.0,10000.0
WS-NORTH,27/01/2025,09:00,Clear,15.9,0.0,10000.0
WS-NORTH,27/01/2025,10:00,Clear,15.8,0.0,10000.0
WS-NORTH,27/01/2025,11:00,Clear,19.0,0.0,10000.0
WS-NORTH,27/01/2025,12:00,CLEAR,16.6,0.0,10000.0
WS-NORTH,27/01/2025,13:00,Clear,17.8,0.0,10000.0
WS-NORTH,27/01/2025,14:00,Clear,20.6,0.0,10000.0
WS-NORTH,27/01/2025,15:00,Clear,19.6,0.0,10000.0
WS-NORTH,27/01/2025,16:00,Clear,19.1,0.0,10000.0
WS-NORTH,27/01/2025,17:00,Clear,19.3,0.0,10000.0
WS-NORTH,27/01/2025,18:00,Clear,17.9,0.0,10000.0
WS-NORTH,27/01/2025,19:00,Clear,15.8,0.0,10000.0
WS-NORTH,27/01/2025,20:00,Clear,17.7,0.0,10000.0
WS-NORTH,27/01/2025,21:00,Clear,16.3,0.0,10000.0
WS-NORTH,27/01/2025,22:00,Clear,14.3,0.0,10000.0
WS-NORTH,27/01/2025,23:00,CLEAR,13.9,0.0,10000.0
WS-NORTH,28/01/2025,00:00,Clear,10.6,0.0,10000.0
WS-NORTH,28/01/2025,01:00,CLEAR,11.9,0.0,10000.0
WS-NORTH,28/01/2025,02:00,Clear,12.0,0.0,10000.0
WS-NORTH,28/01/2025,03:00,Clear,10.8,0.0,10000.0
WS-NORTH,28/01/2025,04:00,clear,12.5,0.0,10000.0
WS-NORTH,28/01/2025,05:00,Clear,11.4,0.0,10000.0
WS-NORTH,28/01/2025,06:00,Clear,11.9,0.0,10000.0
WS-NORTH,28/01/2025,07:00,Clear,13.5,0.0,10000.0
WS-NORTH,28/01/2025,08:00,Clear,12.9,0.0,10000.0
WS-NORTH,28/01/2025,09:00,clear,15.8,0.0,10000.0
WS-NORTH,28/01/2025,10:00,Cloudy,17.1,0.0,10000.0
WS-NORTH,28/01/2025,11:00,Cloudy,17.4,0.0,10000.0
WS-NORTH,28/01/2025,12:00,Cloudy,18.7,0.0,10000.0
WS-NORTH,28/01/2025,13:00,Cloudy,17.8,0.0,10000.0
WS-NORTH,28/01/2025,14:00,Cloudy,18.6,0.0,10000.0
WS-NORTH,28/01/2025,15:00,Cloudy,21.8,0.0,10000.0
WS-NORTH,28/01/2025,16:00,Cloudy,20.3,0.0,10000.0
WS-NORTH,28/01/2025,17:00,Cloudy,19.3,0.0,10000.0
WS-NORTH,28/01/2025,18:00,Cloudy,18.7,0.0,10000.0
WS-NORTH,28/01/2025,19:00,Cloudy,18.6,0.0,10000.0
WS-NORTH,28/01/2025,20:00,Cloudy,17.8,0.0,10000.0
WS-NORTH,28/01/2025,21:00,Cloudy,17.9,0.0,10000.0
WS-NORTH,28/01/2025,22:00,Overcast,13.5,0.0,10000.0
WS-NORTH,28/01/2025,23:00,Clear,13.4,0.0,10000.0
WS-NORTH,29/01/2025,00:00,CLEAR,10.7,0.0,10000.0
WS-NORTH,29/01/2025,01:00,Clear,11.1,0.0,10000.0
WS-NORTH,29/01/2025,02:00,CLEAR,,0.0,10000.0
WS-NORTH,29/01/2025,03:00,CLEAR,9.6,0.0,10000.0
WS-NORTH,29/01/2025,04:00,Clear,11.4,0.0,10000.0
WS-NORTH,29/01/2025,05:00,Clear,11.7,0.0,10000.0
WS-NORTH,29/01/2025,06:00,clear,9.2,0.0,10000.0
WS-NORTH,29/01/2025,07:00,Clear,12.4,0.0,10000.0
WS-NORTH,29/01/2025,08:00,Clear,13.5,0.0,10000.0
WS-NORTH,29/01/2025,09:00,Clear,14.1,0.0,10000.0
WS-NORTH,29/01/2025,10:00,Clear,17.8,0.0,10000.0
WS-NORTH,29/01/2025,11:00,Clear,16.7,0.0,10000.0
WS-NORTH,29/01/2025,12:00,Clear,19.7,0.0,10000.0
WS-NORTH,29/01/2025,13:00,CLEAR,22.0,0.0,10000.0
WS-NORTH,29/01/2025,14:00,Clear,21.4,0.0,10000.0
WS-NORTH,29/01/2025,15:00,clear,19.8,0.0,10000.0
WS-NORTH,29/01/2025,16:00,Clear,19.2,0.0,10000.0
WS-NORTH,29/01/2025,17:00,clear,19.5,0.0,10000.0
WS-NORTH,29/01/2025,18:00,Clear,20.1,0.0,10000.0
WS-NORTH,29/01/2025,19:00,clear,17.7,0.0,10000.0
WS-NORTH,29/01/2025,20:00,Clear,18.0,0.0,10000.0
WS-NORTH,29/01/2025,21:00,Cloudy,14.9,0.0,10000.0
WS-NORTH,29/01/2025,22:00,Cloudy,14.3,0.0,10000.0
WS-NORTH,29/01/2025,23:00,Cloudy,13.8,0.0,10000.0
WS-NORTH,30/01/2025,00:00,Cloudy,12.7,0.0,10000.0
WS-NORTH,30/01/2025,01:00,Overcast,8.3,0.0,10000.0
WS-NORTH,30/01/2025,02:00,Clear,10.9,0.0,10000.0
WS-NORTH,30/01/2025,03:00,Clear,,0.0,10000.0
WS-NORTH,30/01/2025,04:00,Clear,,0.0,10000.0
WS-NORTH,30/01/2025,05:00,Cloudy,11.8,0.0,10000.0
WS-NORTH,30/01/2025,06:00,Rain,13.1,3.8,1932.0
WS-NORTH,30/01/2025,07:00,Rain,12.5,8.4,4212.0
WS-NORTH,30/01/2025,08:00,RAIN,16.1,4.2,4148.0
WS-NORTH,30/01/2025,09:00,Overcast,14.5,0.0,10000.0
WS-NORTH,30/01/2025,10:00,Clear,15.4,0.0,10000.0
WS-NORTH,30/01/2025,11:00,Clear,18.3,0.0,10000.0
WS-NORTH,30/01/2025,12:00,Clear,18.6,0.0,10000.0
WS-NORTH,30/01/2025,13:00,Clear,19.6,0.0,10000.0
WS-NORTH,30/01/2025,14:00,Clear,21.1,0.0,10000.0
WS-NORTH,30/01/2025,15:00,Clear,21.1,0.0,10000.0
WS-NORTH,30/01/2025,16:00,Clear,19.3,0.0,10000.0
WS-NORTH,30/01/2025,17:00,clear,21.3,0.0,10000.0
WS-NORTH,30/01/2025,18:00,Clear,17.9,0.0,10000.0
WS-NORTH,30/01/2025,19:00,clear,19.8,0.0,10000.0
WS-NORTH,30/01/2025,20:00,Clear,14.3,0.0,10000.0
WS-NORTH,30/01/2025,21:00,Clear,16.0,0.0,10000.0
WS-NORTH,30/01/2025,22:00,Cloudy,14.9,0.0,10000.0
WS-NORTH,30/01/2025,23:00,Cloudy,13.2,0.0,10000.0
WS-NORTH,31/01/2025,00:00,Cloudy,13.6,0.0,10000.0
WS-NORTH,31/01/2025,01:00,cloudy,10.6,0.0,10000.0
WS-NORTH,31/01/2025,02:00,Cloudy,8.8,0.0,10000.0
WS-NORTH,31/01/2025,03:00,Cloudy,12.4,0.0,10000.0
WS-NORTH,31/01/2025,04:00,Cloudy,9.0,0.0,10000.0
WS-NORTH,31/01/2025,05:00,Clear,12.3,0.0,10000.0
WS-NORTH,31/01/2025,06:00,clear,12.2,0.0,10000.0
WS-NORTH,31/01/2025,07:00,clear,12.1,0.0,10000.0
WS-NORTH,31/01/2025,08:00,Clear,15.3,0.0,10000.0
WS-NORTH,31/01/2025,09:00,CLEAR,16.3,0.0,10000.0
WS-NORTH,31/01/2025,10:00,Clear,16.2,0.0,10000.0
WS-NORTH,31/01/2025,11:00,CLEAR,20.2,0.0,10000.0
WS-NORTH,31/01/2025,12:00,Clear,20.0,0.0,10000.0
WS-NORTH,31/01/2025,13:00,Clear,20.0,0.0,10000.0
WS-NORTH,31/01/2025,14:00,Cloudy,21.1,0.0,10000.0
WS-NORTH,31/01/2025,15:00,cloudy,22.1,0.0,10000.0
WS-NORTH,31/01/2025,16:00,cloudy,19.0,0.0,10000.0
WS-NORTH,31/01/2025,17:00,Clear,20.4,0.0,10000.0
WS-NORTH,31/01/2025,18:00,CLEAR,19.4,0.0,10000.0
WS-NORTH,31/01/2025,19:00,CLEAR,17.6,0.0,10000.0
WS-NORTH,31/01/2025,20:00,Clear,19.2,0.0,10000.0
WS-NORTH,31/01/2025,21:00,CLEAR,15.0,0.0,10000.0
WS-NORTH,31/01/2025,22:00,Clear,14.9,0.0,10000.0
WS-NORTH,31/01/2025,23:00,clear,13.7,0.0,10000.0
WS-NORTH,01/02/2025,00:00,Clear,12.2,0.0,10000.0
WS-NORTH,01/02/2025,01:00,Clear,12.8,0.0,10000.0
WS-NORTH,01/02/2025,02:00,Clear,8.7,0.0,10000.0
WS-NORTH,01/02/2025,03:00,Clear,9.9,0.0,10000.0
WS-NORTH,01/02/2025,04:00,Clear,12.5,0.0,10000.0
WS-NORTH,01/02/2025,05:00,Clear,11.1,0.0,10000.0
WS-NORTH,01/02/2025,06:00,Clear,12.4,0.0,10000.0
WS-NORTH,01/02/2025,07:00,Clear,12.0,0.0,10000.0
WS-NORTH,01/02/2025,08:00,clear,12.9,0.0,10000.0
WS-NORTH,01/02/2025,09:00,clear,15.8,0.0,10000.0
WS-NORTH,01/02/2025,10:00,Clear,15.4,0.0,10000.0
WS-NORTH,01/02/2025,11:00,CLEAR,17.1,0.0,10000.0
WS-NORTH,01/02/2025,12:00,Clear,20.2,0.0,10000.0
WS-NORTH,01/02/2025,13:00,clear,18.8,0.0,10000.0
WS-NORTH,01/02/2025,14:00,Clear,19.9,0.0,10000.0
WS-NORTH,01/02/2025,15:00,Clear,21.8,0.0,10000.0
WS-NORTH,01/02/2025,16:00,CLEAR,20.4,0.0,10000.0
WS-NORTH,01/02/2025,17:00,Clear,19.0,0.0,10000.0
WS-NORTH,01/02/2025,18:00,Clear,19.1,0.0,10000.0
WS-NORTH,01/02/2025,19:00,Clear,19.9,0.0,10000.0
WS-NORTH,01/02/2025,20:00,Clear,17.6,0.0,10000.0
WS-NORTH,01/02/2025,21:00,Clear,15.2,0.0,10000.0
WS-NORTH,01/02/2025,22:00,clear,14.5,0.0,10000.0
WS-NORTH,01/02/2025,23:00,Clear,13.7,0.0,10000.0
WS-NORTH,02/02/2025,00:00,Clear,14.5,0.0,10000.0
WS-NORTH,02/02/2025,01:00,Clear,9.8,0.0,10000.0
WS-NORTH,02/02/2025,02:00,Clear,11.1,0.0,10000.0
WS-NORTH,02/02/2025,03:00,Cloudy,12.2,0.0,10000.0
WS-NORTH,02/02/2025,04:00,Cloudy,10.2,0.0,10000.0
WS-NORTH,02/02/2025,05:00,Cloudy,11.7,0.0,10000.0
WS-NORTH,02/02/2025,06:00,clear,12.5,0.0,10000.0
WS-NORTH,02/02/2025,07:00,CLEAR,14.2,0.0,10000.0
WS-NORTH,02/02/2025,08:00,Clear,14.8,0.0,10000.0
WS-NORTH,02/02/2025,09:00,clear,17.3,0.0,10000.0
WS-NORTH,02/02/2025,10:00,CLEAR,17.4,0.0,10000.0
WS-NORTH,02/02/2025,11:00,Overcast,17.4,0.0,10000.0
WS-NORTH,02/02/2025,12:00,cloudy,18.3,0.0,10000.0
WS-NORTH,02/02/2025,13:00,Cloudy,20.6,0.0,10000.0
WS-NORTH,02/02/2025,14:00,Clear,18.8,0.0,10000.0
WS-NORTH,02/02/2025,15:00,CLEAR,19.9,0.0,10000.0
WS-NORTH,02/02/2025,16:00,Clear,19.6,0.0,10000.0
WS-NORTH,02/02/2025,17:00,CLEAR,18.9,0.0,10000.0
WS-NORTH,02/02/2025,18:00,Clear,19.8,0.0,10000.0
WS-NORTH,02/02/2025,19:00,Clear,17.9,0.0,10000.0
WS-NORTH,02/02/2025,20:00,CLEAR,18.3,0.0,10000.0
WS-NORTH,02/02/2025,21:00,clear,17.2,0.0,10000.0
WS-NORTH,02/02/2025,22:00,clear,14.2,0.0,10000.0
WS-NORTH,02/02/2025,23:00,Clear,13.0,0.0,10000.0
WS-NORTH,03/02/2025,00:00,Cloudy,11.1,0.0,10000.0
WS-NORTH,03/02/2025,01:00,Cloudy,12.9,0.0,10000.0
WS-NORTH,03/02/2025,02:00,Cloudy,9.8,0.0,10000.0
WS-NORTH,03/02/2025,03:00,Overcast,10.9,0.0,10000.0
WS-NORTH,03/02/2025,04:00,Cloudy,10.8,0.0,10000.0
WS-NORTH,03/02/2025,05:00,Overcast,11.6,0.0,10000.0
WS-NORTH,03/02/2025,06:00,CLEAR,11.7,0.0,10000.0
WS-NORTH,03/02/2025,07:00,Clear,13.2,0.0,10000.0
WS-NORTH,03/02/2025,08:00,CLEAR,13.3,0.0,10000.0
WS-NORTH,03/02/2025,09:00,Clear,15.7,0.0,10000.0
WS-NORTH,03/02/2025,10:00,Clear,16.7,0.0,10000.0
WS-NORTH,03/02/2025,11:00,Clear,21.1,0.0,10000.0
WS-NORTH,03/02/2025,12:00,Clear,19.6,0.0,10000.0
WS-NORTH,03/02/2025,13:00,clear,19.6,0.0,10000.0
WS-NORTH,03/02/2025,14:00,Clear,21.6,0.0,10000.0
WS-NORTH,03/02/2025,15:00,Clear,20.6,0.0,10000.0
WS-NORTH,03/02/2025,16:00,Clear,21.3,0.0,10000.0
WS-NORTH,03/02/2025,17:00,clear,21.1,0.0,10000.0
WS-NORTH,03/02/2025,18:00,Clear,19.1,0.0,10000.0
WS-NORTH,03/02/2025,19:00,Clear,18.6,0.0,10000.0
WS-NORTH,03/02/2025,20:00,Clear,16.5,0.0,10000.0
WS-NORTH,03/02/2025,21:00,clear,14.7,0.0,10000.0
WS-NORTH,03/02/2025,22:00,CLEAR,15.7,0.0,10000.0
WS-NORTH,03/02/2025,23:00,clear,11.8,0.0,10000.0
WS-NORTH,04/02/2025,00:00,Clear,11.2,0.0,10000.0
WS-NORTH,04/02/2025,01:00,CLEAR,10.1,0.0,10000.0
WS-NORTH,04/02/2025,02:00,Overcast,10.5,0.0,10000.0
WS-NORTH,04/02/2025,03:00,Cloudy,10.6,0.0,10000.0
WS-NORTH,04/02/2025,04:00,Overcast,10.6,0.0,10000.0
WS-NORTH,04/02/2025,05:00,Clear,9.6,0.0,10000.0
WS-NORTH,04/02/2025,06:00,Clear,11.1,0.0,10000.0
WS-NORTH,04/02/2025,07:00,CLEAR,12.6,0.0,10000.0
WS-NORTH,04/02/2025,08:00,Clear,15.6,0.0,10000.0
WS-NORTH,04/02/2025,09:00,Clear,16.4,0.0,10000.0
WS-NORTH,04/02/2025,10:00,Clear,16.4,0.0,10000.0
WS-NORTH,04/02/2025,11:00,Clear,17.6,0.0,10000.0
WS-NORTH,04/02/2025,12:00,CLEAR,20.8,0.0,10000.0
WS-NORTH,04/02/2025,13:00,Clear,19.5,0.0,10000.0
WS-NORTH,04/02/2025,14:00,Clear,23.0,0.0,10000.0
WS-NORTH,04/02/2025,15:00,Clear,21.8,0.0,10000.0
WS-NORTH,04/02/2025,16:00,Clear,19.6,0.0,10000.0
WS-NORTH,04/02/2025,17:00,Clear,21.1,0.0,10000.0
WS-NORTH,04/02/2025,18:00,Clear,21.2,0.0,10000.0
WS-NORTH,04/02/2025,19:00,Clear,16.5,0.0,10000.0
WS-NORTH,04/02/2025,20:00,Clear,17.5,0.0,10000.0
WS-NORTH,04/02/2025,21:00,CLEAR,15.8,0.0,10000.0
WS-NORTH,04/02/2025,22:00,Clear,13.4,0.0,10000.0
WS-NORTH,04/02/2025,23:00,Clear,16.1,0.0,10000.0
WS-NORTH,05/02/2025,00:00,Clear,13.4,0.0,10000.0
WS-NORTH,05/02/2025,01:00,Clear,11.4,0.0,10000.0
WS-NORTH,05/02/2025,02:00,Clear,11.2,0.0,10000.0
WS-NORTH,05/02/2025,03:00,Clear,11.2,0.0,10000.0
WS-NORTH,05/02/2025,04:00,Rain,11.8,2.5,4583.0
WS-NORTH,05/02/2025,05:00,CLEAR,11.3,0.0,10000.0
WS-NORTH,05/02/2025,06:00,CLEAR,12.9,0.0,10000.0
WS-NORTH,05/02/2025,07:00,Clear,12.4,0.0,10000.0
WS-NORTH,05/02/2025,08:00,CLEAR,14.8,0.0,10000.0
WS-NORTH,05/02/2025,09:00,Clear,16.4,0.0,10000.0
WS-NORTH,05/02/2025,10:00,Clear,18.8,0.0,10000.0
WS-NORTH,05/02/2025,11:00,Clear,16.0,0.0,10000.0
WS-NORTH,05/02/2025,12:00,Clear,18.9,0.0,10000.0
WS-NORTH,05/02/2025,13:00,cloudy,22.3,0.0,10000.0
WS-NORTH,05/02/2025,14:00,Cloudy,18.9,0.0,10000.0
WS-NORTH,05/02/2025,15:00,Cloudy,22.1,0.0,10000.0
WS-NORTH,05/02/2025,16:00,Cloudy,20.7,0.0,10000.0
WS-NORTH,05/02/2025,17:00,Clear,20.8,0.0,10000.0
WS-NORTH,05/02/2025,18:00,Clear,18.7,0.0,10000.0
WS-NORTH,05/02/2025,19:00,Clear,16.5,0.0,10000.0
WS-NORTH,05/02/2025,20:00,Clear,16.3,0.0,10000.0
WS-NORTH,05/02/2025,21:00,clear,18.1,0.0,10000.0
WS-NORTH,05/02/2025,22:00,Clear,16.1,0.0,10000.0
WS-NORTH,05/02/2025,23:00,Clear,14.0,0.0,10000.0
WS-NORTH,06/02/2025,00:00,Clear,13.2,0.0,10000.0
WS-NORTH,06/02/2025,01:00,Clear,11.3,0.0,10000.0
WS-NORTH,06/02/2025,02:00,Clear,12.3,0.0,10000.0
WS-NORTH,06/02/2025,03:00,Clear,9.9,0.0,10000.0
WS-NORTH,06/02/2025,04:00,clear,10.0,0.0,10000.0
WS-NORTH,06/02/2025,05:00,Fog,11.2,0.0,1114.0
WS-NORTH,06/02/2025,06:00,Fog,10.9,0.0,519.0
WS-NORTH,06/02/2025,07:00,Clear,14.3,0.0,10000.0
WS-NORTH,06/02/2025,08:00,clear,14.3,0.0,10000.0
WS-NORTH,06/02/2025,09:00,Clear,16.0,0.0,10000.0
WS-NORTH,06/02/2025,10:00,Clear,14.2,0.0,10000.0
WS-NORTH,06/02/2025,11:00,Clear,20.1,0.0,10000.0
WS-NORTH,06/02/2025,12:00,RAIN,21.6,5.0,3336.0
WS-NORTH,06/02/2025,13:00,Rain,21.9,0.7,4535.0
WS-NORTH,06/02/2025,14:00,Rain,21.2,7.1,1927.0
WS-NORTH,06/02/2025,15:00,Rain,19.3,1.4,2434.0
WS-NORTH,06/02/2025,16:00,Clear,21.7,0.0,10000.0
WS-NORTH,06/02/2025,17:00,clear,20.2,0.0,10000.0
WS-NORTH,06/02/2025,18:00,Clear,18.9,0.0,10000.0
WS-NORTH,06/02/2025,19:00,Clear,17.7,0.0,10000.0
WS-NORTH,06/02/2025,20:00,CLEAR,16.5,0.0,10000.0
WS-NORTH,06/02/2025,21:00,Clear,15.5,0.0,10000.0
WS-NORTH,06/02/2025,22:00,Clear,15.3,0.0,10000.0
WS-NORTH,06/02/2025,23:00,Clear,13.9,0.0,10000.0
WS-NORTH,07/02/2025,00:00,clear,13.2,0.0,10000.0
WS-NORTH,07/02/2025,01:00,Clear,11.4,0.0,10000.0
WS-NORTH,07/02/2025,02:00,Cloudy,10.6,0.0,10000.0
WS-NORTH,07/02/2025,03:00,Cloudy,10.2,0.0,10000.0
WS-NORTH,07/02/2025,04:00,Overcast,10.0,0.0,10000.0
WS-NORTH,07/02/2025,05:00,Cloudy,12.3,0.0,10000.0
WS-NORTH,07/02/2025,06:00,Clear,14.0,0.0,10000.0
WS-NORTH,07/02/2025,07:00,Cloudy,12.3,0.0,10000.0
WS-NORTH,07/02/2025,08:00,Overcast,12.3,0.0,10000.0
WS-NORTH,07/02/2025,09:00,Cloudy,16.8,0.0,10000.0
WS-NORTH,07/02/2025,10:00,Overcast,16.7,0.0,10000.0
WS-NORTH,07/02/2025,11:00,Rain,17.9,8.7,3806.0
WS-NORTH,07/02/2025,12:00,Rain,20.7,0.6,2475.0
WS-NORTH,07/02/2025,13:00,Rain,21.2,4.4,2495.0
WS-NORTH,07/02/2025,14:00,rainy,19.6,8.2,3555.0
WS-NORTH,07/02/2025,15:00,CLEAR,20.6,0.0,10000.0
WS-NORTH,07/02/2025,16:00,clear,20.1,0.0,10000.0
WS-NORTH,07/02/2025,17:00,CLEAR,20.2,0.0,10000.0
WS-NORTH,07/02/2025,18:00,cloudy,20.2,0.0,10000.0
WS-NORTH,07/02/2025,19:00,Cloudy,20.1,0.0,10000.0
WS-NORTH,07/02/2025,20:00,Clear,17.7,0.0,10000.0
WS-NORTH,07/02/2025,21:00,Clear,16.8,0.0,10000.0
WS-NORTH,07/02/2025,22:00,Clear,13.5,0.0,10000.0
WS-NORTH,07/02/2025,23:00,Clear,13.0,0.0,10000.0
WS-NORTH,08/02/2025,00:00,Clear,12.4,0.0,10000.0
WS-NORTH,08/02/2025,01:00,Clear,13.1,0.0,10000.0
WS-NORTH,08/02/2025,02:00,Clear,10.3,0.0,10000.0
WS-NORTH,08/02/2025,03:00,Clear,9.5,0.0,10000.0
WS-NORTH,08/02/2025,04:00,Fog,9.4,0.0,1119.0
WS-NORTH,08/02/2025,05:00,Clear,12.3,0.0,10000.0
WS-NORTH,08/02/2025,06:00,Clear,13.8,0.0,10000.0
WS-NORTH,08/02/2025,07:00,Clear,12.4,0.0,10000.0
WS-NORTH,08/02/2025,08:00,Clear,16.8,0.0,10000.0
WS-NORTH,08/02/2025,09:00,Clear,15.1,0.0,10000.0
WS-NORTH,08/02/2025,10:00,CLEAR,16.2,0.0,10000.0
WS-NORTH,08/02/2025,11:00,Clear,18.0,0.0,10000.0
WS-NORTH,08/02/2025,12:00,CLEAR,18.6,0.0,10000.0
WS-NORTH,08/02/2025,13:00,Clear,18.2,0.0,10000.0
WS-NORTH,08/02/2025,14:00,Clear,22.7,0.0,10000.0
WS-NORTH,08/02/2025,15:00,Clear,21.5,0.0,10000.0
WS-NORTH,08/02/2025,16:00,Clear,21.4,0.0,
WS-NORTH,08/02/2025,17:00,Clear,19.8,0.0,10000.0
WS-NORTH,08/02/2025,18:00,clear,19.3,0.0,10000.0
WS-NORTH,08/02/2025,19:00,Clear,19.7,0.0,10000.0
WS-NORTH,08/02/2025,20:00,Clear,16.0,0.0,10000.0
WS-NORTH,08/02/2025,21:00,Clear,17.0,0.0,10000.0
WS-NORTH,08/02/2025,22:00,Clear,15.4,0.0,10000.0
WS-NORTH,08/02/2025,23:00,Clear,14.7,0.0,10000.0
WS-NORTH,09/02/2025,00:00,Clear,12.4,0.0,10000.0
WS-NORTH,09/02/2025,01:00,Cloudy,12.4,0.0,10000.0
WS-NORTH,09/02/2025,02:00,Cloudy,12.2,0.0,10000.0
WS-NORTH,09/02/2025,03:00,cloudy,11.2,0.0,10000.0
WS-NORTH,09/02/2025,04:00,Overcast,10.5,0.0,10000.0
WS-NORTH,09/02/2025,05:00,foggy,11.9,0.0,736.0
WS-NORTH,09/02/2025,06:00,Fog,13.9,0.0,774.0
WS-NORTH,09/02/2025,07:00,Cloudy,,0.0,10000.0
WS-NORTH,09/02/2025,08:00,Clear,16.7,0.0,10000.0
WS-NORTH,09/02/2025,09:00,Clear,15.9,0.0,10000.0
WS-NORTH,09/02/2025,10:00,Clear,17.9,0.0,10000.0
WS-NORTH,09/02/2025,11:00,Clear,15.4,0.0,10000.0
WS-NORTH,09/02/2025,12:00,Clear,19.8,0.0,10000.0
WS-NORTH,09/02/2025,13:00,Clear,20.3,0.0,10000.0
WS-NORTH,09/02/2025,14:00,CLEAR,19.7,0.0,10000.0
WS-NORTH,09/02/2025,15:00,CLEAR,24.1,0.0,10000.0
WS-NORTH,09/02/2025,16:00,Cloudy,19.1,0.0,10000.0
WS-NORTH,09/02/2025,17:00,Cloudy,21.2,0.0,10000.0
WS-NORTH,09/02/2025,18:00,Cloudy,21.2,0.0,10000.0
WS-NORTH,09/02/2025,19:00,Cloudy,18.5,0.0,10000.0
WS-NORTH,09/02/2025,20:00,Cloudy,17.7,0.0,10000.0
WS-NORTH,09/02/2025,21:00,Cloudy,13.2,0.0,10000.0
WS-NORTH,09/02/2025,22:00,Overcast,14.3,0.0,10000.0
WS-NORTH,09/02/2025,23:00,Clear,12.0,0.0,10000.0
WS-NORTH,10/02/2025,00:00,Clear,14.1,0.0,10000.0
WS-NORTH,10/02/2025,01:00,clear,10.0,0.0,10000.0
WS-NORTH,10/02/2025,02:00,Clear,10.6,0.0,10000.0
WS-NORTH,10/02/2025,03:00,CLEAR,12.1,0.0,10000.0
WS-NORTH,10/02/2025,04:00,Clear,11.7,0.0,10000.0
WS-NORTH,10/02/2025,05:00,foggy,10.6,0.0,624.0
WS-NORTH,10/02/2025,06:00,clear,11.4,0.0,10000.0
WS-NORTH,10/02/2025,07:00,Cloudy,13.4,0.0,10000.0
WS-NORTH,10/02/2025,08:00,Cloudy,15.3,0.0,10000.0
WS-NORTH,10/02/2025,09:00,CLEAR,12.2,0.0,10000.0
WS-NORTH,10/02/2025,10:00,Clear,19.5,0.0,10000.0
WS-NORTH,10/02/2025,11:00,CLEAR,20.2,0.0,10000.0
WS-NORTH,10/02/2025,12:00,CLEAR,21.4,0.0,10000.0
WS-NORTH,10/02/2025,13:00,clear,22.5,0.0,10000.0
WS-NORTH,10/02/2025,14:00,CLEAR,21.0,0.0,10000.0
WS-NORTH,10/02/2025,15:00,clear,23.1,0.0,10000.0
WS-NORTH,10/02/2025,16:00,Clear,21.6,0.0,10000.0
WS-NORTH,10/02/2025,17:00,Clear,20.4,0.0,10000.0
WS-NORTH,10/02/2025,18:00,rain ,21.1,7.9,3524.0
WS-NORTH,10/02/2025,19:00,Clear,18.5,0.0,10000.0
WS-NORTH,10/02/2025,20:00,Clear,19.3,0.0,10000.0
WS-NORTH,10/02/2025,21:00,Clear,16.1,0.0,10000.0
WS-NORTH,10/02/2025,22:00,Clear,16.3,0.0,10000.0
WS-NORTH,10/02/2025,23:00,Clear,13.6,0.0,10000.0
WS-NORTH,11/02/2025,00:00,Clear,,0.0,10000.0
WS-NORTH,11/02/2025,01:00,Clear,12.8,0.0,10000.0
WS-NORTH,11/02/2025,02:00,CLEAR,9.6,0.0,10000.0
WS-NORTH,11/02/2025,03:00,clear,11.6,0.0,10000.0
WS-NORTH,11/02/2025,04:00,Clear,11.8,0.0,10000.0
WS-NORTH,11/02/2025,05:00,Overcast,13.4,0.0,10000.0
WS-NORTH,11/02/2025,06:00,Cloudy,14.8,0.0,10000.0
WS-NORTH,11/02/2025,07:00,Cloudy,13.8,0.0,10000.0
WS-NORTH,11/02/2025,08:00,Overcast,15.2,0.0,10000.0
WS-NORTH,11/02/2025,09:00,Overcast,16.6,0.0,10000.0
WS-NORTH,11/02/2025,10:00,Cloudy,17.8,0.0,10000.0
WS-NORTH,11/02/2025,11:00,Overcast,20.7,0.0,10000.0
WS-NORTH,11/02/2025,12:00,Clear,20.7,0.0,10000.0
WS-NORTH,11/02/2025,13:00,Clear,20.4,0.0,10000.0
WS-NORTH,11/02/2025,14:00,Clear,23.3,0.0,10000.0
WS-NORTH,11/02/2025,15:00,clear,21.0,0.0,10000.0
WS-NORTH,11/02/2025,16:00,Clear,20.9,0.0,10000.0
WS-NORTH,11/02/2025,17:00,Clear,20.3,0.0,10000.0
WS-NORTH,11/02/2025,18:00,clear,19.9,0.0,10000.0
WS-NORTH,11/02/2025,19:00,Clear,19.2,0.0,10000.0
WS-NORTH,11/02/2025,20:00,Clear,17.1,0.0,10000.0
WS-NORTH,11/02/2025,21:00,CLEAR,16.2,0.0,10000.0
WS-NORTH,11/02/2025,22:00,Clear,14.4,0.0,10000.0
WS-NORTH,11/02/2025,23:00,Clear,13.6,0.0,10000.0
WS-NORTH,12/02/2025,00:00,Clear,10.5,0.0,10000.0
WS-NORTH,12/02/2025,01:00,Clear,11.8,0.0,10000.0
WS-NORTH,12/02/2025,02:00,clear,10.8,0.0,10000.0
WS-NORTH,12/02/2025,03:00,Clear,9.6,0.0,10000.0
WS-NORTH,12/02/2025,04:00,CLEAR,13.8,0.0,10000.0
WS-NORTH,12/02/2025,05:00,Clear,11.8,0.0,10000.0
WS-NORTH,12/02/2025,06:00,Clear,12.6,0.0,10000.0
WS-NORTH,12/02/2025,07:00,Clear,13.9,0.0,10000.0
WS-NORTH,12/02/2025,08:00,Cloudy,12.9,0.0,10000.0
WS-NORTH,12/02/2025,09:00,Cloudy,17.0,0.0,10000.0
WS-NORTH,12/02/2025,10:00,Cloudy,16.1,0.0,10000.0
WS-NORTH,12/02/2025,11:00,Overcast,17.7,0.0,10000.0
WS-NORTH,12/02/2025,12:00,cloudy,,0.0,10000.0
WS-NORTH,12/02/2025,13:00,Clear,20.5,0.0,10000.0
WS-NORTH,12/02/2025,14:00,CLEAR,19.2,0.0,10000.0
WS-NORTH,12/02/2025,15:00,Clear,21.5,0.0,10000.0
WS-NORTH,12/02/2025,16:00,clear,20.6,0.0,10000.0
WS-NORTH,12/02/2025,17:00,Clear,20.1,0.0,10000.0
WS-NORTH,12/02/2025,18:00,Clear,21.1,0.0,10000.0
WS-NORTH,12/02/2025,19:00,Clear,20.9,0.0,
WS-NORTH,12/02/2025,20:00,Clear,17.5,0.0,10000.0
WS-NORTH,12/02/2025,21:00,CLEAR,15.6,0.0,10000.0
WS-NORTH,12/02/2025,22:00,CLEAR,16.7,0.0,10000.0
WS-NORTH,12/02/2025,23:00,Clear,14.3,0.0,10000.0
WS-NORTH,13/02/2025,00:00,CLEAR,13.4,0.0,10000.0
WS-NORTH,13/02/2025,01:00,Rain,11.8,4.6,1997.0
WS-NORTH,13/02/2025,02:00,Rain,11.5,0.8,4482.0
WS-NORTH,13/02/2025,03:00,Clear,11.1,0.0,10000.0
WS-NORTH,13/02/2025,04:00,Clear,7.3,0.0,10000.0
WS-NORTH,13/02/2025,05:00,Clear,12.1,0.0,10000.0
WS-NORTH,13/02/2025,06:00,Clear,13.0,0.0,10000.0
WS-NORTH,13/02/2025,07:00,Clear,14.6,0.0,10000.0
WS-NORTH,13/02/2025,08:00,Clear,13.4,0.0,10000.0
WS-NORTH,13/02/2025,09:00,Clear,17.0,0.0,10000.0
WS-NORTH,13/02/2025,10:00,Rain,15.9,5.7,3420.0
WS-NORTH,13/02/2025,11:00,Clear,21.2,0.0,10000.0
WS-NORTH,13/02/2025,12:00,Clear,20.1,0.0,10000.0
WS-NORTH,13/02/2025,13:00,Clear,22.6,0.0,10000.0
WS-NORTH,13/02/2025,14:00,Clear,18.8,0.0,10000.0
WS-NORTH,13/02/2025,15:00,Clear,22.0,0.0,10000.0
WS-NORTH,13/02/2025,16:00,Clear,19.9,0.0,10000.0
WS-NORTH,13/02/2025,17:00,Cloudy,20.7,0.0,10000.0
WS-NORTH,13/02/2025,18:00,Cloudy,21.0,0.0,10000.0
WS-NORTH,13/02/2025,19:00,Clear,17.7,0.0,10000.0
WS-NORTH,13/02/2025,20:00,CLEAR,17.7,0.0,10000.0
WS-NORTH,13/02/2025,21:00,clear,14.1,0.0,10000.0
WS-NORTH,13/02/2025,22:00,Clear,11.7,0.0,10000.0
WS-NORTH,13/02/2025,23:00,Clear,14.7,0.0,10000.0
WS-NORTH,14/02/2025,00:00,Clear,10.2,0.0,10000.0
WS-NORTH,14/02/2025,01:00,clear,12.1,0.0,10000.0
WS-NORTH,14/02/2025,02:00,Clear,8.3,0.0,10000.0
WS-NORTH,14/02/2025,03:00,Clear,9.8,0.0,10000.0
WS-NORTH,14/02/2025,04:00,Clear,10.5,0.0,10000.0
WS-NORTH,14/02/2025,05:00,Clear,11.3,0.0,10000.0
WS-NORTH,14/02/2025,06:00,Clear,14.9,0.0,10000.0
WS-NORTH,14/02/2025,07:00,Clear,12.7,0.0,10000.0
WS-NORTH,14/02/2025,08:00,Clear,14.2,0.0,10000.0
WS-NORTH,14/02/2025,09:00,Clear,15.3,0.0,10000.0
WS-NORTH,14/02/2025,10:00,Clear,17.2,0.0,10000.0
WS-NORTH,14/02/2025,11:00,Clear,,0.0,10000.0
WS-NORTH,14/02/2025,12:00,CLEAR,17.5,0.0,10000.0
WS-NORTH,14/02/2025,13:00,CLEAR,22.7,0.0,10000.0
WS-NORTH,14/02/2025,14:00,CLEAR,22.7,0.0,10000.0
WS-NORTH,14/02/2025,15:00,Clear,23.1,0.0,10000.0
WS-NORTH,14/02/2025,16:00,Clear,19.3,0.0,10000.0
WS-NORTH,14/02/2025,17:00,Clear,19.3,0.0,10000.0
WS-NORTH,14/02/2025,18:00,clear,17.6,0.0,10000.0
WS-NORTH,14/02/2025,19:00,Clear,19.0,0.0,10000.0
WS-NORTH,14/02/2025,20:00,CLEAR,19.7,0.0,10000.0
WS-NORTH,14/02/2025,21:00,Clear,17.3,0.0,10000.0
WS-NORTH,14/02/2025,22:00,Clear,15.0,0.0,10000.0
WS-NORTH,14/02/2025,23:00,CLEAR,15.5,0.0,10000.0
WS-NORTH,15/02/2025,00:00,Clear,12.6,0.0,10000.0
WS-NORTH,15/02/2025,01:00,Clear,12.3,0.0,10000.0
WS-NORTH,15/02/2025,02:00,Clear,11.4,0.0,10000.0
WS-NORTH,15/02/2025,03:00,Clear,10.3,0.0,10000.0
WS-NORTH,15/02/2025,04:00,Clear,11.9,0.0,10000.0
WS-NORTH,15/02/2025,05:00,CLEAR,12.8,0.0,10000.0
WS-NORTH,15/02/2025,06:00,Clear,14.8,0.0,10000.0
WS-NORTH,15/02/2025,07:00,Clear,14.2,0.0,10000.0
WS-NORTH,15/02/2025,08:00,cloudy,15.8,0.0,10000.0
WS-NORTH,15/02/2025,09:00,Overcast,17.7,0.0,10000.0
WS-NORTH,15/02/2025,10:00,Clear,16.6,0.0,10000.0
WS-NORTH,15/02/2025,11:00,Clear,20.8,0.0,10000.0
WS-NORTH,15/02/2025,12:00,Clear,18.7,0.0,10000.0
WS-NORTH,15/02/2025,13:00,Clear,23.3,0.0,10000.0
WS-NORTH,15/02/2025,14:00,Clear,22.6,0.0,10000.0
WS-NORTH,15/02/2025,15:00,CLEAR,19.0,0.0,10000.0
WS-NORTH,15/02/2025,16:00,Clear,21.6,0.0,10000.0
WS-NORTH,15/02/2025,17:00,Clear,20.5,0.0,10000.0
WS-NORTH,15/02/2025,18:00,CLEAR,20.6,0.0,10000.0
WS-NORTH,15/02/2025,19:00,CLEAR,19.4,0.0,10000.0
WS-NORTH,15/02/2025,20:00,Cloudy,18.4,0.0,10000.0
WS-NORTH,15/02/2025,21:00,RAIN,13.9,5.9,2322.0
WS-NORTH,15/02/2025,22:00,RAIN,16.4,6.1,4925.0
WS-NORTH,15/02/2025,23:00,Rain,13.7,6.6,4081.0
WS-NORTH,16/02/2025,00:00,Rain,14.5,7.6,2310.0
WS-NORTH,16/02/2025,01:00,rainy,13.7,7.1,2727.0
WS-NORTH,16/02/2025,02:00,Clear,12.5,0.0,10000.0
WS-NORTH,16/02/2025,03:00,clear,12.2,0.0,10000.0
WS-NORTH,16/02/2025,04:00,CLEAR,12.6,0.0,10000.0
WS-NORTH,16/02/2025,05:00,clear,13.0,0.0,10000.0
WS-NORTH,16/02/2025,06:00,Cloudy,14.2,0.0,10000.0
WS-NORTH,16/02/2025,07:00,Cloudy,13.4,0.0,10000.0
WS-NORTH,16/02/2025,08:00,Overcast,15.9,0.0,10000.0
WS-NORTH,16/02/2025,09:00,Clear,16.7,0.0,10000.0
WS-NORTH,16/02/2025,10:00,Rain,18.4,4.3,2087.0
WS-NORTH,16/02/2025,11:00,Clear,18.6,0.0,10000.0
WS-NORTH,16/02/2025,12:00,Clear,19.1,0.0,10000.0
WS-NORTH,16/02/2025,13:00,CLEAR,21.3,0.0,10000.0
WS-NORTH,16/02/2025,14:00,Clear,21.8,0.0,10000.0
WS-NORTH,16/02/2025,15:00,Clear,22.8,0.0,10000.0
WS-NORTH,16/02/2025,16:00,clear,19.6,0.0,10000.0
WS-NORTH,16/02/2025,17:00,clear,20.7,0.0,10000.0
WS-NORTH,16/02/2025,18:00,rain ,21.2,1.5,3093.0
WS-NORTH,16/02/2025,19:00,Clear,18.0,0.0,10000.0
WS-NORTH,16/02/2025,20:00,Clear,17.7,0.0,10000.0
WS-NORTH,16/02/2025,21:00,Clear,18.7,0.0,10000.0
WS-NORTH,16/02/2025,22:00,Clear,16.0,0.0,10000.0
WS-NORTH,16/02/2025,23:00,clear,13.5,0.0,10000.0
WS-NORTH,17/02/2025,00:00,Clear,16.0,0.0,10000.0
WS-NORTH,17/02/2025,01:00,CLEAR,12.8,0.0,10000.0
WS-NORTH,17/02/2025,02:00,clear,12.6,0.0,10000.0
WS-NORTH,17/02/2025,03:00,Cloudy,12.1,0.0,10000.0
WS-NORTH,17/02/2025,04:00,Cloudy,10.9,0.0,10000.0
WS-NORTH,17/02/2025,05:00,Cloudy,14.1,0.0,10000.0
WS-NORTH,17/02/2025,06:00,cloudy,13.2,0.0,10000.0
WS-NORTH,17/02/2025,07:00,clear,12.9,0.0,10000.0
WS-NORTH,17/02/2025,08:00,Clear,16.4,0.0,10000.0
WS-NORTH,17/02/2025,09:00,Clear,15.8,0.0,10000.0
WS-NORTH,17/02/2025,10:00,Clear,18.0,0.0,10000.0
WS-NORTH,17/02/2025,11:00,Cloudy,18.3,0.0,10000.0
WS-NORTH,17/02/2025,12:00,Overcast,21.0,0.0,10000.0
WS-NORTH,17/02/2025,13:00,Cloudy,20.6,0.0,10000.0
WS-NORTH,17/02/2025,14:00,Cloudy,19.1,0.0,10000.0
WS-NORTH,17/02/2025,15:00,Cloudy,21.4,0.0,10000.0
WS-NORTH,17/02/2025,16:00,cloudy,22.3,0.0,10000.0
WS-NORTH,17/02/2025,17:00,Clear,20.8,0.0,10000.0
WS-NORTH,17/02/2025,18:00,Cloudy,18.9,0.0,10000.0
WS-NORTH,17/02/2025,19:00,cloudy,19.6,0.0,10000.0
WS-NORTH,17/02/2025,20:00,Cloudy,17.5,0.0,10000.0
WS-NORTH,17/02/2025,21:00,clear,16.3,0.0,10000.0
WS-NORTH,17/02/2025,22:00,Clear,16.7,0.0,10000.0
WS-NORTH,17/02/2025,23:00,clear,14.9,0.0,10000.0
WS-NORTH,18/02/2025,00:00,Clear,13.6,0.0,10000.0
WS-NORTH,18/02/2025,01:00,Clear,12.9,0.0,10000.0
WS-NORTH,18/02/2025,02:00,Cloudy,12.1,0.0,10000.0
WS-NORTH,18/02/2025,03:00,cloudy,11.3,0.0,10000.0
WS-NORTH,18/02/2025,04:00,Overcast,11.0,0.0,10000.0
WS-NORTH,18/02/2025,05:00,Cloudy,12.0,0.0,10000.0
WS-NORTH,18/02/2025,06:00,Cloudy,11.3,0.0,10000.0
WS-NORTH,18/02/2025,07:00,Overcast,15.2,0.0,10000.0
WS-NORTH,18/02/2025,08:00,Cloudy,14.0,0.0,10000.0
WS-NORTH,18/02/2025,09:00,clear,,0.0,10000.0
WS-NORTH,18/02/2025,10:00,clear,17.1,0.0,10000.0
WS-NORTH,18/02/2025,11:00,CLEAR,18.4,0.0,10000.0
WS-NORTH,18/02/2025,12:00,Clear,21.6,0.0,10000.0
WS-NORTH,18/02/2025,13:00,Clear,22.9,0.0,10000.0
WS-NORTH,18/02/2025,14:00,Clear,21.5,0.0,10000.0
WS-NORTH,18/02/2025,15:00,Clear,22.8,0.0,10000.0
WS-NORTH,18/02/2025,16:00,Clear,20.3,0.0,10000.0
WS-NORTH,18/02/2025,17:00,Clear,20.0,0.0,10000.0
WS-NORTH,18/02/2025,18:00,clear,20.2,0.0,10000.0
WS-NORTH,18/02/2025,19:00,CLEAR,19.2,0.0,10000.0
WS-NORTH,18/02/2025,20:00,Clear,17.9,0.0,10000.0
WS-NORTH,18/02/2025,21:00,Clear,17.6,0.0,10000.0
WS-NORTH,18/02/2025,22:00,clear,15.3,0.0,10000.0
WS-NORTH,18/02/2025,23:00,CLEAR,14.2,0.0,10000.0
WS-NORTH,19/02/2025,00:00,CLEAR,11.8,0.0,10000.0
WS-NORTH,19/02/2025,01:00,Clear,10.5,0.0,10000.0
WS-NORTH,19/02/2025,02:00,Clear,10.4,0.0,10000.0
WS-NORTH,19/02/2025,03:00,Clear,11.3,0.0,10000.0
WS-NORTH,19/02/2025,04:00,Clear,12.5,0.0,10000.0
WS-NORTH,19/02/2025,05:00,CLEAR,11.5,0.0,10000.0
WS-NORTH,19/02/2025,06:00,Clear,14.3,0.0,10000.0
WS-NORTH,19/02/2025,07:00,Clear,15.7,0.0,10000.0
WS-NORTH,19/02/2025,08:00,clear,16.0,0.0,10000.0
WS-NORTH,19/02/2025,09:00,Overcast,16.4,0.0,10000.0
WS-NORTH,19/02/2025,10:00,Cloudy,17.5,0.0,10000.0
WS-NORTH,19/02/2025,11:00,Cloudy,19.4,0.0,10000.0
WS-NORTH,19/02/2025,12:00,Cloudy,21.7,0.0,10000.0
WS-NORTH,19/02/2025,13:00,cloudy,21.5,0.0,10000.0
WS-NORTH,19/02/2025,14:00,Cloudy,19.9,0.0,10000.0
WS-NORTH,19/02/2025,15:00,Clear,25.0,0.0,10000.0
WS-NORTH,19/02/2025,16:00,Clear,20.7,0.0,10000.0
WS-NORTH,19/02/2025,17:00,Clear,21.2,0.0,10000.0
WS-NORTH,19/02/2025,18:00,Clear,20.0,0.0,10000.0
WS-NORTH,19/02/2025,19:00,Clear,21.6,0.0,10000.0
WS-NORTH,19/02/2025,20:00,Clear,17.7,0.0,10000.0
WS-NORTH,19/02/2025,21:00,CLEAR,17.1,0.0,10000.0
WS-NORTH,19/02/2025,22:00,Clear,15.3,0.0,10000.0
WS-NORTH,19/02/2025,23:00,CLEAR,13.9,0.0,10000.0
WS-NORTH,20/02/2025,00:00,CLEAR,12.4,0.0,10000.0
WS-NORTH,20/02/2025,01:00,Clear,10.5,0.0,10000.0
WS-NORTH,20/02/2025,02:00,clear,14.5,0.0,10000.0
WS-NORTH,20/02/2025,03:00,Clear,11.8,0.0,10000.0
WS-NORTH,20/02/2025,04:00,clear,10.5,0.0,10000.0
WS-NORTH,20/02/2025,05:00,Clear,11.0,0.0,10000.0
WS-NORTH,20/02/2025,06:00,clear,13.6,0.0,10000.0
WS-NORTH,20/02/2025,07:00,Clear,14.9,0.0,10000.0
WS-NORTH,20/02/2025,08:00,Clear,13.7,0.0,10000.0
WS-NORTH,20/02/2025,09:00,Clear,18.5,0.0,10000.0
WS-NORTH,20/02/2025,10:00,Clear,18.3,0.0,
WS-NORTH,20/02/2025,11:00,clear,18.3,0.0,10000.0
WS-NORTH,20/02/2025,12:00,Clear,23.2,0.0,
WS-NORTH,20/02/2025,13:00,Clear,19.9,0.0,10000.0
WS-NORTH,20/02/2025,14:00,Clear,21.3,0.0,10000.0
WS-NORTH,20/02/2025,15:00,Clear,22.4,0.0,10000.0
WS-NORTH,20/02/2025,16:00,Clear,19.9,0.0,10000.0
WS-NORTH,20/02/2025,17:00,clear,23.9,0.0,10000.0
WS-NORTH,20/02/2025,18:00,Clear,21.5,0.0,10000.0
WS-NORTH,20/02/2025,19:00,clear,16.5,0.0,10000.0
WS-NORTH,20/02/2025,20:00,Clear,17.3,0.0,10000.0
WS-NORTH,20/02/2025,21:00,clear,16.1,0.0,10000.0
WS-NORTH,20/02/2025,22:00,Clear,14.2,0.0,10000.0
WS-NORTH,20/02/2025,23:00,Overcast,14.3,0.0,10000.0
WS-NORTH,21/02/2025,00:00,cloudy,14.1,0.0,10000.0
WS-NORTH,21/02/2025,01:00,cloudy,12.9,0.0,10000.0
WS-NORTH,21/02/2025,02:00,Overcast,11.5,0.0,10000.0
WS-NORTH,21/02/2025,03:00,Cloudy,11.5,0.0,10000.0
WS-NORTH,21/02/2025,04:00,Overcast,11.6,0.0,10000.0
WS-NORTH,21/02/2025,05:00,Clear,12.4,0.0,10000.0
WS-NORTH,21/02/2025,06:00,Clear,13.0,0.0,10000.0
WS-NORTH,21/02/2025,07:00,Clear,14.2,0.0,10000.0
WS-NORTH,21/02/2025,08:00,Clear,16.2,0.0,10000.0
WS-NORTH,21/02/2025,09:00,Clear,17.1,0.0,10000.0
WS-NORTH,21/02/2025,10:00,CLEAR,16.9,0.0,10000.0
WS-NORTH,21/02/2025,11:00,CLEAR,18.1,0.0,10000.0
WS-NORTH,21/02/2025,12:00,Clear,18.9,0.0,10000.0
WS-NORTH,21/02/2025,13:00,Clear,18.5,0.0,10000.0
WS-NORTH,21/02/2025,14:00,Clear,20.7,0.0,10000.0
WS-NORTH,21/02/2025,15:00,Clear,22.9,0.0,10000.0
WS-NORTH,21/02/2025,16:00,Clear,20.6,0.0,10000.0
WS-NORTH,21/02/2025,17:00,Clear,20.4,0.0,10000.0
WS-NORTH,21/02/2025,18:00,Clear,19.2,0.0,10000.0
WS-NORTH,21/02/2025,19:00,Clear,20.2,0.0,10000.0
WS-NORTH,21/02/2025,20:00,Clear,,0.0,10000.0
WS-NORTH,21/02/2025,21:00,Overcast,16.3,0.0,10000.0
WS-NORTH,21/02/2025,22:00,Overcast,14.2,0.0,10000.0
WS-NORTH,21/02/2025,23:00,cloudy,,0.0,10000.0
WS-NORTH,22/02/2025,00:00,CLEAR,12.9,0.0,10000.0
WS-NORTH,22/02/2025,01:00,Clear,12.6,0.0,10000.0
WS-NORTH,22/02/2025,02:00,Clear,12.5,0.0,10000.0
WS-NORTH,22/02/2025,03:00,clear,10.7,0.0,10000.0
WS-NORTH,22/02/2025,04:00,Rain,10.8,1.8,2335.0
WS-NORTH,22/02/2025,05:00,Rain,13.0,6.8,4313.0
WS-NORTH,22/02/2025,06:00,Rain,13.3,6.2,4969.0
WS-NORTH,22/02/2025,07:00,Rain,13.3,6.6,4090.0
WS-NORTH,22/02/2025,08:00,Rain,15.2,6.1,4507.0
WS-NORTH,22/02/2025,09:00,Cloudy,15.7,0.0,10000.0
WS-NORTH,22/02/2025,10:00,Overcast,,0.0,10000.0
WS-NORTH,22/02/2025,11:00,Cloudy,20.9,0.0,10000.0
WS-NORTH,22/02/2025,12:00,cloudy,20.7,0.0,10000.0
WS-NORTH,22/02/2025,13:00,CLEAR,20.4,0.0,10000.0
WS-NORTH,22/02/2025,14:00,Clear,24.2,0.0,10000.0
WS-NORTH,22/02/2025,15:00,Clear,22.7,0.0,10000.0
WS-NORTH,22/02/2025,16:00,Clear,21.0,0.0,10000.0
WS-NORTH,22/02/2025,17:00,Clear,21.6,0.0,10000.0
WS-NORTH,22/02/2025,18:00,CLEAR,20.2,0.0,10000.0
WS-NORTH,22/02/2025,19:00,Clear,20.1,0.0,10000.0
WS-NORTH,22/02/2025,20:00,Clear,18.4,0.0,10000.0
WS-NORTH,22/02/2025,21:00,Clear,18.1,0.0,10000.0
WS-NORTH,22/02/2025,22:00,Clear,15.2,0.0,10000.0
WS-NORTH,22/02/2025,23:00,CLEAR,14.8,0.0,10000.0
WS-NORTH,23/02/2025,00:00,Clear,14.0,0.0,10000.0
WS-NORTH,23/02/2025,01:00,Clear,12.7,0.0,10000.0
WS-NORTH,23/02/2025,02:00,Clear,11.4,0.0,10000.0
WS-NORTH,23/02/2025,03:00,CLEAR,11.8,0.0,10000.0
WS-NORTH,23/02/2025,04:00,Clear,11.4,0.0,10000.0
WS-NORTH,23/02/2025,05:00,clear,14.1,0.0,10000.0
WS-NORTH,23/02/2025,06:00,Clear,13.1,0.0,10000.0
WS-NORTH,23/02/2025,07:00,Clear,15.3,0.0,10000.0
WS-NORTH,23/02/2025,08:00,Clear,14.4,0.0,10000.0
WS-NORTH,23/02/2025,09:00,Clear,15.9,0.0,10000.0
WS-NORTH,23/02/2025,10:00,Rain,19.4,5.6,2336.0
WS-NORTH,23/02/2025,11:00,RAIN,20.1,7.7,4756.0
WS-NORTH,23/02/2025,12:00,rain ,20.7,4.0,4245.0
WS-NORTH,23/02/2025,13:00,Clear,20.9,0.0,10000.0
WS-NORTH,23/02/2025,14:00,Clear,20.7,0.0,10000.0
WS-NORTH,23/02/2025,15:00,clear,21.8,0.0,10000.0
WS-NORTH,23/02/2025,16:00,Clear,22.5,0.0,10000.0
WS-NORTH,23/02/2025,17:00,CLEAR,,0.0,10000.0
WS-NORTH,23/02/2025,18:00,Clear,19.7,0.0,10000.0
WS-NORTH,23/02/2025,19:00,clear,18.4,0.0,10000.0
WS-NORTH,23/02/2025,20:00,clear,16.4,0.0,10000.0
WS-NORTH,23/02/2025,21:00,Clear,,0.0,10000.0
WS-NORTH,23/02/2025,22:00,CLEAR,14.6,0.0,10000.0
WS-NORTH,23/02/2025,23:00,Clear,13.7,0.0,10000.0
WS-NORTH,24/02/2025,00:00,Clear,12.0,0.0,10000.0
WS-NORTH,24/02/2025,01:00,cloudy,13.9,0.0,10000.0
WS-NORTH,24/02/2025,02:00,Overcast,10.5,0.0,10000.0
WS-NORTH,24/02/2025,03:00,Cloudy,12.1,0.0,10000.0
WS-NORTH,24/02/2025,04:00,Cloudy,11.1,0.0,10000.0
WS-NORTH,24/02/2025,05:00,Cloudy,,0.0,10000.0
WS-NORTH,24/02/2025,06:00,Cloudy,12.0,0.0,10000.0
WS-NORTH,24/02/2025,07:00,Cloudy,11.0,0.0,10000.0
WS-NORTH,24/02/2025,08:00,Clear,17.0,0.0,10000.0
WS-NORTH,24/02/2025,09:00,clear,13.6,0.0,10000.0
WS-NORTH,24/02/2025,10:00,Clear,16.3,0.0,10000.0
WS-NORTH,24/02/2025,11:00,Clear,19.7,0.0,10000.0
WS-NORTH,24/02/2025,12:00,CLEAR,23.8,0.0,10000.0
WS-NORTH,24/02/2025,13:00,CLEAR,20.8,0.0,10000.0
WS-NORTH,24/02/2025,14:00,Clear,22.4,0.0,10000.0
WS-NORTH,24/02/2025,15:00,Cloudy,20.3,0.0,10000.0
WS-NORTH,24/02/2025,16:00,Cloudy,20.0,0.0,10000.0
WS-NORTH,24/02/2025,17:00,Cloudy,21.6,0.0,10000.0
WS-NORTH,24/02/2025,18:00,Overcast,19.8,0.0,10000.0
WS-NORTH,24/02/2025,19:00,Clear,17.4,0.0,10000.0
WS-NORTH,24/02/2025,20:00,CLEAR,17.9,0.0,10000.0
WS-NORTH,24/02/2025,21:00,Clear,18.0,0.0,10000.0
WS-NORTH,24/02/2025,22:00,clear,14.3,0.0,10000.0
WS-NORTH,24/02/2025,23:00,Clear,16.7,0.0,10000.0
WS-NORTH,25/02/2025,00:00,clear,13.6,0.0,10000.0
WS-NORTH,25/02/2025,01:00,Clear,12.4,0.0,10000.0
WS-NORTH,25/02/2025,02:00,Clear,13.4,0.0,10000.0
WS-NORTH,25/02/2025,03:00,Clear,10.3,0.0,10000.0
WS-NORTH,25/02/2025,04:00,Clear,13.7,0.0,10000.0
WS-NORTH,25/02/2025,05:00,Clear,13.0,0.0,10000.0
WS-NORTH,25/02/2025,06:00,CLEAR,13.7,0.0,10000.0
WS-NORTH,25/02/2025,07:00,Clear,16.5,0.0,10000.0
WS-NORTH,25/02/2025,08:00,Clear,15.1,0.0,10000.0
WS-NORTH,25/02/2025,09:00,clear,18.9,0.0,10000.0
WS-NORTH,25/02/2025,10:00,clear,16.9,0.0,10000.0
WS-NORTH,25/02/2025,11:00,CLEAR,19.0,0.0,10000.0
WS-NORTH,25/02/2025,12:00,Clear,19.9,0.0,10000.0
WS-NORTH,25/02/2025,13:00,Clear,19.0,0.0,10000.0
WS-NORTH,25/02/2025,14:00,Clear,22.8,0.0,10000.0
WS-NORTH,25/02/2025,15:00,Clear,19.3,0.0,10000.0
WS-NORTH,25/02/2025,16:00,Clear,21.5,0.0,10000.0
WS-NORTH,25/02/2025,17:00,Clear,21.1,0.0,10000.0
WS-NORTH,25/02/2025,18:00,Clear,19.4,0.0,10000.0
WS-NORTH,25/02/2025,19:00,Clear,18.7,0.0,10000.0
WS-NORTH,25/02/2025,20:00,clear,20.7,0.0,10000.0
WS-NORTH,25/02/2025,21:00,Clear,16.8,0.0,10000.0
WS-NORTH,25/02/2025,22:00,Clear,16.7,0.0,10000.0
WS-NORTH,25/02/2025,23:00,CLEAR,13.4,0.0,10000.0
WS-NORTH,26/02/2025,00:00,Clear,12.9,0.0,10000.0
WS-NORTH,26/02/2025,01:00,Clear,14.1,0.0,10000.0
WS-NORTH,26/02/2025,02:00,Clear,11.1,0.0,10000.0
WS-NORTH,26/02/2025,03:00,Clear,11.7,0.0,10000.0
WS-NORTH,26/02/2025,04:00,Clear,12.5,0.0,10000.0
WS-NORTH,26/02/2025,05:00,Clear,12.1,0.0,10000.0
WS-NORTH,26/02/2025,06:00,CLEAR,14.2,0.0,
WS-NORTH,26/02/2025,07:00,rain ,14.8,8.5,4476.0
WS-NORTH,26/02/2025,08:00,Rain,14.9,2.1,4288.0
WS-NORTH,26/02/2025,09:00,rain ,18.8,2.0,4231.0
WS-NORTH,26/02/2025,10:00,CLEAR,17.7,0.0,10000.0
WS-NORTH,26/02/2025,11:00,Clear,20.2,0.0,10000.0
WS-NORTH,26/02/2025,12:00,CLEAR,21.0,0.0,10000.0
WS-NORTH,26/02/2025,13:00,clear,20.2,0.0,10000.0
WS-NORTH,26/02/2025,14:00,Cloudy,22.8,0.0,10000.0
WS-NORTH,26/02/2025,15:00,Cloudy,21.6,0.0,10000.0
WS-NORTH,26/02/2025,16:00,Cloudy,21.0,0.0,10000.0
WS-NORTH,26/02/2025,17:00,Clear,21.9,0.0,10000.0
WS-NORTH,26/02/2025,18:00,clear,18.7,0.0,10000.0
WS-NORTH,26/02/2025,19:00,Clear,18.4,0.0,10000.0
WS-NORTH,26/02/2025,20:00,Clear,17.7,0.0,10000.0
WS-NORTH,26/02/2025,21:00,Clear,16.4,0.0,10000.0
WS-NORTH,26/02/2025,22:00,clear,16.7,0.0,10000.0
WS-NORTH,26/02/2025,23:00,CLEAR,12.0,0.0,10000.0
WS-NORTH,27/02/2025,00:00,Clear,14.3,0.0,10000.0
WS-NORTH,27/02/2025,01:00,CLEAR,12.7,0.0,10000.0
WS-NORTH,27/02/2025,02:00,CLEAR,13.1,0.0,10000.0
WS-NORTH,27/02/2025,03:00,Overcast,13.7,0.0,10000.0
WS-NORTH,27/02/2025,04:00,Cloudy,13.9,0.0,10000.0
WS-NORTH,27/02/2025,05:00,Cloudy,12.0,0.0,10000.0
WS-NORTH,27/02/2025,06:00,Overcast,13.7,0.0,10000.0
WS-NORTH,27/02/2025,07:00,Clear,,0.0,10000.0
WS-NORTH,27/02/2025,08:00,Clear,15.6,0.0,10000.0
WS-NORTH,27/02/2025,09:00,Clear,15.8,0.0,10000.0
WS-NORTH,27/02/2025,10:00,Clear,18.2,0.0,10000.0
WS-NORTH,27/02/2025,11:00,clear,18.8,0.0,10000.0
WS-NORTH,27/02/2025,12:00,clear,20.5,0.0,10000.0
WS-NORTH,27/02/2025,13:00,Clear,22.9,0.0,10000.0
WS-NORTH,27/02/2025,14:00,Clear,20.7,0.0,10000.0
WS-NORTH,27/02/2025,15:00,Overcast,22.2,0.0,10000.0
WS-NORTH,27/02/2025,16:00,Cloudy,22.4,0.0,10000.0
WS-NORTH,27/02/2025,17:00,Cloudy,22.4,0.0,10000.0
WS-NORTH,27/02/2025,18:00,cloudy,20.3,0.0,10000.0
WS-NORTH,27/02/2025,19:00,Cloudy,17.8,0.0,10000.0
WS-NORTH,27/02/2025,20:00,Clear,16.7,0.0,10000.0
WS-NORTH,27/02/2025,21:00,CLEAR,16.7,0.0,10000.0
WS-NORTH,27/02/2025,22:00,Clear,14.7,0.0,10000.0
WS-NORTH,27/02/2025,23:00,Clear,13.9,0.0,10000.0
WS-NORTH,28/02/2025,00:00,Clear,13.0,0.0,10000.0
WS-NORTH,28/02/2025,01:00,Clear,13.1,0.0,10000.0
WS-NORTH,28/02/2025,02:00,clear,11.8,0.0,10000.0
WS-NORTH,28/02/2025,03:00,Clear,12.8,0.0,10000.0
WS-NORTH,28/02/2025,04:00,CLEAR,13.1,0.0,10000.0
WS-NORTH,28/02/2025,05:00,CLEAR,12.3,0.0,10000.0
WS-NORTH,28/02/2025,06:00,clear,13.9,0.0,10000.0
WS-NORTH,28/02/2025,07:00,Clear,15.2,0.0,10000.0
WS-NORTH,28/02/2025,08:00,Cloudy,17.3,0.0,10000.0
WS-NORTH,28/02/2025,09:00,Overcast,14.5,0.0,10000.0
WS-NORTH,28/02/2025,10:00,Overcast,18.4,0.0,10000.0
WS-NORTH,28/02/2025,11:00,Cloudy,19.3,0.0,10000.0
WS-NORTH,28/02/2025,12:00,Cloudy,21.8,0.0,10000.0
WS-NORTH,28/02/2025,13:00,Clear,20.6,0.0,10000.0
WS-NORTH,28/02/2025,14:00,Clear,21.4,0.0,10000.0
WS-NORTH,28/02/2025,15:00,Clear,24.6,0.0,10000.0
WS-NORTH,28/02/2025,16:00,CLEAR,,0.0,10000.0
WS-NORTH,28/02/2025,17:00,CLEAR,22.4,0.0,10000.0
WS-NORTH,28/02/2025,18:00,CLEAR,20.1,0.0,10000.0
WS-NORTH,28/02/2025,19:00,clear,21.1,0.0,10000.0
WS-NORTH,28/02/2025,20:00,Clear,19.2,0.0,10000.0
WS-NORTH,28/02/2025,21:00,Cloudy,18.1,0.0,10000.0
WS-NORTH,28/02/2025,22:00,Overcast,17.4,0.0,10000.0
WS-NORTH,28/02/2025,23:00,cloudy,14.1,0.0,10000.0
WS-NORTH,01/03/2025,00:00,Cloudy,11.9,0.0,10000.0
WS-NORTH,01/03/2025,01:00,Overcast,11.8,0.0,10000.0
WS-NORTH,01/03/2025,02:00,Clear,13.0,0.0,10000.0
WS-NORTH,01/03/2025,03:00,Clear,13.0,0.0,10000.0
WS-NORTH,01/03/2025,04:00,Clear,11.5,0.0,10000.0
WS-NORTH,01/03/2025,05:00,Rain,12.8,4.6,4222.0
WS-NORTH,01/03/2025,06:00,RAIN,11.2,4.0,3669.0
WS-NORTH,01/03/2025,07:00,CLEAR,13.8,0.0,10000.0
WS-NORTH,01/03/2025,08:00,clear,15.8,0.0,10000.0
WS-NORTH,01/03/2025,09:00,Clear,17.4,0.0,10000.0
WS-NORTH,01/03/2025,10:00,Cloudy,17.5,0.0,10000.0
WS-NORTH,01/03/2025,11:00,Cloudy,19.4,0.0,10000.0
WS-NORTH,01/03/2025,12:00,Cloudy,20.4,0.0,10000.0
WS-NORTH,01/03/2025,13:00,cloudy,22.0,0.0,10000.0
WS-NORTH,01/03/2025,14:00,Clear,22.0,0.0,10000.0
WS-NORTH,01/03/2025,15:00,Clear,21.9,0.0,10000.0
WS-NORTH,01/03/2025,16:00,Clear,21.8,0.0,10000.0
WS-NORTH,01/03/2025,17:00,clear,21.6,0.0,10000.0
WS-NORTH,01/03/2025,18:00,Clear,19.8,0.0,10000.0
WS-NORTH,01/03/2025,19:00,Clear,20.6,0.0,10000.0
WS-NORTH,01/03/2025,20:00,cloudy,18.2,0.0,10000.0
WS-NORTH,01/03/2025,21:00,cloudy,19.6,0.0,10000.0
WS-NORTH,01/03/2025,22:00,Cloudy,14.5,0.0,10000.0
WS-NORTH,01/03/2025,23:00,Cloudy,13.5,0.0,10000.0
WS-NORTH,02/03/2025,00:00,Cloudy,15.7,0.0,10000.0
WS-NORTH,02/03/2025,01:00,Cloudy,12.8,0.0,10000.0
WS-NORTH,02/03/2025,02:00,cloudy,11.8,0.0,10000.0
WS-NORTH,02/03/2025,03:00,CLEAR,13.9,0.0,10000.0
WS-NORTH,02/03/2025,04:00,CLEAR,13.1,0.0,10000.0
WS-NORTH,02/03/2025,05:00,Clear,13.3,0.0,10000.0
WS-NORTH,02/03/2025,06:00,Clear,13.7,0.0,10000.0
WS-NORTH,02/03/2025,07:00,clear,13.4,0.0,10000.0
WS-NORTH,02/03/2025,08:00,Clear,18.7,0.0,10000.0
WS-NORTH,02/03/2025,09:00,CLEAR,17.7,0.0,10000.0
WS-NORTH,02/03/2025,10:00,Clear,20.1,0.0,10000.0
WS-NORTH,02/03/2025,11:00,Clear,20.0,0.0,10000.0
WS-NORTH,02/03/2025,12:00,Clear,20.9,0.0,10000.0
WS-NORTH,02/03/2025,13:00,CLEAR,20.9,0.0,10000.0
WS-NORTH,02/03/2025,14:00,Clear,20.9,0.0,10000.0
WS-NORTH,02/03/2025,15:00,Clear,20.3,0.0,10000.0
WS-NORTH,02/03/2025,16:00,Clear,23.2,0.0,10000.0
WS-NORTH,02/03/2025,17:00,CLEAR,21.6,0.0,10000.0
WS-NORTH,02/03/2025,18:00,Clear,20.2,0.0,10000.0
WS-NORTH,02/03/2025,19:00,CLEAR,19.6,0.0,10000.0
WS-NORTH,02/03/2025,20:00,Clear,16.3,0.0,10000.0
WS-NORTH,02/03/2025,21:00,Overcast,17.5,0.0,10000.0
WS-NORTH,02/03/2025,22:00,Cloudy,16.5,0.0,10000.0
WS-NORTH,02/03/2025,23:00,clear,14.5,0.0,10000.0
WS-NORTH,03/03/2025,00:00,Clear,14.8,0.0,10000.0
WS-NORTH,03/03/2025,01:00,Clear,15.3,0.0,10000.0
WS-NORTH,03/03/2025,02:00,Clear,12.4,0.0,10000.0
WS-NORTH,03/03/2025,03:00,Cloudy,11.3,0.0,10000.0
WS-NORTH,03/03/2025,04:00,Cloudy,13.4,0.0,10000.0
WS-NORTH,03/03/2025,05:00,cloudy,12.1,0.0,10000.0
WS-NORTH,03/03/2025,06:00,Cloudy,15.6,0.0,10000.0
WS-NORTH,03/03/2025,07:00,Cloudy,12.8,0.0,10000.0
WS-NORTH,03/03/2025,08:00,clear,,0.0,10000.0
WS-NORTH,03/03/2025,09:00,Clear,17.1,0.0,10000.0
WS-NORTH,03/03/2025,10:00,Clear,18.2,0.0,10000.0
WS-NORTH,03/03/2025,11:00,Clear,21.9,0.0,10000.0
WS-NORTH,03/03/2025,12:00,Clear,21.1,0.0,10000.0
WS-NORTH,03/03/2025,13:00,Clear,20.6,0.0,10000.0
WS-NORTH,03/03/2025,14:00,Clear,22.5,0.0,10000.0
WS-NORTH,03/03/2025,15:00,Clear,22.1,0.0,10000.0
WS-NORTH,03/03/2025,16:00,clear,21.4,0.0,10000.0
WS-NORTH,03/03/2025,17:00,clear,17.6,0.0,10000.0
WS-NORTH,03/03/2025,18:00,Clear,21.9,0.0,10000.0
WS-NORTH,03/03/2025,19:00,Clear,20.8,0.0,10000.0
WS-NORTH,03/03/2025,20:00,Clear,19.5,0.0,10000.0
WS-NORTH,03/03/2025,21:00,clear,,0.0,10000.0
WS-NORTH,03/03/2025,22:00,clear,17.7,0.0,10000.0
WS-NORTH,03/03/2025,23:00,clear,15.9,0.0,10000.0
WS-NORTH,04/03/2025,00:00,Clear,15.5,0.0,10000.0
WS-NORTH,04/03/2025,01:00,CLEAR,12.2,0.0,10000.0
WS-NORTH,04/03/2025,02:00,Clear,12.1,0.0,10000.0
WS-NORTH,04/03/2025,03:00,clear,11.3,0.0,10000.0
WS-NORTH,04/03/2025,04:00,Rain,12.8,2.4,4358.0
WS-NORTH,04/03/2025,05:00,rain ,12.9,7.2,4488.0
WS-NORTH,04/03/2025,06:00,Rain,13.1,6.3,4941.0
WS-NORTH,04/03/2025,07:00,Rain,16.6,4.9,4407.0
WS-NORTH,04/03/2025,08:00,Rain,17.0,6.6,4721.0
WS-NORTH,04/03/2025,09:00,clear,15.6,0.0,10000.0
WS-NORTH,04/03/2025,10:00,Clear,18.9,0.0,10000.0
WS-NORTH,04/03/2025,11:00,CLEAR,19.2,0.0,10000.0
WS-NORTH,04/03/2025,12:00,Clear,19.8,0.0,10000.0
WS-NORTH,04/03/2025,13:00,Clear,20.3,0.0,10000.0
WS-NORTH,04/03/2025,14:00,Clear,23.5,0.0,10000.0
WS-NORTH,04/03/2025,15:00,Clear,22.6,0.0,10000.0
WS-NORTH,04/03/2025,16:00,Clear,23.1,0.0,10000.0
WS-NORTH,04/03/2025,17:00,Clear,19.3,0.0,10000.0
WS-NORTH,04/03/2025,18:00,Clear,21.9,0.0,10000.0
WS-NORTH,04/03/2025,19:00,clear,21.0,0.0,10000.0
WS-NORTH,04/03/2025,20:00,clear,17.7,0.0,10000.0
WS-NORTH,04/03/2025,21:00,Clear,18.0,0.0,10000.0
WS-NORTH,04/03/2025,22:00,Clear,17.9,0.0,10000.0
WS-NORTH,04/03/2025,23:00,Clear,15.9,0.0,10000.0
WS-NORTH,05/03/2025,00:00,Clear,12.1,0.0,10000.0
WS-NORTH,05/03/2025,01:00,Clear,12.8,0.0,10000.0
WS-NORTH,05/03/2025,02:00,CLEAR,13.1,0.0,10000.0
WS-NORTH,05/03/2025,03:00,Clear,13.0,0.0,10000.0
WS-NORTH,05/03/2025,04:00,Clear,12.4,0.0,10000.0
WS-NORTH,05/03/2025,05:00,Rain,13.5,8.1,2696.0
WS-NORTH,05/03/2025,06:00,Clear,13.2,0.0,10000.0
WS-NORTH,05/03/2025,07:00,Clear,14.6,0.0,10000.0
WS-NORTH,05/03/2025,08:00,clear,16.7,0.0,10000.0
WS-NORTH,05/03/2025,09:00,clear,17.3,0.0,10000.0
WS-NORTH,05/03/2025,10:00,clear,18.9,0.0,10000.0
WS-NORTH,05/03/2025,11:00,Clear,21.4,0.0,10000.0
WS-NORTH,05/03/2025,12:00,CLEAR,22.5,0.0,10000.0
WS-NORTH,05/03/2025,13:00,Clear,21.5,0.0,10000.0
WS-NORTH,05/03/2025,14:00,Clear,21.7,0.0,10000.0
WS-NORTH,05/03/2025,15:00,Clear,22.0,0.0,10000.0
WS-NORTH,05/03/2025,16:00,Clear,21.6,0.0,10000.0
WS-NORTH,05/03/2025,17:00,CLEAR,21.8,0.0,10000.0
WS-NORTH,05/03/2025,18:00,Clear,21.1,0.0,10000.0
WS-NORTH,05/03/2025,19:00,Clear,20.3,0.0,10000.0
WS-NORTH,05/03/2025,20:00,Clear,17.1,0.0,10000.0
WS-NORTH,05/03/2025,21:00,CLEAR,15.7,0.0,10000.0
WS-NORTH,05/03/2025,22:00,Cloudy,17.2,0.0,10000.0
WS-NORTH,05/03/2025,23:00,Overcast,13.6,0.0,10000.0
WS-NORTH,06/03/2025,00:00,Cloudy,12.3,0.0,10000.0
WS-NORTH,06/03/2025,01:00,Clear,14.3,0.0,10000.0
WS-NORTH,06/03/2025,02:00,clear,11.8,0.0,10000.0
WS-NORTH,06/03/2025,03:00,CLEAR,12.3,0.0,10000.0
WS-NORTH,06/03/2025,04:00,Clear,15.2,0.0,10000.0
WS-NORTH,06/03/2025,05:00,Clear,13.6,0.0,10000.0
WS-NORTH,06/03/2025,06:00,Fog,12.7,0.0,1067.0
WS-NORTH,06/03/2025,07:00,Fog,15.2,0.0,1097.0
WS-NORTH,06/03/2025,08:00,Cloudy,16.6,0.0,10000.0
WS-NORTH,06/03/2025,09:00,Cloudy,19.2,0.0,10000.0
WS-NORTH,06/03/2025,10:00,Clear,17.6,0.0,10000.0
WS-NORTH,06/03/2025,11:00,Clear,20.5,0.0,10000.0
WS-NORTH,06/03/2025,12:00,Clear,20.8,0.0,10000.0
WS-NORTH,06/03/2025,13:00,Clear,22.2,0.0,10000.0
WS-NORTH,06/03/2025,14:00,Clear,23.3,0.0,10000.0
WS-NORTH,06/03/2025,15:00,CLEAR,24.0,0.0,10000.0
WS-NORTH,06/03/2025,16:00,Clear,21.4,0.0,10000.0
WS-NORTH,06/03/2025,17:00,clear,19.9,0.0,
WS-NORTH,06/03/2025,18:00,Clear,21.4,0.0,10000.0
WS-NORTH,06/03/2025,19:00,clear,20.0,0.0,10000.0
WS-NORTH,06/03/2025,20:00,clear,17.0,0.0,10000.0
WS-NORTH,06/03/2025,21:00,clear,18.6,0.0,10000.0
WS-NORTH,06/03/2025,22:00,Cloudy,15.2,0.0,10000.0
WS-NORTH,06/03/2025,23:00,Cloudy,14.6,0.0,10000.0
WS-NORTH,07/03/2025,00:00,Cloudy,12.5,0.0,10000.0
WS-NORTH,07/03/2025,01:00,Cloudy,13.6,0.0,10000.0
WS-NORTH,07/03/2025,02:00,Cloudy,12.8,0.0,10000.0
WS-NORTH,07/03/2025,03:00,cloudy,12.8,0.0,10000.0
WS-NORTH,07/03/2025,04:00,Clear,14.2,0.0,10000.0
WS-NORTH,07/03/2025,05:00,CLEAR,14.6,0.0,10000.0
WS-NORTH,07/03/2025,06:00,Clear,14.3,0.0,10000.0
WS-NORTH,07/03/2025,07:00,Clear,14.3,0.0,10000.0
WS-NORTH,07/03/2025,08:00,Clear,17.7,0.0,10000.0
WS-NORTH,07/03/2025,09:00,Clear,18.2,0.0,10000.0
WS-NORTH,07/03/2025,10:00,Clear,19.3,0.0,10000.0
WS-NORTH,07/03/2025,11:00,Clear,20.7,0.0,10000.0
WS-NORTH,07/03/2025,12:00,Clear,18.3,0.0,10000.0
WS-NORTH,07/03/2025,13:00,Clear,23.5,0.0,10000.0
WS-NORTH,07/03/2025,14:00,CLEAR,23.8,0.0,10000.0
WS-NORTH,07/03/2025,15:00,Clear,22.7,0.0,10000.0
WS-NORTH,07/03/2025,16:00,Clear,21.9,0.0,10000.0
WS-NORTH,07/03/2025,17:00,Clear,20.7,0.0,10000.0
WS-NORTH,07/03/2025,18:00,Clear,20.2,0.0,10000.0
WS-NORTH,07/03/2025,19:00,clear,22.0,0.0,10000.0
WS-NORTH,07/03/2025,20:00,CLEAR,21.3,0.0,10000.0
WS-NORTH,07/03/2025,21:00,Clear,20.3,0.0,10000.0
WS-NORTH,07/03/2025,22:00,clear,15.2,0.0,10000.0
WS-NORTH,07/03/2025,23:00,Clear,14.6,0.0,10000.0
WS-NORTH,08/03/2025,00:00,Clear,12.3,0.0,10000.0
WS-NORTH,08/03/2025,01:00,Clear,12.4,0.0,10000.0
WS-NORTH,08/03/2025,02:00,Cloudy,13.1,0.0,10000.0
WS-NORTH,08/03/2025,03:00,Cloudy,14.1,0.0,10000.0
WS-NORTH,08/03/2025,04:00,Cloudy,13.6,0.0,10000.0
WS-NORTH,08/03/2025,05:00,Cloudy,13.5,0.0,10000.0
WS-NORTH,08/03/2025,06:00,Cloudy,13.9,0.0,10000.0
WS-NORTH,08/03/2025,07:00,Cloudy,14.3,0.0,10000.0
WS-NORTH,08/03/2025,08:00,Clear,16.5,0.0,10000.0
WS-NORTH,08/03/2025,09:00,Clear,16.3,0.0,10000.0
WS-NORTH,08/03/2025,10:00,Clear,21.4,0.0,10000.0
WS-NORTH,08/03/2025,11:00,clear,20.9,0.0,10000.0
WS-NORTH,08/03/2025,12:00,clear,21.0,0.0,10000.0
WS-NORTH,08/03/2025,13:00,Clear,21.8,0.0,10000.0
WS-NORTH,08/03/2025,14:00,Clear,19.6,0.0,10000.0
WS-NORTH,08/03/2025,15:00,Cloudy,22.9,0.0,10000.0
WS-NORTH,08/03/2025,16:00,Cloudy,21.7,0.0,10000.0
WS-NORTH,08/03/2025,17:00,Cloudy,21.2,0.0,10000.0
WS-NORTH,08/03/2025,18:00,cloudy,21.9,0.0,10000.0
WS-NORTH,08/03/2025,19:00,Clear,18.4,0.0,10000.0
WS-NORTH,08/03/2025,20:00,Clear,17.1,0.0,10000.0
WS-NORTH,08/03/2025,21:00,Clear,19.1,0.0,10000.0
WS-NORTH,08/03/2025,22:00,Clear,16.8,0.0,10000.0
WS-NORTH,08/03/2025,23:00,Clear,15.7,0.0,10000.0
WS-NORTH,09/03/2025,00:00,Clear,13.0,0.0,10000.0
WS-NORTH,09/03/2025,01:00,CLEAR,13.6,0.0,10000.0
WS-NORTH,09/03/2025,02:00,clear,12.6,0.0,10000.0
WS-NORTH,09/03/2025,03:00,Clear,11.8,0.0,10000.0
WS-NORTH,09/03/2025,04:00,Clear,12.7,0.0,10000.0
WS-NORTH,09/03/2025,05:00,Clear,12.8,0.0,10000.0
WS-NORTH,09/03/2025,06:00,Clear,15.3,0.0,10000.0
WS-NORTH,09/03/2025,07:00,CLEAR,15.1,0.0,10000.0
WS-NORTH,09/03/2025,08:00,Clear,17.7,0.0,10000.0
WS-NORTH,09/03/2025,09:00,Clear,18.9,0.0,10000.0
WS-NORTH,09/03/2025,10:00,CLEAR,20.3,0.0,10000.0
WS-NORTH,09/03/2025,11:00,Clear,21.2,0.0,10000.0
WS-NORTH,09/03/2025,12:00,clear,20.7,0.0,10000.0
WS-NORTH,09/03/2025,13:00,CLEAR,23.6,0.0,10000.0
WS-NORTH,09/03/2025,14:00,CLEAR,23.5,0.0,10000.0
WS-NORTH,09/03/2025,15:00,clear,22.1,0.0,10000.0
WS-NORTH,09/03/2025,16:00,CLEAR,20.9,0.0,10000.0
WS-NORTH,09/03/2025,17:00,Clear,20.7,0.0,10000.0
WS-NORTH,09/03/2025,18:00,Clear,18.3,0.0,10000.0
WS-NORTH,09/03/2025,19:00,Clear,18.1,0.0,10000.0
WS-NORTH,09/03/2025,20:00,Clear,19.3,0.0,10000.0
WS-NORTH,09/03/2025,21:00,Clear,14.3,0.0,10000.0
WS-NORTH,09/03/2025,22:00,Clear,15.6,0.0,10000.0
WS-NORTH,09/03/2025,23:00,Clear,15.3,0.0,10000.0
WS-NORTH,10/03/2025,00:00,CLEAR,13.2,0.0,10000.0
WS-NORTH,10/03/2025,01:00,Clear,13.5,0.0,10000.0
WS-NORTH,10/03/2025,02:00,Clear,14.4,0.0,10000.0
WS-NORTH,10/03/2025,03:00,Clear,12.2,0.0,10000.0
WS-NORTH,10/03/2025,04:00,Clear,12.2,0.0,10000.0
WS-NORTH,10/03/2025,05:00,clear,14.6,0.0,10000.0
WS-NORTH,10/03/2025,06:00,Clear,15.9,0.0,10000.0
WS-NORTH,10/03/2025,07:00,Clear,14.0,0.0,10000.0
WS-NORTH,10/03/2025,08:00,Clear,17.0,0.0,10000.0
WS-NORTH,10/03/2025,09:00,clear,15.2,0.0,10000.0
WS-NORTH,10/03/2025,10:00,Clear,19.3,0.0,10000.0
WS-NORTH,10/03/2025,11:00,Clear,19.5,0.0,10000.0
WS-NORTH,10/03/2025,12:00,Clear,21.0,0.0,10000.0
WS-NORTH,10/03/2025,13:00,clear,20.3,0.0,10000.0
WS-NORTH,10/03/2025,14:00,CLEAR,23.2,0.0,10000.0
WS-NORTH,10/03/2025,15:00,Clear,22.1,0.0,10000.0
WS-NORTH,10/03/2025,16:00,Clear,22.5,0.0,10000.0
WS-NORTH,10/03/2025,17:00,Clear,19.8,0.0,10000.0
WS-NORTH,10/03/2025,18:00,Clear,20.2,0.0,10000.0
WS-NORTH,10/03/2025,19:00,cloudy,19.7,0.0,10000.0
WS-NORTH,10/03/2025,20:00,Cloudy,19.3,0.0,10000.0
WS-NORTH,10/03/2025,21:00,Overcast,18.2,0.0,10000.0
WS-NORTH,10/03/2025,22:00,cloudy,16.0,0.0,10000.0
WS-NORTH,10/03/2025,23:00,Cloudy,15.4,0.0,10000.0
WS-NORTH,11/03/2025,00:00,cloudy,15.1,0.0,10000.0
WS-NORTH,11/03/2025,01:00,cloudy,12.6,0.0,10000.0
WS-NORTH,11/03/2025,02:00,Clear,14.9,0.0,10000.0
WS-NORTH,11/03/2025,03:00,Clear,11.6,0.0,10000.0
WS-NORTH,11/03/2025,04:00,CLEAR,11.8,0.0,10000.0
WS-NORTH,11/03/2025,05:00,CLEAR,14.4,0.0,10000.0
WS-NORTH,11/03/2025,06:00,Clear,12.4,0.0,10000.0
WS-NORTH,11/03/2025,07:00,Clear,15.4,0.0,10000.0
WS-NORTH,11/03/2025,08:00,CLEAR,14.9,0.0,10000.0
WS-NORTH,11/03/2025,09:00,Clear,16.6,0.0,10000.0
WS-NORTH,11/03/2025,10:00,Clear,19.4,0.0,10000.0
WS-NORTH,11/03/2025,11:00,Clear,19.1,0.0,10000.0
WS-NORTH,11/03/2025,12:00,Clear,22.7,0.0,10000.0
WS-NORTH,11/03/2025,13:00,clear,21.2,0.0,10000.0
WS-NORTH,11/03/2025,14:00,Clear,25.2,0.0,10000.0
WS-NORTH,11/03/2025,15:00,clear,22.1,0.0,10000.0
WS-NORTH,11/03/2025,16:00,CLEAR,22.9,0.0,10000.0
WS-NORTH,11/03/2025,17:00,Clear,21.0,0.0,10000.0
WS-NORTH,11/03/2025,18:00,Clear,20.8,0.0,10000.0
WS-NORTH,11/03/2025,19:00,clear,21.7,0.0,10000.0
WS-NORTH,11/03/2025,20:00,Clear,20.1,0.0,10000.0
WS-NORTH,11/03/2025,21:00,Clear,18.5,0.0,10000.0
WS-NORTH,11/03/2025,22:00,Clear,16.1,0.0,10000.0
WS-NORTH,11/03/2025,23:00,Clear,13.4,0.0,10000.0
WS-NORTH,12/03/2025,00:00,Clear,15.2,0.0,10000.0
WS-NORTH,12/03/2025,01:00,Cloudy,12.3,0.0,10000.0
WS-NORTH,12/03/2025,02:00,cloudy,11.6,0.0,10000.0
WS-NORTH,12/03/2025,03:00,Clear,12.6,0.0,10000.0
WS-NORTH,12/03/2025,04:00,Clear,12.6,0.0,10000.0
WS-NORTH,12/03/2025,05:00,Clear,12.4,0.0,10000.0
WS-NORTH,12/03/2025,06:00,CLEAR,13.0,0.0,10000.0
WS-NORTH,12/03/2025,07:00,Clear,15.1,0.0,10000.0
WS-NORTH,12/03/2025,08:00,clear,13.8,0.0,10000.0
WS-NORTH,12/03/2025,09:00,cloudy,16.0,0.0,10000.0
WS-NORTH,12/03/2025,10:00,Overcast,18.4,0.0,10000.0
WS-NORTH,12/03/2025,11:00,Cloudy,20.4,0.0,10000.0
WS-NORTH,12/03/2025,12:00,cloudy,22.3,0.0,10000.0
WS-NORTH,12/03/2025,13:00,Cloudy,21.8,0.0,10000.0
WS-NORTH,12/03/2025,14:00,CLEAR,22.0,0.0,10000.0
WS-NORTH,12/03/2025,15:00,CLEAR,22.1,0.0,10000.0
WS-NORTH,12/03/2025,16:00,clear,22.9,0.0,10000.0
WS-NORTH,12/03/2025,17:00,clear,22.5,0.0,10000.0
WS-NORTH,12/03/2025,18:00,clear,20.8,0.0,10000.0
WS-NORTH,12/03/2025,19:00,Clear,20.5,0.0,10000.0
WS-NORTH,12/03/2025,20:00,CLEAR,20.4,0.0,10000.0
WS-NORTH,12/03/2025,21:00,Clear,16.3,0.0,10000.0
WS-NORTH,12/03/2025,22:00,Clear,14.3,0.0,10000.0
WS-NORTH,12/03/2025,23:00,Clear,15.2,0.0,10000.0
WS-NORTH,13/03/2025,00:00,Clear,15.2,0.0,10000.0
WS-NORTH,13/03/2025,01:00,clear,14.7,0.0,
WS-NORTH,13/03/2025,02:00,Clear,12.2,0.0,10000.0
WS-NORTH,13/03/2025,03:00,clear,14.0,0.0,10000.0
WS-NORTH,13/03/2025,04:00,Fog,10.6,0.0,391.0
WS-NORTH,13/03/2025,05:00,Fog,13.0,0.0,342.0
WS-NORTH,13/03/2025,06:00,CLEAR,14.9,0.0,10000.0
WS-NORTH,13/03/2025,07:00,Clear,,0.0,10000.0
WS-NORTH,13/03/2025,08:00,Clear,16.4,0.0,10000.0
WS-NORTH,13/03/2025,09:00,clear,17.8,0.0,10000.0
WS-NORTH,13/03/2025,10:00,Cloudy,19.3,0.0,10000.0
WS-NORTH,13/03/2025,11:00,Overcast,19.8,0.0,10000.0
WS-NORTH,13/03/2025,12:00,Overcast,20.2,0.0,10000.0
WS-NORTH,13/03/2025,13:00,Cloudy,21.7,0.0,10000.0
WS-NORTH,13/03/2025,14:00,Cloudy,23.6,0.0,10000.0
WS-NORTH,13/03/2025,15:00,Clear,22.4,0.0,10000.0
WS-NORTH,13/03/2025,16:00,Cloudy,21.7,0.0,10000.0
WS-NORTH,13/03/2025,17:00,cloudy,23.2,0.0,10000.0
WS-NORTH,13/03/2025,18:00,Cloudy,22.3,0.0,10000.0
WS-NORTH,13/03/2025,19:00,Cloudy,22.4,0.0,10000.0
WS-NORTH,13/03/2025,20:00,Cloudy,20.7,0.0,10000.0
WS-NORTH,13/03/2025,21:00,Clear,18.2,0.0,10000.0
WS-NORTH,13/03/2025,22:00,CLEAR,15.9,0.0,10000.0
WS-NORTH,13/03/2025,23:00,Clear,16.9,0.0,10000.0
WS-NORTH,14/03/2025,00:00,Clear,15.4,0.0,10000.0
WS-NORTH,14/03/2025,01:00,Clear,13.3,0.0,10000.0
WS-NORTH,14/03/2025,02:00,CLEAR,12.3,0.0,10000.0
WS-NORTH,14/03/2025,03:00,clear,12.3,0.0,10000.0
WS-NORTH,14/03/2025,04:00,Clear,14.2,0.0,10000.0
WS-NORTH,14/03/2025,05:00,cloudy,14.9,0.0,10000.0
WS-NORTH,14/03/2025,06:00,Overcast,15.0,0.0,10000.0
WS-NORTH,14/03/2025,07:00,Cloudy,17.7,0.0,10000.0
WS-NORTH,14/03/2025,08:00,CLEAR,17.9,0.0,10000.0
WS-NORTH,14/03/2025,09:00,CLEAR,17.4,0.0,10000.0
WS-NORTH,14/03/2025,10:00,Clear,,0.0,10000.0
WS-NORTH,14/03/2025,11:00,Clear,22.6,0.0,10000.0
WS-NORTH,14/03/2025,12:00,Clear,22.5,0.0,10000.0
WS-NORTH,14/03/2025,13:00,CLEAR,23.9,0.0,10000.0
WS-NORTH,14/03/2025,14:00,Clear,23.9,0.0,10000.0
WS-NORTH,14/03/2025,15:00,Clear,24.8,0.0,10000.0
WS-NORTH,14/03/2025,16:00,Clear,20.9,0.0,10000.0
WS-NORTH,14/03/2025,17:00,Clear,19.9,0.0,10000.0
WS-NORTH,14/03/2025,18:00,Clear,20.4,0.0,10000.0
WS-NORTH,14/03/2025,19:00,clear,21.6,0.0,10000.0
WS-NORTH,14/03/2025,20:00,Clear,19.3,0.0,10000.0
WS-NORTH,14/03/2025,21:00,Clear,16.5,0.0,10000.0
WS-NORTH,14/03/2025,22:00,Clear,17.2,0.0,10000.0
WS-NORTH,14/03/2025,23:00,clear,15.7,0.0,10000.0
WS-NORTH,15/03/2025,00:00,CLEAR,13.9,0.0,10000.0
WS-NORTH,15/03/2025,01:00,CLEAR,13.5,0.0,10000.0
WS-NORTH,15/03/2025,02:00,Clear,14.1,0.0,10000.0
WS-NORTH,15/03/2025,03:00,Clear,14.2,0.0,10000.0
WS-NORTH,15/03/2025,04:00,Fog,14.8,0.0,420.0
WS-NORTH,15/03/2025,05:00,foggy,13.9,0.0,439.0
WS-NORTH,15/03/2025,06:00,Clear,14.6,0.0,10000.0
WS-NORTH,15/03/2025,07:00,Clear,17.2,0.0,
WS-NORTH,15/03/2025,08:00,Rain,15.3,4.9,1996.0
WS-NORTH,15/03/2025,09:00,Rain,16.5,0.8,4303.0
WS-NORTH,15/03/2025,10:00,rain ,20.2,1.4,4632.0
WS-NORTH,15/03/2025,11:00,Rain,18.7,6.3,2613.0
WS-NORTH,15/03/2025,12:00,Rain,21.7,7.2,4274.0
WS-NORTH,15/03/2025,13:00,Cloudy,21.9,0.0,10000.0
WS-NORTH,15/03/2025,14:00,Overcast,23.6,0.0,10000.0
WS-NORTH,15/03/2025,15:00,Cloudy,22.1,0.0,10000.0
WS-NORTH,15/03/2025,16:00,cloudy,22.0,0.0,10000.0
WS-NORTH,15/03/2025,17:00,Cloudy,20.9,0.0,10000.0
WS-NORTH,15/03/2025,18:00,Clear,21.2,0.0,10000.0
WS-NORTH,15/03/2025,19:00,Clear,21.1,0.0,10000.0
WS-NORTH,15/03/2025,20:00,Clear,18.9,0.0,10000.0
WS-NORTH,15/03/2025,21:00,Clear,16.4,0.0,10000.0
WS-NORTH,15/03/2025,22:00,Clear,15.0,0.0,10000.0
WS-NORTH,15/03/2025,23:00,Clear,16.2,0.0,10000.0
WS-NORTH,16/03/2025,00:00,Clear,13.6,0.0,10000.0
WS-NORTH,16/03/2025,01:00,Clear,15.2,0.0,10000.0
WS-NORTH,16/03/2025,02:00,Clear,11.6,0.0,10000.0
WS-NORTH,16/03/2025,03:00,Clear,12.5,0.0,10000.0
WS-NORTH,16/03/2025,04:00,clear,11.9,0.0,10000.0
WS-NORTH,16/03/2025,05:00,Clear,14.6,0.0,10000.0
WS-NORTH,16/03/2025,06:00,Clear,15.6,0.0,10000.0
WS-NORTH,16/03/2025,07:00,Clear,15.3,0.0,10000.0
WS-NORTH,16/03/2025,08:00,Overcast,14.9,0.0,10000.0
WS-NORTH,16/03/2025,09:00,Cloudy,16.4,0.0,10000.0
WS-NORTH,16/03/2025,10:00,Cloudy,18.6,0.0,10000.0
WS-NORTH,16/03/2025,11:00,Cloudy,19.8,0.0,10000.0
WS-NORTH,16/03/2025,12:00,Cloudy,20.5,0.0,10000.0
WS-NORTH,16/03/2025,13:00,Cloudy,21.2,0.0,10000.0
WS-NORTH,16/03/2025,14:00,cloudy,,0.0,10000.0
WS-NORTH,16/03/2025,15:00,CLEAR,24.7,0.0,10000.0
WS-NORTH,16/03/2025,16:00,Clear,24.4,0.0,10000.0
WS-NORTH,16/03/2025,17:00,Clear,21.5,0.0,10000.0
WS-NORTH,16/03/2025,18:00,Cloudy,22.4,0.0,
WS-NORTH,16/03/2025,19:00,cloudy,21.1,0.0,10000.0
WS-NORTH,16/03/2025,20:00,Cloudy,21.0,0.0,10000.0
WS-NORTH,16/03/2025,21:00,Cloudy,17.1,0.0,10000.0
WS-NORTH,16/03/2025,22:00,Overcast,14.6,0.0,10000.0
WS-NORTH,16/03/2025,23:00,cloudy,14.7,0.0,10000.0
WS-NORTH,17/03/2025,00:00,Overcast,14.2,0.0,10000.0
WS-NORTH,17/03/2025,01:00,Clear,12.8,0.0,10000.0
WS-NORTH,17/03/2025,02:00,Clear,13.0,0.0,10000.0
WS-NORTH,17/03/2025,03:00,Clear,12.7,0.0,10000.0
WS-NORTH,17/03/2025,04:00,Clear,14.6,0.0,10000.0
WS-NORTH,17/03/2025,05:00,Cloudy,13.9,0.0,10000.0
WS-NORTH,17/03/2025,06:00,Cloudy,14.0,0.0,10000.0
WS-NORTH,17/03/2025,07:00,Clear,15.8,0.0,10000.0
WS-NORTH,17/03/2025,08:00,Clear,16.6,0.0,10000.0
WS-NORTH,17/03/2025,09:00,Clear,16.5,0.0,10000.0
WS-NORTH,17/03/2025,10:00,Clear,18.0,0.0,10000.0
WS-NORTH,17/03/2025,11:00,Clear,18.9,0.0,
WS-NORTH,17/03/2025,12:00,Clear,19.8,0.0,10000.0
WS-NORTH,17/03/2025,13:00,Clear,21.9,0.0,10000.0
WS-NORTH,17/03/2025,14:00,Clear,23.4,0.0,10000.0
WS-NORTH,17/03/2025,15:00,Clear,23.9,0.0,10000.0
WS-NORTH,17/03/2025,16:00,Clear,23.0,0.0,10000.0
WS-NORTH,17/03/2025,17:00,clear,20.8,0.0,10000.0
WS-NORTH,17/03/2025,18:00,Clear,22.1,0.0,10000.0
WS-NORTH,17/03/2025,19:00,CLEAR,18.9,0.0,10000.0
WS-NORTH,17/03/2025,20:00,Clear,18.5,0.0,10000.0
WS-NORTH,17/03/2025,21:00,Cloudy,17.6,0.0,10000.0
WS-NORTH,17/03/2025,22:00,Cloudy,15.9,0.0,10000.0
WS-NORTH,17/03/2025,23:00,Cloudy,15.6,0.0,10000.0
WS-NORTH,18/03/2025,00:00,Cloudy,14.2,0.0,10000.0
WS-NORTH,18/03/2025,01:00,Cloudy,13.0,0.0,10000.0
WS-NORTH,18/03/2025,02:00,Cloudy,13.5,0.0,10000.0
WS-NORTH,18/03/2025,03:00,cloudy,12.6,0.0,10000.0
WS-NORTH,18/03/2025,04:00,Overcast,12.8,0.0,10000.0
WS-NORTH,18/03/2025,05:00,Cloudy,15.5,0.0,10000.0
WS-NORTH,18/03/2025,06:00,Clear,13.8,0.0,10000.0
WS-NORTH,18/03/2025,07:00,Clear,15.2,0.0,10000.0
WS-NORTH,18/03/2025,08:00,clear,18.3,0.0,10000.0
WS-NORTH,18/03/2025,09:00,Clear,18.4,0.0,10000.0
WS-NORTH,18/03/2025,10:00,Clear,18.1,0.0,10000.0
WS-NORTH,18/03/2025,11:00,Clear,21.2,0.0,10000.0
WS-NORTH,18/03/2025,12:00,Clear,21.6,0.0,10000.0
WS-NORTH,18/03/2025,13:00,Clear,21.5,0.0,10000.0
WS-NORTH,18/03/2025,14:00,Clear,22.4,0.0,10000.0
WS-NORTH,18/03/2025,15:00,CLEAR,23.7,0.0,10000.0
WS-NORTH,18/03/2025,16:00,Clear,23.0,0.0,10000.0
WS-NORTH,18/03/2025,17:00,Clear,22.2,0.0,10000.0
WS-NORTH,18/03/2025,18:00,clear,21.6,0.0,10000.0
WS-NORTH,18/03/2025,19:00,Clear,19.2,0.0,10000.0
WS-NORTH,18/03/2025,20:00,Clear,18.0,0.0,10000.0
WS-NORTH,18/03/2025,21:00,Clear,17.9,0.0,10000.0
WS-NORTH,18/03/2025,22:00,Clear,16.4,0.0,10000.0
WS-NORTH,18/03/2025,23:00,Clear,18.0,0.0,10000.0
WS-NORTH,19/03/2025,00:00,Clear,15.7,0.0,10000.0
WS-NORTH,19/03/2025,01:00,clear,13.6,0.0,10000.0
WS-NORTH,19/03/2025,02:00,Clear,14.6,0.0,10000.0
WS-NORTH,19/03/2025,03:00,Clear,12.3,0.0,10000.0
WS-NORTH,19/03/2025,04:00,Clear,14.4,0.0,10000.0
WS-NORTH,19/03/2025,05:00,CLEAR,15.3,0.0,10000.0
WS-NORTH,19/03/2025,06:00,Clear,14.4,0.0,10000.0
WS-NORTH,19/03/2025,07:00,clear,17.2,0.0,10000.0
WS-NORTH,19/03/2025,08:00,Clear,17.9,0.0,10000.0
WS-NORTH,19/03/2025,09:00,clear,17.0,0.0,10000.0
WS-NORTH,19/03/2025,10:00,CLEAR,17.5,0.0,10000.0
WS-NORTH,19/03/2025,11:00,Clear,19.1,0.0,10000.0
WS-NORTH,19/03/2025,12:00,CLEAR,21.4,0.0,10000.0
WS-NORTH,19/03/2025,13:00,Clear,22.9,0.0,10000.0
WS-NORTH,19/03/2025,14:00,Clear,25.3,0.0,
WS-NORTH,19/03/2025,15:00,Rain,23.2,5.1,2037.0
WS-NORTH,19/03/2025,16:00,Rain,21.9,5.4,4218.0
WS-NORTH,19/03/2025,17:00,Rain,22.4,6.7,1906.0
WS-NORTH,19/03/2025,18:00,Rain,21.5,7.7,3011.0
WS-NORTH,19/03/2025,19:00,Rain,18.8,2.3,4576.0
WS-NORTH,19/03/2025,20:00,Overcast,21.4,0.0,10000.0
WS-NORTH,19/03/2025,21:00,Cloudy,19.7,0.0,10000.0
WS-NORTH,19/03/2025,22:00,Clear,14.5,0.0,10000.0
WS-NORTH,19/03/2025,23:00,Clear,15.7,0.0,10000.0
WS-NORTH,20/03/2025,00:00,Clear,14.2,0.0,10000.0
WS-NORTH,20/03/2025,01:00,Rain,12.9,8.6,2648.0
WS-NORTH,20/03/2025,02:00,rain ,12.7,7.6,4633.0
WS-NORTH,20/03/2025,03:00,CLEAR,10.5,0.0,10000.0
WS-NORTH,20/03/2025,04:00,Clear,16.1,0.0,10000.0
WS-NORTH,20/03/2025,05:00,Clear,13.4,0.0,10000.0
WS-NORTH,20/03/2025,06:00,Clear,14.8,0.0,10000.0
WS-NORTH,20/03/2025,07:00,Clear,14.8,0.0,10000.0
WS-NORTH,20/03/2025,08:00,CLEAR,17.4,0.0,10000.0
WS-NORTH,20/03/2025,09:00,Clear,18.5,0.0,10000.0
WS-NORTH,20/03/2025,10:00,Rain,19.0,6.4,4693.0
WS-NORTH,20/03/2025,11:00,Rain,21.1,0.7,4491.0
WS-NORTH,20/03/2025,12:00,Rain,20.7,8.0,4692.0
WS-NORTH,20/03/2025,13:00,Rain,22.9,5.0,2316.0
WS-NORTH,20/03/2025,14:00,Rain,23.3,1.2,4038.0
WS-NORTH,20/03/2025,15:00,Clear,23.6,0.0,10000.0
WS-NORTH,20/03/2025,16:00,Clear,22.7,0.0,10000.0
WS-NORTH,20/03/2025,17:00,Clear,23.1,0.0,10000.0
WS-NORTH,20/03/2025,18:00,Clear,22.6,0.0,10000.0
WS-NORTH,20/03/2025,19:00,Clear,22.6,0.0,10000.0
WS-NORTH,20/03/2025,20:00,Clear,19.3,0.0,10000.0
WS-NORTH,20/03/2025,21:00,Clear,17.9,0.0,10000.0
WS-NORTH,20/03/2025,22:00,clear,17.1,0.0,10000.0
WS-NORTH,20/03/2025,23:00,Clear,16.6,0.0,10000.0
WS-NORTH,21/03/2025,00:00,Clear,14.9,0.0,10000.0
WS-NORTH,21/03/2025,01:00,Clear,16.1,0.0,10000.0
WS-NORTH,21/03/2025,02:00,Clear,12.9,0.0,10000.0
WS-NORTH,21/03/2025,03:00,Clear,12.7,0.0,10000.0
WS-NORTH,21/03/2025,04:00,Fog,12.0,0.0,411.0
WS-NORTH,21/03/2025,05:00,Clear,14.1,0.0,10000.0
WS-NORTH,21/03/2025,06:00,Clear,13.7,0.0,10000.0
WS-NORTH,21/03/2025,07:00,Clear,14.8,0.0,10000.0
WS-NORTH,21/03/2025,08:00,Clear,15.7,0.0,10000.0
WS-NORTH,21/03/2025,09:00,Clear,17.9,0.0,10000.0
WS-NORTH,21/03/2025,10:00,CLEAR,18.7,0.0,10000.0
WS-NORTH,21/03/2025,11:00,clear,23.2,0.0,10000.0
WS-NORTH,21/03/2025,12:00,Clear,23.7,0.0,10000.0
WS-NORTH,21/03/2025,13:00,Clear,22.6,0.0,10000.0
WS-NORTH,21/03/2025,14:00,Clear,21.3,0.0,10000.0
WS-NORTH,21/03/2025,15:00,clear,,0.0,10000.0
WS-NORTH,21/03/2025,16:00,Clear,23.8,0.0,10000.0
WS-NORTH,21/03/2025,17:00,Clear,20.9,0.0,10000.0
WS-NORTH,21/03/2025,18:00,Clear,20.4,0.0,10000.0
WS-NORTH,21/03/2025,19:00,Clear,19.6,0.0,10000.0
WS-NORTH,21/03/2025,20:00,Clear,22.1,0.0,10000.0
WS-NORTH,21/03/2025,21:00,Clear,18.1,0.0,10000.0
WS-NORTH,21/03/2025,22:00,CLEAR,16.8,0.0,10000.0
WS-NORTH,21/03/2025,23:00,Clear,16.1,0.0,10000.0
WS-NORTH,22/03/2025,00:00,Clear,,0.0,10000.0
WS-NORTH,22/03/2025,01:00,Clear,12.5,0.0,10000.0
WS-NORTH,22/03/2025,02:00,Clear,13.1,0.0,10000.0
WS-NORTH,22/03/2025,03:00,Clear,11.9,0.0,10000.0
WS-NORTH,22/03/2025,04:00,Cloudy,13.9,0.0,10000.0
WS-NORTH,22/03/2025,05:00,Cloudy,13.2,0.0,10000.0
WS-NORTH,22/03/2025,06:00,Clear,14.4,0.0,10000.0
WS-NORTH,22/03/2025,07:00,clear,14.4,0.0,10000.0
WS-NORTH,22/03/2025,08:00,Cloudy,18.1,0.0,10000.0
WS-NORTH,22/03/2025,09:00,Overcast,16.6,0.0,10000.0
WS-NORTH,22/03/2025,10:00,Clear,20.2,0.0,10000.0
WS-NORTH,22/03/2025,11:00,CLEAR,21.7,0.0,10000.0
WS-NORTH,22/03/2025,12:00,CLEAR,19.9,0.0,10000.0
WS-NORTH,22/03/2025,13:00,Clear,22.8,0.0,
WS-NORTH,22/03/2025,14:00,Clear,22.2,0.0,10000.0
WS-NORTH,22/03/2025,15:00,Clear,22.7,0.0,10000.0
WS-NORTH,22/03/2025,16:00,CLEAR,22.7,0.0,10000.0
WS-NORTH,22/03/2025,17:00,CLEAR,22.7,0.0,10000.0
WS-NORTH,22/03/2025,18:00,CLEAR,19.4,0.0,10000.0
WS-NORTH,22/03/2025,19:00,Clear,21.3,0.0,10000.0
WS-NORTH,22/03/2025,20:00,Clear,19.6,0.0,10000.0
WS-NORTH,22/03/2025,21:00,clear,19.3,0.0,10000.0
WS-NORTH,22/03/2025,22:00,clear,17.6,0.0,10000.0
WS-NORTH,22/03/2025,23:00,Clear,17.6,0.0,10000.0
WS-NORTH,23/03/2025,00:00,Clear,14.7,0.0,10000.0
WS-NORTH,23/03/2025,01:00,Clear,14.4,0.0,10000.0
WS-NORTH,23/03/2025,02:00,Clear,14.4,0.0,10000.0
WS-NORTH,23/03/2025,03:00,Cloudy,13.8,0.0,10000.0
WS-NORTH,23/03/2025,04:00,Cloudy,15.8,0.0,10000.0
WS-NORTH,23/03/2025,05:00,Cloudy,16.6,0.0,10000.0
WS-NORTH,23/03/2025,06:00,Cloudy,16.4,0.0,10000.0
WS-NORTH,23/03/2025,07:00,Cloudy,14.8,0.0,10000.0
WS-NORTH,23/03/2025,08:00,cloudy,16.3,0.0,10000.0
WS-NORTH,23/03/2025,09:00,Cloudy,19.4,0.0,10000.0
WS-NORTH,23/03/2025,10:00,Clear,20.7,0.0,10000.0
WS-NORTH,23/03/2025,11:00,clear,18.7,0.0,10000.0
WS-NORTH,23/03/2025,12:00,clear,22.3,0.0,10000.0
WS-NORTH,23/03/2025,13:00,clear,24.3,0.0,10000.0
WS-NORTH,23/03/2025,14:00,Clear,23.3,0.0,10000.0
WS-NORTH,23/03/2025,15:00,Clear,21.9,0.0,10000.0
WS-NORTH,23/03/2025,16:00,Clear,23.7,0.0,10000.0
WS-NORTH,23/03/2025,17:00,Clear,23.2,0.0,10000.0
WS-NORTH,23/03/2025,18:00,clear,20.5,0.0,10000.0
WS-NORTH,23/03/2025,19:00,Clear,21.7,0.0,10000.0
WS-NORTH,23/03/2025,20:00,Clear,20.1,0.0,10000.0
WS-NORTH,23/03/2025,21:00,Clear,16.5,0.0,10000.0
WS-NORTH,23/03/2025,22:00,CLEAR,17.5,0.0,10000.0
WS-NORTH,23/03/2025,23:00,Clear,15.8,0.0,10000.0
WS-NORTH,24/03/2025,00:00,clear,13.6,0.0,10000.0
WS-NORTH,24/03/2025,01:00,Clear,15.3,0.0,10000.0
WS-NORTH,24/03/2025,02:00,CLEAR,15.0,0.0,10000.0
WS-NORTH,24/03/2025,03:00,Clear,12.5,0.0,10000.0
WS-NORTH,24/03/2025,04:00,Clear,14.6,0.0,10000.0
WS-NORTH,24/03/2025,05:00,Clear,14.1,0.0,10000.0
WS-NORTH,24/03/2025,06:00,Clear,14.5,0.0,10000.0
WS-NORTH,24/03/2025,07:00,CLEAR,16.7,0.0,10000.0
WS-NORTH,24/03/2025,08:00,Clear,17.9,0.0,10000.0
WS-NORTH,24/03/2025,09:00,Clear,18.0,0.0,10000.0
WS-NORTH,24/03/2025,10:00,RAIN,21.2,2.3,2526.0
WS-NORTH,24/03/2025,11:00,rain ,20.1,3.4,3698.0
WS-NORTH,24/03/2025,12:00,Clear,21.2,0.0,10000.0
WS-NORTH,24/03/2025,13:00,clear,23.5,0.0,10000.0
WS-NORTH,24/03/2025,14:00,Clear,22.7,0.0,10000.0
WS-NORTH,24/03/2025,15:00,Clear,23.5,0.0,10000.0
WS-NORTH,24/03/2025,16:00,clear,24.4,0.0,10000.0
WS-NORTH,24/03/2025,17:00,Clear,22.8,0.0,10000.0
WS-NORTH,24/03/2025,18:00,clear,21.6,0.0,10000.0
WS-NORTH,24/03/2025,19:00,Clear,23.7,0.0,10000.0
WS-NORTH,24/03/2025,20:00,clear,22.2,0.0,10000.0
WS-NORTH,24/03/2025,21:00,Clear,17.1,0.0,10000.0
WS-NORTH,24/03/2025,22:00,Clear,16.5,0.0,10000.0
WS-NORTH,24/03/2025,23:00,Clear,13.0,0.0,10000.0
WS-NORTH,25/03/2025,00:00,CLEAR,15.2,0.0,10000.0
WS-NORTH,25/03/2025,01:00,CLEAR,14.5,0.0,10000.0
WS-NORTH,25/03/2025,02:00,Clear,15.3,0.0,10000.0
WS-NORTH,25/03/2025,03:00,cloudy,14.4,0.0,10000.0
WS-NORTH,25/03/2025,04:00,Cloudy,13.6,0.0,10000.0
WS-NORTH,25/03/2025,05:00,Cloudy,15.0,0.0,10000.0
WS-NORTH,25/03/2025,06:00,cloudy,16.3,0.0,10000.0
WS-NORTH,25/03/2025,07:00,Cloudy,15.7,0.0,10000.0
WS-NORTH,25/03/2025,08:00,Clear,18.3,0.0,10000.0
WS-NORTH,25/03/2025,09:00,Clear,16.8,0.0,10000.0
WS-NORTH,25/03/2025,10:00,Clear,19.1,0.0,10000.0
WS-NORTH,25/03/2025,11:00,clear,19.8,0.0,10000.0
WS-NORTH,25/03/2025,12:00,clear,24.3,0.0,10000.0
WS-NORTH,25/03/2025,13:00,clear,23.0,0.0,10000.0
WS-NORTH,25/03/2025,14:00,Clear,21.8,0.0,10000.0
WS-NORTH,25/03/2025,15:00,Clear,22.6,0.0,10000.0
WS-NORTH,25/03/2025,16:00,Clear,23.1,0.0,10000.0
WS-NORTH,25/03/2025,17:00,Clear,22.9,0.0,10000.0
WS-NORTH,25/03/2025,18:00,Clear,21.6,0.0,10000.0
WS-NORTH,25/03/2025,19:00,Clear,20.3,0.0,10000.0
WS-NORTH,25/03/2025,20:00,Clear,18.6,0.0,10000.0
WS-NORTH,25/03/2025,21:00,Cloudy,17.9,0.0,10000.0
WS-NORTH,25/03/2025,22:00,Cloudy,16.7,0.0,10000.0
WS-NORTH,25/03/2025,23:00,Overcast,14.5,0.0,10000.0
WS-NORTH,26/03/2025,00:00,Cloudy,15.9,0.0,
WS-NORTH,26/03/2025,01:00,Cloudy,11.3,0.0,10000.0
WS-NORTH,26/03/2025,02:00,Cloudy,12.9,0.0,10000.0
WS-NORTH,26/03/2025,03:00,Clear,15.8,0.0,10000.0
WS-NORTH,26/03/2025,04:00,Clear,13.2,0.0,10000.0
WS-NORTH,26/03/2025,05:00,Clear,16.4,0.0,10000.0
WS-NORTH,26/03/2025,06:00,Clear,13.7,0.0,10000.0
WS-NORTH,26/03/2025,07:00,Clear,14.6,0.0,10000.0
WS-NORTH,26/03/2025,08:00,Clear,18.0,0.0,10000.0
WS-NORTH,26/03/2025,09:00,Clear,19.1,0.0,10000.0
WS-NORTH,26/03/2025,10:00,Clear,19.8,0.0,10000.0
WS-NORTH,26/03/2025,11:00,Clear,23.4,0.0,10000.0
WS-NORTH,26/03/2025,12:00,Clear,23.8,0.0,10000.0
WS-NORTH,26/03/2025,13:00,CLEAR,21.5,0.0,10000.0
WS-NORTH,26/03/2025,14:00,Clear,23.9,0.0,10000.0
WS-NORTH,26/03/2025,15:00,Clear,23.0,0.0,10000.0
WS-NORTH,26/03/2025,16:00,CLEAR,22.4,0.0,10000.0
WS-NORTH,26/03/2025,17:00,Clear,20.2,0.0,10000.0
WS-NORTH,26/03/2025,18:00,Clear,22.3,0.0,10000.0
WS-NORTH,26/03/2025,19:00,Clear,19.2,0.0,10000.0
WS-NORTH,26/03/2025,20:00,Clear,21.2,0.0,10000.0
WS-NORTH,26/03/2025,21:00,Clear,16.4,0.0,10000.0
WS-NORTH,26/03/2025,22:00,Clear,22.5,0.0,
WS-NORTH,26/03/2025,23:00,clear,16.8,0.0,10000.0
WS-NORTH,27/03/2025,00:00,Rain,15.2,2.7,4875.0
WS-NORTH,27/03/2025,01:00,Rain,11.4,2.7,1998.0
WS-NORTH,27/03/2025,02:00,Rain,13.2,3.4,2906.0
WS-NORTH,27/03/2025,03:00,rainy,14.3,1.8,3156.0
WS-NORTH,27/03/2025,04:00,Rain,14.5,3.6,1862.0
WS-NORTH,27/03/2025,05:00,Clear,13.6,0.0,10000.0
WS-NORTH,27/03/2025,06:00,Clear,13.2,0.0,10000.0
WS-NORTH,27/03/2025,07:00,CLEAR,15.9,0.0,10000.0
WS-NORTH,27/03/2025,08:00,Clear,18.2,0.0,10000.0
WS-NORTH,27/03/2025,09:00,Clear,18.7,0.0,10000.0
WS-NORTH,27/03/2025,10:00,Clear,19.0,0.0,10000.0
WS-NORTH,27/03/2025,11:00,Clear,19.9,0.0,10000.0
WS-NORTH,27/03/2025,12:00,Clear,21.9,0.0,10000.0
WS-NORTH,27/03/2025,13:00,Clear,21.7,0.0,10000.0
WS-NORTH,27/03/2025,14:00,Clear,23.0,0.0,10000.0
WS-NORTH,27/03/2025,15:00,Clear,23.6,0.0,10000.0
WS-NORTH,27/03/2025,16:00,Clear,23.3,0.0,10000.0
WS-NORTH,27/03/2025,17:00,CLEAR,21.9,0.0,10000.0
WS-NORTH,27/03/2025,18:00,Clear,22.9,0.0,10000.0
WS-NORTH,27/03/2025,19:00,clear,23.1,0.0,10000.0
WS-NORTH,27/03/2025,20:00,CLEAR,20.2,0.0,10000.0
WS-NORTH,27/03/2025,21:00,Clear,18.6,0.0,10000.0
WS-NORTH,27/03/2025,22:00,Clear,16.9,0.0,10000.0
WS-NORTH,27/03/2025,23:00,Clear,16.1,0.0,10000.0
WS-NORTH,28/03/2025,00:00,Clear,15.3,0.0,10000.0
WS-NORTH,28/03/2025,01:00,clear,14.3,0.0,10000.0
WS-NORTH,28/03/2025,02:00,Cloudy,13.0,0.0,10000.0
WS-NORTH,28/03/2025,03:00,Cloudy,14.3,0.0,10000.0
WS-NORTH,28/03/2025,04:00,Cloudy,13.2,0.0,10000.0
WS-NORTH,28/03/2025,05:00,cloudy,14.4,0.0,10000.0
WS-NORTH,28/03/2025,06:00,Cloudy,15.5,0.0,10000.0
WS-NORTH,28/03/2025,07:00,cloudy,16.1,0.0,10000.0
WS-NORTH,28/03/2025,08:00,Cloudy,17.5,0.0,10000.0
WS-NORTH,28/03/2025,09:00,Clear,15.8,0.0,10000.0
WS-NORTH,28/03/2025,10:00,clear,20.2,0.0,10000.0
WS-NORTH,28/03/2025,11:00,Clear,20.6,0.0,10000.0
WS-NORTH,28/03/2025,12:00,clear,19.2,0.0,10000.0
WS-NORTH,28/03/2025,13:00,clear,23.8,0.0,10000.0
WS-NORTH,28/03/2025,14:00,Clear,22.9,0.0,10000.0
WS-NORTH,28/03/2025,15:00,Clear,24.4,0.0,10000.0
WS-NORTH,28/03/2025,16:00,Clear,22.6,0.0,10000.0
WS-NORTH,28/03/2025,17:00,Clear,25.6,0.0,10000.0
WS-NORTH,28/03/2025,18:00,Clear,22.3,0.0,10000.0
WS-NORTH,28/03/2025,19:00,Clear,23.0,0.0,10000.0
WS-NORTH,28/03/2025,20:00,Clear,18.7,0.0,10000.0
WS-NORTH,28/03/2025,21:00,Clear,18.1,0.0,10000.0
WS-NORTH,28/03/2025,22:00,Clear,17.1,0.0,10000.0
WS-NORTH,28/03/2025,23:00,Clear,14.3,0.0,10000.0
WS-NORTH,29/03/2025,00:00,Clear,14.3,0.0,10000.0
WS-NORTH,29/03/2025,01:00,clear,14.2,0.0,10000.0
WS-NORTH,29/03/2025,02:00,clear,14.1,0.0,10000.0
WS-NORTH,29/03/2025,03:00,Clear,12.1,0.0,10000.0
WS-NORTH,29/03/2025,04:00,Clear,12.5,0.0,10000.0
WS-NORTH,29/03/2025,05:00,Clear,12.1,0.0,10000.0
WS-NORTH,29/03/2025,06:00,clear,13.8,0.0,10000.0
WS-NORTH,29/03/2025,07:00,Clear,,0.0,10000.0
WS-NORTH,29/03/2025,08:00,clear,17.9,0.0,10000.0
WS-NORTH,29/03/2025,09:00,Clear,18.5,0.0,10000.0
WS-NORTH,29/03/2025,10:00,clear,17.9,0.0,10000.0
WS-NORTH,29/03/2025,11:00,Clear,21.9,0.0,10000.0
WS-NORTH,29/03/2025,12:00,Clear,22.8,0.0,10000.0
WS-NORTH,29/03/2025,13:00,clear,22.8,0.0,10000.0
WS-NORTH,29/03/2025,14:00,Clear,24.1,0.0,10000.0
WS-NORTH,29/03/2025,15:00,Clear,24.5,0.0,10000.0
WS-NORTH,29/03/2025,16:00,Clear,20.8,0.0,
WS-NORTH,29/03/2025,17:00,Clear,22.1,0.0,10000.0
WS-NORTH,29/03/2025,18:00,Cloudy,22.4,0.0,10000.0
WS-NORTH,29/03/2025,19:00,Cloudy,21.4,0.0,10000.0
WS-NORTH,29/03/2025,20:00,Cloudy,20.7,0.0,10000.0
WS-NORTH,29/03/2025,21:00,Cloudy,16.5,0.0,10000.0
WS-NORTH,29/03/2025,22:00,Overcast,19.2,0.0,10000.0
WS-NORTH,29/03/2025,23:00,Overcast,14.9,0.0,10000.0
WS-NORTH,30/03/2025,00:00,Clear,13.0,0.0,10000.0
WS-NORTH,30/03/2025,01:00,Clear,13.3,0.0,10000.0
WS-NORTH,30/03/2025,02:00,Clear,14.5,0.0,
WS-NORTH,30/03/2025,03:00,clear,13.5,0.0,10000.0
WS-NORTH,30/03/2025,04:00,Clear,13.2,0.0,10000.0
WS-NORTH,30/03/2025,05:00,Clear,14.1,0.0,10000.0
WS-NORTH,30/03/2025,06:00,Clear,14.5,0.0,10000.0
WS-NORTH,30/03/2025,07:00,CLEAR,12.3,0.0,10000.0
WS-NORTH,30/03/2025,08:00,CLEAR,16.3,0.0,10000.0
WS-NORTH,30/03/2025,09:00,Clear,18.5,0.0,10000.0
WS-NORTH,30/03/2025,10:00,CLEAR,19.1,0.0,10000.0
WS-NORTH,30/03/2025,11:00,Clear,20.2,0.0,10000.0
WS-NORTH,30/03/2025,12:00,Clear,23.1,0.0,10000.0
WS-NORTH,30/03/2025,13:00,clear,25.3,0.0,10000.0
WS-NORTH,30/03/2025,14:00,Clear,24.1,0.0,10000.0
WS-NORTH,30/03/2025,15:00,Clear,22.6,0.0,10000.0
WS-NORTH,30/03/2025,16:00,CLEAR,23.6,0.0,10000.0
WS-NORTH,30/03/2025,17:00,Clear,23.8,0.0,10000.0
WS-NORTH,30/03/2025,18:00,Cloudy,22.5,0.0,10000.0
WS-NORTH,30/03/2025,19:00,Cloudy,20.5,0.0,10000.0
WS-NORTH,30/03/2025,20:00,CLEAR,19.1,0.0,10000.0
WS-NORTH,30/03/2025,21:00,Clear,18.0,0.0,10000.0
WS-NORTH,30/03/2025,22:00,Clear,18.4,0.0,10000.0
WS-NORTH,30/03/2025,23:00,Clear,15.2,0.0,10000.0
WS-NORTH,31/03/2025,00:00,Clear,16.3,0.0,10000.0
WS-NORTH,31/03/2025,01:00,Clear,13.3,0.0,10000.0
WS-NORTH,31/03/2025,02:00,CLEAR,14.1,0.0,10000.0
WS-NORTH,31/03/2025,03:00,Clear,11.5,0.0,10000.0
WS-NORTH,31/03/2025,04:00,Clear,16.8,0.0,10000.0
WS-NORTH,31/03/2025,05:00,Clear,14.8,0.0,10000.0
WS-NORTH,31/03/2025,06:00,Clear,15.5,0.0,10000.0
WS-NORTH,31/03/2025,07:00,Clear,15.0,0.0,10000.0
WS-NORTH,31/03/2025,08:00,rain ,16.5,8.6,3076.0
WS-NORTH,31/03/2025,09:00,Clear,,0.0,10000.0
WS-NORTH,31/03/2025,10:00,Clear,,0.0,10000.0
WS-NORTH,31/03/2025,11:00,Clear,21.1,0.0,10000.0
WS-NORTH,31/03/2025,12:00,Clear,21.0,0.0,10000.0
WS-NORTH,31/03/2025,13:00,Clear,21.2,0.0,10000.0
WS-NORTH,31/03/2025,14:00,cloudy,22.7,0.0,10000.0
WS-NORTH,31/03/2025,15:00,Cloudy,22.9,0.0,10000.0
WS-NORTH,31/03/2025,16:00,Clear,24.2,0.0,10000.0
WS-NORTH,31/03/2025,17:00,Clear,25.9,0.0,10000.0
WS-NORTH,31/03/2025,18:00,CLEAR,21.9,0.0,10000.0
WS-NORTH,31/03/2025,19:00,CLEAR,20.1,0.0,10000.0
WS-NORTH,31/03/2025,20:00,Clear,19.0,0.0,10000.0
WS-NORTH,31/03/2025,21:00,Clear,19.3,0.0,10000.0
WS-NORTH,31/03/2025,22:00,clear,16.1,0.0,10000.0
WS-NORTH,31/03/2025,23:00,CLEAR,13.3,0.0,10000.0
WS-NORTH,01/04/2025,00:00,Clear,13.8,0.0,10000.0
WS-NORTH,01/04/2025,01:00,Clear,15.1,0.0,10000.0
WS-NORTH,01/04/2025,02:00,Clear,12.6,0.0,10000.0
WS-NORTH,01/04/2025,03:00,clear,13.0,0.0,10000.0
WS-NORTH,01/04/2025,04:00,Clear,14.8,0.0,10000.0
WS-NORTH,01/04/2025,05:00,Clear,15.6,0.0,10000.0
WS-NORTH,01/04/2025,06:00,Clear,15.3,0.0,10000.0
WS-NORTH,01/04/2025,07:00,clear,18.3,0.0,10000.0
WS-NORTH,01/04/2025,08:00,Clear,18.1,0.0,10000.0
WS-NORTH,01/04/2025,09:00,CLEAR,19.2,0.0,10000.0
WS-NORTH,01/04/2025,10:00,Clear,17.4,0.0,10000.0
WS-NORTH,01/04/2025,11:00,Clear,23.7,0.0,10000.0
WS-NORTH,01/04/2025,12:00,CLEAR,20.4,0.0,10000.0
WS-NORTH,01/04/2025,13:00,Clear,22.7,0.0,10000.0
WS-NORTH,01/04/2025,14:00,Clear,21.4,0.0,10000.0
WS-NORTH,01/04/2025,15:00,Clear,24.1,0.0,10000.0
WS-NORTH,01/04/2025,16:00,Cloudy,24.0,0.0,10000.0
WS-NORTH,01/04/2025,17:00,Cloudy,22.6,0.0,10000.0
WS-NORTH,01/04/2025,18:00,Clear,20.9,0.0,10000.0
WS-NORTH,01/04/2025,19:00,Clear,22.0,0.0,10000.0
WS-NORTH,01/04/2025,20:00,Clear,19.7,0.0,10000.0
WS-NORTH,01/04/2025,21:00,Cloudy,17.5,0.0,10000.0
WS-NORTH,01/04/2025,22:00,Cloudy,18.3,0.0,10000.0
WS-NORTH,01/04/2025,23:00,Clear,14.7,0.0,10000.0
WS-NORTH,02/04/2025,00:00,Clear,13.3,0.0,10000.0
WS-NORTH,02/04/2025,01:00,clear,15.8,0.0,10000.0
WS-NORTH,02/04/2025,02:00,CLEAR,14.4,0.0,10000.0
WS-NORTH,02/04/2025,03:00,CLEAR,13.5,0.0,10000.0
WS-NORTH,02/04/2025,04:00,Clear,13.4,0.0,10000.0
WS-NORTH,02/04/2025,05:00,Clear,12.2,0.0,10000.0
WS-NORTH,02/04/2025,06:00,Clear,16.1,0.0,10000.0
WS-NORTH,02/04/2025,07:00,Clear,16.6,0.0,10000.0
WS-NORTH,02/04/2025,08:00,Clear,18.4,0.0,10000.0
WS-NORTH,02/04/2025,09:00,clear,18.1,0.0,10000.0
WS-NORTH,02/04/2025,10:00,Cloudy,19.6,0.0,10000.0
WS-NORTH,02/04/2025,11:00,Cloudy,21.3,0.0,10000.0
WS-NORTH,02/04/2025,12:00,Rain,22.6,8.1,2420.0
WS-NORTH,02/04/2025,13:00,Rain,23.0,2.3,2855.0
WS-NORTH,02/04/2025,14:00,Rain,24.3,6.2,3880.0
WS-NORTH,02/04/2025,15:00,Clear,25.5,0.0,10000.0
WS-NORTH,02/04/2025,16:00,Clear,21.4,0.0,10000.0
WS-NORTH,02/04/2025,17:00,Clear,22.2,0.0,10000.0
WS-NORTH,02/04/2025,18:00,clear,23.1,0.0,10000.0
WS-NORTH,02/04/2025,19:00,Clear,21.6,0.0,10000.0
WS-NORTH,02/04/2025,20:00,clear,19.7,0.0,10000.0
WS-NORTH,02/04/2025,21:00,Clear,19.4,0.0,10000.0
WS-NORTH,02/04/2025,22:00,Clear,16.7,0.0,10000.0
WS-NORTH,02/04/2025,23:00,clear,16.6,0.0,10000.0
WS-NORTH,03/04/2025,00:00,Clear,14.4,0.0,10000.0
WS-NORTH,03/04/2025,01:00,Cloudy,15.4,0.0,10000.0
WS-NORTH,03/04/2025,02:00,Overcast,13.2,0.0,10000.0
WS-NORTH,03/04/2025,03:00,Cloudy,14.4,0.0,10000.0
WS-NORTH,03/04/2025,04:00,Cloudy,16.2,0.0,10000.0
WS-NORTH,03/04/2025,05:00,Cloudy,14.7,0.0,10000.0
WS-NORTH,03/04/2025,06:00,Clear,15.4,0.0,10000.0
WS-NORTH,03/04/2025,07:00,Clear,18.0,0.0,10000.0
WS-NORTH,03/04/2025,08:00,clear,16.5,0.0,10000.0
WS-NORTH,03/04/2025,09:00,clear,17.9,0.0,10000.0
WS-NORTH,03/04/2025,10:00,Clear,18.5,0.0,10000.0
WS-NORTH,03/04/2025,11:00,clear,22.2,0.0,10000.0
WS-NORTH,03/04/2025,12:00,Rain,23.4,3.3,4027.0
WS-NORTH,03/04/2025,13:00,Rain,23.8,6.8,2315.0
WS-NORTH,03/04/2025,14:00,Rain,24.5,6.8,3933.0
WS-NORTH,03/04/2025,15:00,Rain,21.8,7.0,3329.0
WS-NORTH,03/04/2025,16:00,clear,23.3,0.0,10000.0
WS-NORTH,03/04/2025,17:00,Clear,23.6,0.0,10000.0
WS-NORTH,03/04/2025,18:00,Clear,21.6,0.0,10000.0
WS-NORTH,03/04/2025,19:00,CLEAR,20.7,0.0,10000.0
WS-NORTH,03/04/2025,20:00,clear,18.6,0.0,10000.0
WS-NORTH,03/04/2025,21:00,Clear,16.7,0.0,10000.0
WS-NORTH,03/04/2025,22:00,Clear,18.5,0.0,10000.0
WS-NORTH,03/04/2025,23:00,Clear,16.2,0.0,10000.0
WS-NORTH,04/04/2025,00:00,CLEAR,14.8,0.0,10000.0
WS-NORTH,04/04/2025,01:00,CLEAR,14.9,0.0,10000.0
WS-NORTH,04/04/2025,02:00,Clear,12.6,0.0,10000.0
WS-NORTH,04/04/2025,03:00,Clear,14.1,0.0,10000.0
WS-NORTH,04/04/2025,04:00,clear,14.6,0.0,10000.0
WS-NORTH,04/04/2025,05:00,CLEAR,16.4,0.0,10000.0
WS-NORTH,04/04/2025,06:00,Clear,14.8,0.0,10000.0
WS-NORTH,04/04/2025,07:00,Clear,17.7,0.0,10000.0
WS-NORTH,04/04/2025,08:00,Clear,16.6,0.0,10000.0
WS-NORTH,04/04/2025,09:00,Clear,18.9,0.0,10000.0
WS-NORTH,04/04/2025,10:00,Overcast,20.1,0.0,10000.0
WS-NORTH,04/04/2025,11:00,Cloudy,22.3,0.0,10000.0
WS-NORTH,04/04/2025,12:00,cloudy,22.1,0.0,10000.0
WS-NORTH,04/04/2025,13:00,cloudy,24.2,0.0,10000.0
WS-NORTH,04/04/2025,14:00,Cloudy,22.5,0.0,10000.0
WS-NORTH,04/04/2025,15:00,Clear,23.9,0.0,10000.0
WS-NORTH,04/04/2025,16:00,Clear,24.1,0.0,10000.0
WS-NORTH,04/04/2025,17:00,Clear,23.3,0.0,10000.0
WS-NORTH,04/04/2025,18:00,clear,21.9,0.0,10000.0
WS-NORTH,04/04/2025,19:00,Clear,19.5,0.0,10000.0
WS-NORTH,04/04/2025,20:00,clear,21.0,0.0,10000.0
WS-NORTH,04/04/2025,21:00,Clear,20.5,0.0,10000.0
WS-NORTH,04/04/2025,22:00,Clear,16.7,0.0,10000.0
WS-NORTH,04/04/2025,23:00,Clear,17.6,0.0,10000.0
WS-NORTH,05/04/2025,00:00,Clear,16.2,0.0,10000.0
WS-NORTH,05/04/2025,01:00,Clear,14.1,0.0,10000.0
WS-NORTH,05/04/2025,02:00,Clear,13.8,0.0,10000.0
WS-NORTH,05/04/2025,03:00,Clear,14.4,0.0,10000.0
WS-NORTH,05/04/2025,04:00,Clear,16.4,0.0,10000.0
WS-NORTH,05/04/2025,05:00,CLEAR,15.4,0.0,10000.0
WS-NORTH,05/04/2025,06:00,Clear,16.6,0.0,10000.0
WS-NORTH,05/04/2025,07:00,CLEAR,14.9,0.0,10000.0
WS-NORTH,05/04/2025,08:00,Clear,19.6,0.0,10000.0
WS-NORTH,05/04/2025,09:00,CLEAR,18.1,0.0,10000.0
WS-NORTH,05/04/2025,10:00,CLEAR,21.0,0.0,10000.0
WS-NORTH,05/04/2025,11:00,Clear,20.6,0.0,10000.0
WS-NORTH,05/04/2025,12:00,Clear,24.0,0.0,10000.0
WS-NORTH,05/04/2025,13:00,Clear,21.8,0.0,10000.0
WS-NORTH,05/04/2025,14:00,CLEAR,23.5,0.0,10000.0
WS-NORTH,05/04/2025,15:00,CLEAR,25.0,0.0,10000.0
WS-NORTH,05/04/2025,16:00,clear,24.3,0.0,10000.0
WS-NORTH,05/04/2025,17:00,Clear,22.9,0.0,10000.0
WS-NORTH,05/04/2025,18:00,Clear,22.0,0.0,10000.0
WS-NORTH,05/04/2025,19:00,Clear,,0.0,10000.0
WS-NORTH,05/04/2025,20:00,Clear,22.4,0.0,10000.0
WS-NORTH,05/04/2025,21:00,Clear,19.2,0.0,10000.0
WS-NORTH,05/04/2025,22:00,Clear,16.7,0.0,10000.0
WS-NORTH,05/04/2025,23:00,CLEAR,14.4,0.0,10000.0
WS-NORTH,06/04/2025,00:00,Clear,15.8,0.0,10000.0
WS-NORTH,06/04/2025,01:00,Clear,13.1,0.0,10000.0
WS-NORTH,06/04/2025,02:00,Rain,17.6,1.9,4456.0
WS-NORTH,06/04/2025,03:00,rainy,15.1,8.7,2044.0
WS-NORTH,06/04/2025,04:00,rainy,14.1,0.8,2450.0
WS-NORTH,06/04/2025,05:00,Rain,12.3,6.4,4914.0
WS-NORTH,06/04/2025,06:00,clear,16.1,0.0,10000.0
WS-NORTH,06/04/2025,07:00,clear,18.8,0.0,10000.0
WS-NORTH,06/04/2025,08:00,Clear,17.3,0.0,10000.0
WS-NORTH,06/04/2025,09:00,Clear,20.6,0.0,10000.0
WS-NORTH,06/04/2025,10:00,clear,23.3,0.0,10000.0
WS-NORTH,06/04/2025,11:00,Clear,20.3,0.0,10000.0
WS-NORTH,06/04/2025,12:00,Clear,,0.0,10000.0
WS-NORTH,06/04/2025,13:00,Clear,22.3,0.0,10000.0
WS-NORTH,06/04/2025,14:00,Clear,26.6,0.0,10000.0
WS-NORTH,06/04/2025,15:00,clear,26.2,0.0,10000.0
WS-NORTH,06/04/2025,16:00,CLEAR,23.0,0.0,10000.0
WS-NORTH,06/04/2025,17:00,Clear,21.9,0.0,10000.0
WS-NORTH,06/04/2025,18:00,Clear,23.3,0.0,10000.0
WS-NORTH,06/04/2025,19:00,CLEAR,21.8,0.0,10000.0
WS-NORTH,06/04/2025,20:00,CLEAR,19.7,0.0,10000.0
WS-NORTH,06/04/2025,21:00,CLEAR,16.6,0.0,10000.0
WS-NORTH,06/04/2025,22:00,CLEAR,17.2,0.0,10000.0
WS-NORTH,06/04/2025,23:00,CLEAR,19.8,0.0,10000.0
WS-NORTH,07/04/2025,00:00,Clear,17.1,0.0,10000.0
WS-NORTH,07/04/2025,01:00,Clear,14.1,0.0,
WS-NORTH,07/04/2025,02:00,Clear,14.5,0.0,10000.0
WS-NORTH,07/04/2025,03:00,Cloudy,12.1,0.0,10000.0
WS-NORTH,07/04/2025,04:00,cloudy,14.1,0.0,10000.0
WS-NORTH,07/04/2025,05:00,Cloudy,16.6,0.0,10000.0
WS-NORTH,07/04/2025,06:00,Clear,16.4,0.0,10000.0
WS-NORTH,07/04/2025,07:00,Clear,16.9,0.0,10000.0
WS-NORTH,07/04/2025,08:00,Clear,18.0,0.0,10000.0
WS-NORTH,07/04/2025,09:00,clear,19.0,0.0,10000.0
WS-NORTH,07/04/2025,10:00,Clear,19.4,0.0,10000.0
WS-NORTH,07/04/2025,11:00,Clear,21.1,0.0,10000.0
WS-NORTH,07/04/2025,12:00,Clear,21.3,0.0,10000.0
WS-NORTH,07/04/2025,13:00,Clear,24.9,0.0,10000.0
WS-NORTH,07/04/2025,14:00,Clear,25.9,0.0,10000.0
WS-NORTH,07/04/2025,15:00,CLEAR,24.3,0.0,10000.0
WS-NORTH,07/04/2025,16:00,clear,26.4,0.0,10000.0
WS-NORTH,07/04/2025,17:00,clear,20.8,0.0,10000.0
WS-NORTH,07/04/2025,18:00,Clear,20.6,0.0,10000.0
WS-NORTH,07/04/2025,19:00,rainy,21.4,5.6,3868.0
WS-NORTH,07/04/2025,20:00,Rain,21.2,7.6,4499.0
WS-NORTH,07/04/2025,21:00,Rain,18.3,5.8,3081.0
WS-NORTH,07/04/2025,22:00,Clear,19.0,0.0,10000.0
WS-NORTH,07/04/2025,23:00,Clear,14.4,0.0,10000.0
WS-NORTH,08/04/2025,00:00,clear,17.3,0.0,10000.0
WS-NORTH,08/04/2025,01:00,Clear,15.5,0.0,10000.0
WS-NORTH,08/04/2025,02:00,clear,13.3,0.0,10000.0
WS-NORTH,08/04/2025,03:00,Clear,14.6,0.0,10000.0
WS-NORTH,08/04/2025,04:00,Clear,13.6,0.0,10000.0
WS-NORTH,08/04/2025,05:00,CLEAR,15.7,0.0,10000.0
WS-NORTH,08/04/2025,06:00,Clear,14.5,0.0,10000.0
WS-NORTH,08/04/2025,07:00,Clear,19.0,0.0,10000.0
WS-NORTH,08/04/2025,08:00,CLEAR,17.1,0.0,10000.0
WS-NORTH,08/04/2025,09:00,Clear,18.2,0.0,10000.0
WS-NORTH,08/04/2025,10:00,Clear,19.8,0.0,10000.0
WS-NORTH,08/04/2025,11:00,Clear,20.9,0.0,10000.0
WS-NORTH,08/04/2025,12:00,Clear,24.0,0.0,10000.0
WS-NORTH,08/04/2025,13:00,Clear,22.6,0.0,10000.0
WS-NORTH,08/04/2025,14:00,Clear,23.8,0.0,10000.0
WS-NORTH,08/04/2025,15:00,CLEAR,25.2,0.0,10000.0
WS-NORTH,08/04/2025,16:00,clear,24.1,0.0,10000.0
WS-NORTH,08/04/2025,17:00,clear,22.8,0.0,10000.0
WS-NORTH,08/04/2025,18:00,Clear,22.8,0.0,10000.0
WS-NORTH,08/04/2025,19:00,Clear,21.0,0.0,10000.0
WS-NORTH,08/04/2025,20:00,Clear,21.2,0.0,10000.0
WS-NORTH,08/04/2025,21:00,Clear,19.4,0.0,10000.0
WS-NORTH,08/04/2025,22:00,Clear,16.2,0.0,10000.0
WS-NORTH,08/04/2025,23:00,Cloudy,17.9,0.0,10000.0
WS-NORTH,09/04/2025,00:00,Overcast,14.7,0.0,10000.0
WS-NORTH,09/04/2025,01:00,Overcast,15.9,0.0,10000.0
WS-NORTH,09/04/2025,02:00,Cloudy,14.3,0.0,10000.0
WS-NORTH,09/04/2025,03:00,Cloudy,14.0,0.0,10000.0
WS-NORTH,09/04/2025,04:00,clear,14.0,0.0,10000.0
WS-NORTH,09/04/2025,05:00,clear,14.6,0.0,10000.0
WS-NORTH,09/04/2025,06:00,CLEAR,17.1,0.0,10000.0
WS-NORTH,09/04/2025,07:00,Clear,19.5,0.0,10000.0
WS-NORTH,09/04/2025,08:00,Cloudy,18.4,0.0,10000.0
WS-NORTH,09/04/2025,09:00,Cloudy,21.8,0.0,10000.0
WS-NORTH,09/04/2025,10:00,Clear,20.0,0.0,10000.0
WS-NORTH,09/04/2025,11:00,Clear,23.1,0.0,10000.0
WS-NORTH,09/04/2025,12:00,Clear,24.8,0.0,10000.0
WS-NORTH,09/04/2025,13:00,clear,24.5,0.0,10000.0
WS-NORTH,09/04/2025,14:00,Clear,24.1,0.0,10000.0
WS-NORTH,09/04/2025,15:00,Clear,25.5,0.0,10000.0
WS-NORTH,09/04/2025,16:00,Clear,23.7,0.0,10000.0
WS-NORTH,09/04/2025,17:00,Cloudy,23.7,0.0,10000.0
WS-NORTH,09/04/2025,18:00,Cloudy,23.0,0.0,10000.0
WS-NORTH,09/04/2025,19:00,Cloudy,21.6,0.0,10000.0
WS-NORTH,09/04/2025,20:00,Overcast,21.7,0.0,10000.0
WS-NORTH,09/04/2025,21:00,Cloudy,19.0,0.0,10000.0
WS-NORTH,09/04/2025,22:00,Cloudy,16.9,0.0,10000.0
WS-NORTH,09/04/2025,23:00,Clear,16.9,0.0,10000.0
WS-NORTH,10/04/2025,00:00,CLEAR,16.0,0.0,10000.0
WS-NORTH,10/04/2025,01:00,Rain,15.0,5.9,4710.0
WS-NORTH,10/04/2025,02:00,Rain,16.6,0.7,3391.0
WS-NORTH,10/04/2025,03:00,rain ,12.1,4.5,2825.0
WS-NORTH,10/04/2025,04:00,Clear,13.1,0.0,10000.0
WS-NORTH,10/04/2025,05:00,Clear,16.4,0.0,10000.0
WS-NORTH,10/04/2025,06:00,Clear,16.1,0.0,10000.0
WS-NORTH,10/04/2025,07:00,Clear,14.4,0.0,10000.0
WS-NORTH,10/04/2025,08:00,clear,19.1,0.0,10000.0
WS-NORTH,10/04/2025,09:00,Clear,18.6,0.0,10000.0
WS-NORTH,10/04/2025,10:00,CLEAR,21.4,0.0,10000.0
WS-NORTH,10/04/2025,11:00,Clear,21.4,0.0,10000.0
WS-NORTH,10/04/2025,12:00,Clear,23.0,0.0,10000.0
WS-NORTH,10/04/2025,13:00,Clear,24.3,0.0,10000.0
WS-NORTH,10/04/2025,14:00,Clear,22.0,0.0,10000.0
WS-NORTH,10/04/2025,15:00,Clear,24.1,0.0,10000.0
WS-NORTH,10/04/2025,16:00,Clear,22.1,0.0,10000.0
WS-NORTH,10/04/2025,17:00,Rain,22.0,6.0,4296.0
WS-NORTH,10/04/2025,18:00,Rain,23.0,8.1,2076.0
WS-NORTH,10/04/2025,19:00,Rain,22.7,4.9,2665.0
WS-NORTH,10/04/2025,20:00,cloudy,21.8,0.0,10000.0
WS-NORTH,10/04/2025,21:00,Cloudy,20.0,0.0,10000.0
WS-NORTH,10/04/2025,22:00,Cloudy,20.8,0.0,
WS-NORTH,10/04/2025,23:00,Cloudy,17.8,0.0,10000.0
WS-NORTH,11/04/2025,00:00,Cloudy,17.6,0.0,10000.0
WS-NORTH,11/04/2025,01:00,Cloudy,14.6,0.0,10000.0
WS-NORTH,11/04/2025,02:00,Clear,11.2,0.0,10000.0
WS-NORTH,11/04/2025,03:00,Clear,14.2,0.0,10000.0
WS-NORTH,11/04/2025,04:00,Clear,13.9,0.0,10000.0
WS-NORTH,11/04/2025,05:00,Fog,15.3,0.0,806.0
WS-NORTH,11/04/2025,06:00,Fog,14.8,0.0,1028.0
WS-NORTH,11/04/2025,07:00,Clear,17.9,0.0,10000.0
WS-NORTH,11/04/2025,08:00,Clear,,0.0,10000.0
WS-NORTH,11/04/2025,09:00,CLEAR,21.1,0.0,10000.0
WS-NORTH,11/04/2025,10:00,Clear,21.2,0.0,10000.0
WS-NORTH,11/04/2025,11:00,Rain,21.2,8.5,3772.0
WS-NORTH,11/04/2025,12:00,Rain,23.2,3.8,4960.0
WS-NORTH,11/04/2025,13:00,Rain,21.8,3.3,2240.0
WS-NORTH,11/04/2025,14:00,Rain,23.8,2.8,4008.0
WS-NORTH,11/04/2025,15:00,Clear,25.5,0.0,10000.0
WS-NORTH,11/04/2025,16:00,Clear,26.0,0.0,10000.0
WS-NORTH,11/04/2025,17:00,Cloudy,22.8,0.0,10000.0
WS-NORTH,11/04/2025,18:00,cloudy,23.0,0.0,10000.0
WS-NORTH,11/04/2025,19:00,Cloudy,20.4,0.0,10000.0
WS-NORTH,11/04/2025,20:00,Cloudy,24.5,0.0,10000.0
WS-NORTH,11/04/2025,21:00,Cloudy,17.5,0.0,10000.0
WS-NORTH,11/04/2025,22:00,Cloudy,18.1,0.0,10000.0
WS-NORTH,11/04/2025,23:00,Cloudy,18.3,0.0,10000.0
WS-NORTH,12/04/2025,00:00,rain ,14.0,3.4,2076.0
WS-NORTH,12/04/2025,01:00,Rain,16.5,1.2,3025.0
WS-NORTH,12/04/2025,02:00,Rain,15.8,3.4,3557.0
WS-NORTH,12/04/2025,03:00,Rain,14.4,1.5,1936.0
WS-NORTH,12/04/2025,04:00,clear,14.0,0.0,10000.0
WS-NORTH,12/04/2025,05:00,Clear,15.3,0.0,10000.0
WS-NORTH,12/04/2025,06:00,Clear,16.4,0.0,10000.0
WS-NORTH,12/04/2025,07:00,Clear,15.1,0.0,10000.0
WS-NORTH,12/04/2025,08:00,Clear,16.5,0.0,10000.0
WS-NORTH,12/04/2025,09:00,CLEAR,19.4,0.0,10000.0
WS-NORTH,12/04/2025,10:00,Clear,20.4,0.0,10000.0
WS-NORTH,12/04/2025,11:00,Cloudy,21.8,0.0,10000.0
WS-NORTH,12/04/2025,12:00,Cloudy,23.9,0.0,10000.0
WS-NORTH,12/04/2025,13:00,cloudy,21.4,0.0,10000.0
WS-NORTH,12/04/2025,14:00,Overcast,24.3,0.0,10000.0
WS-NORTH,12/04/2025,15:00,Clear,22.0,0.0,
WS-NORTH,12/04/2025,16:00,Clear,24.0,0.0,10000.0
WS-NORTH,12/04/2025,17:00,Clear,22.9,0.0,10000.0
WS-NORTH,12/04/2025,18:00,Clear,24.9,0.0,10000.0
WS-NORTH,12/04/2025,19:00,clear,21.0,0.0,10000.0
WS-NORTH,12/04/2025,20:00,Clear,20.9,0.0,10000.0
WS-NORTH,12/04/2025,21:00,Clear,18.2,0.0,10000.0
WS-NORTH,12/04/2025,22:00,CLEAR,20.6,0.0,10000.0
WS-NORTH,12/04/2025,23:00,Clear,15.1,0.0,10000.0
WS-NORTH,13/04/2025,00:00,Clear,14.2,0.0,10000.0
WS-NORTH,13/04/2025,01:00,Clear,15.7,0.0,10000.0
WS-NORTH,13/04/2025,02:00,Clear,15.8,0.0,10000.0
WS-NORTH,13/04/2025,03:00,Clear,13.4,0.0,10000.0
WS-NORTH,13/04/2025,04:00,Overcast,14.0,0.0,10000.0
WS-NORTH,13/04/2025,05:00,Cloudy,14.8,0.0,10000.0
WS-NORTH,13/04/2025,06:00,Cloudy,16.9,0.0,10000.0
WS-NORTH,13/04/2025,07:00,cloudy,17.4,0.0,10000.0
WS-NORTH,13/04/2025,08:00,Cloudy,18.3,0.0,10000.0
WS-NORTH,13/04/2025,09:00,Cloudy,,0.0,10000.0
WS-NORTH,13/04/2025,10:00,Clear,23.1,0.0,10000.0
WS-NORTH,13/04/2025,11:00,Clear,21.4,0.0,10000.0
WS-NORTH,13/04/2025,12:00,clear,21.8,0.0,10000.0
WS-NORTH,13/04/2025,13:00,Clear,22.3,0.0,10000.0
WS-NORTH,13/04/2025,14:00,CLEAR,24.3,0.0,10000.0
WS-NORTH,13/04/2025,15:00,Clear,24.9,0.0,10000.0
WS-NORTH,13/04/2025,16:00,Clear,22.9,0.0,10000.0
WS-NORTH,13/04/2025,17:00,clear,22.9,0.0,10000.0
WS-NORTH,13/04/2025,18:00,Clear,21.6,0.0,10000.0
WS-NORTH,13/04/2025,19:00,Clear,23.0,0.0,10000.0
WS-NORTH,13/04/2025,20:00,Clear,21.3,0.0,10000.0
WS-NORTH,13/04/2025,21:00,CLEAR,19.7,0.0,10000.0
WS-NORTH,13/04/2025,22:00,Clear,19.1,0.0,10000.0
WS-NORTH,13/04/2025,23:00,clear,16.9,0.0,10000.0
WS-NORTH,14/04/2025,00:00,Clear,15.8,0.0,10000.0
WS-NORTH,14/04/2025,01:00,Clear,15.4,0.0,10000.0
WS-NORTH,14/04/2025,02:00,Cloudy,15.7,0.0,10000.0
WS-NORTH,14/04/2025,03:00,Cloudy,15.7,0.0,10000.0
WS-NORTH,14/04/2025,04:00,Cloudy,14.0,0.0,10000.0
WS-NORTH,14/04/2025,05:00,Cloudy,14.9,0.0,10000.0
WS-NORTH,14/04/2025,06:00,cloudy,18.4,0.0,10000.0
WS-NORTH,14/04/2025,07:00,Cloudy,17.1,0.0,10000.0
WS-NORTH,14/04/2025,08:00,Clear,17.9,0.0,10000.0
WS-NORTH,14/04/2025,09:00,clear,20.1,0.0,10000.0
WS-NORTH,14/04/2025,10:00,Clear,22.7,0.0,10000.0
WS-NORTH,14/04/2025,11:00,Clear,21.1,0.0,10000.0
WS-NORTH,14/04/2025,12:00,Clear,23.6,0.0,10000.0
WS-NORTH,14/04/2025,13:00,Clear,24.4,0.0,10000.0
WS-NORTH,14/04/2025,14:00,Clear,23.0,0.0,10000.0
WS-NORTH,14/04/2025,15:00,clear,22.2,0.0,10000.0
WS-NORTH,14/04/2025,16:00,Clear,24.2,0.0,10000.0
WS-NORTH,14/04/2025,17:00,Clear,24.6,0.0,10000.0
WS-NORTH,14/04/2025,18:00,Clear,22.1,0.0,10000.0
WS-NORTH,14/04/2025,19:00,CLEAR,24.5,0.0,10000.0
WS-NORTH,14/04/2025,20:00,Clear,20.9,0.0,10000.0
WS-NORTH,14/04/2025,21:00,Cloudy,18.1,0.0,10000.0
WS-NORTH,14/04/2025,22:00,Cloudy,17.2,0.0,10000.0
WS-NORTH,14/04/2025,23:00,Cloudy,16.6,0.0,10000.0
WS-NORTH,15/04/2025,00:00,Cloudy,14.8,0.0,10000.0
WS-NORTH,15/04/2025,01:00,Clear,17.2,0.0,10000.0
WS-NORTH,15/04/2025,02:00,Clear,14.4,0.0,10000.0
WS-NORTH,15/04/2025,03:00,Clear,15.1,0.0,10000.0
WS-NORTH,15/04/2025,04:00,Clear,14.0,0.0,10000.0
WS-NORTH,15/04/2025,05:00,Cloudy,13.9,0.0,10000.0
WS-NORTH,15/04/2025,06:00,Cloudy,18.0,0.0,10000.0
WS-NORTH,15/04/2025,07:00,Clear,18.7,0.0,10000.0
WS-NORTH,15/04/2025,08:00,CLEAR,17.4,0.0,10000.0
WS-NORTH,15/04/2025,09:00,clear,19.3,0.0,10000.0
WS-NORTH,15/04/2025,10:00,Clear,20.2,0.0,10000.0
WS-NORTH,15/04/2025,11:00,Clear,21.8,0.0,10000.0
WS-NORTH,15/04/2025,12:00,Clear,23.3,0.0,10000.0
WS-NORTH,15/04/2025,13:00,Clear,23.6,0.0,10000.0
WS-NORTH,15/04/2025,14:00,Clear,26.6,0.0,10000.0
WS-NORTH,15/04/2025,15:00,CLEAR,24.0,0.0,10000.0
WS-NORTH,15/04/2025,16:00,clear,25.2,0.0,10000.0
WS-NORTH,15/04/2025,17:00,Overcast,24.1,0.0,10000.0
WS-NORTH,15/04/2025,18:00,cloudy,21.8,0.0,10000.0
WS-NORTH,15/04/2025,19:00,Rain,20.8,1.2,2594.0
WS-NORTH,15/04/2025,20:00,Rain,21.1,3.9,4125.0
WS-NORTH,15/04/2025,21:00,RAIN,21.0,8.7,3314.0
WS-NORTH,15/04/2025,22:00,Clear,18.6,0.0,10000.0
WS-NORTH,15/04/2025,23:00,clear,16.4,0.0,10000.0
WS-NORTH,16/04/2025,00:00,Clear,18.7,0.0,10000.0
WS-NORTH,16/04/2025,01:00,clear,14.1,0.0,10000.0
WS-NORTH,16/04/2025,02:00,Clear,14.4,0.0,10000.0
WS-NORTH,16/04/2025,03:00,Clear,16.1,0.0,10000.0
WS-NORTH,16/04/2025,04:00,Clear,13.7,0.0,10000.0
WS-NORTH,16/04/2025,05:00,Clear,14.7,0.0,10000.0
WS-NORTH,16/04/2025,06:00,Clear,15.8,0.0,10000.0
WS-NORTH,16/04/2025,07:00,Clear,17.8,0.0,10000.0
WS-NORTH,16/04/2025,08:00,CLEAR,20.1,0.0,10000.0
WS-NORTH,16/04/2025,09:00,Clear,18.7,0.0,10000.0
WS-NORTH,16/04/2025,10:00,clear,19.8,0.0,10000.0
WS-NORTH,16/04/2025,11:00,Clear,21.6,0.0,10000.0
WS-NORTH,16/04/2025,12:00,CLEAR,23.7,0.0,10000.0
WS-NORTH,16/04/2025,13:00,Clear,23.5,0.0,10000.0
WS-NORTH,16/04/2025,14:00,CLEAR,25.0,0.0,10000.0
WS-NORTH,16/04/2025,15:00,Clear,23.9,0.0,10000.0
WS-NORTH,16/04/2025,16:00,Clear,24.8,0.0,10000.0
WS-NORTH,16/04/2025,17:00,Clear,24.3,0.0,10000.0
WS-NORTH,16/04/2025,18:00,Clear,23.2,0.0,10000.0
WS-NORTH,16/04/2025,19:00,CLEAR,21.8,0.0,10000.0
WS-NORTH,16/04/2025,20:00,Clear,22.7,0.0,10000.0
WS-NORTH,16/04/2025,21:00,Clear,17.8,0.0,10000.0
WS-NORTH,16/04/2025,22:00,Clear,16.3,0.0,10000.0
WS-NORTH,16/04/2025,23:00,Clear,17.3,0.0,10000.0
WS-NORTH,17/04/2025,00:00,clear,16.4,0.0,10000.0
WS-NORTH,17/04/2025,01:00,Clear,14.9,0.0,10000.0
WS-NORTH,17/04/2025,02:00,clear,15.6,0.0,10000.0
WS-NORTH,17/04/2025,03:00,Clear,15.2,0.0,10000.0
WS-NORTH,17/04/2025,04:00,Clear,14.1,0.0,10000.0
WS-NORTH,17/04/2025,05:00,CLEAR,13.1,0.0,10000.0
WS-NORTH,17/04/2025,06:00,CLEAR,,0.0,10000.0
WS-NORTH,17/04/2025,07:00,CLEAR,16.3,0.0,10000.0
WS-NORTH,17/04/2025,08:00,Clear,15.2,0.0,10000.0
WS-NORTH,17/04/2025,09:00,Clear,21.1,0.0,10000.0
WS-NORTH,17/04/2025,10:00,Clear,20.5,0.0,10000.0
WS-NORTH,17/04/2025,11:00,Clear,22.9,0.0,10000.0
WS-NORTH,17/04/2025,12:00,Clear,21.7,0.0,10000.0
WS-NORTH,17/04/2025,13:00,Clear,25.1,0.0,10000.0
WS-NORTH,17/04/2025,14:00,Clear,24.2,0.0,10000.0
WS-NORTH,17/04/2025,15:00,CLEAR,25.6,0.0,10000.0
WS-NORTH,17/04/2025,16:00,clear,22.9,0.0,10000.0
WS-NORTH,17/04/2025,17:00,Clear,23.0,0.0,10000.0
WS-NORTH,17/04/2025,18:00,clear,22.9,0.0,10000.0
WS-NORTH,17/04/2025,19:00,Cloudy,19.5,0.0,10000.0
WS-NORTH,17/04/2025,20:00,Cloudy,20.1,0.0,10000.0
WS-NORTH,17/04/2025,21:00,Overcast,18.2,0.0,10000.0
WS-NORTH,17/04/2025,22:00,Cloudy,18.0,0.0,10000.0
WS-NORTH,17/04/2025,23:00,Overcast,15.9,0.0,10000.0
WS-NORTH,18/04/2025,00:00,Cloudy,16.2,0.0,10000.0
WS-NORTH,18/04/2025,01:00,Cloudy,14.1,0.0,10000.0
WS-NORTH,18/04/2025,02:00,Clear,15.8,0.0,10000.0
WS-NORTH,18/04/2025,03:00,Clear,15.2,0.0,10000.0
WS-NORTH,18/04/2025,04:00,Cloudy,16.2,0.0,10000.0
WS-NORTH,18/04/2025,05:00,Cloudy,15.1,0.0,10000.0
WS-NORTH,18/04/2025,06:00,Clear,16.9,0.0,10000.0
WS-NORTH,18/04/2025,07:00,clear,15.9,0.0,10000.0
WS-NORTH,18/04/2025,08:00,CLEAR,17.0,0.0,10000.0
WS-NORTH,18/04/2025,09:00,Clear,20.4,0.0,10000.0
WS-NORTH,18/04/2025,10:00,Clear,23.8,0.0,10000.0
WS-NORTH,18/04/2025,11:00,Clear,20.5,0.0,10000.0
WS-NORTH,18/04/2025,12:00,CLEAR,23.2,0.0,10000.0
WS-NORTH,18/04/2025,13:00,Clear,25.2,0.0,10000.0
WS-NORTH,18/04/2025,14:00,Clear,,0.0,10000.0
WS-NORTH,18/04/2025,15:00,Overcast,26.3,0.0,10000.0
WS-NORTH,18/04/2025,16:00,Cloudy,23.8,0.0,10000.0
WS-NORTH,18/04/2025,17:00,Cloudy,24.1,0.0,10000.0
WS-NORTH,18/04/2025,18:00,Clear,22.6,0.0,10000.0
WS-NORTH,18/04/2025,19:00,Overcast,21.5,0.0,10000.0
WS-NORTH,18/04/2025,20:00,rain ,21.6,6.2,3674.0
WS-NORTH,18/04/2025,21:00,Overcast,19.7,0.0,10000.0
WS-NORTH,18/04/2025,22:00,Cloudy,19.8,0.0,10000.0
WS-NORTH,18/04/2025,23:00,Clear,16.7,0.0,10000.0
WS-NORTH,19/04/2025,00:00,CLEAR,17.2,0.0,10000.0
WS-NORTH,19/04/2025,01:00,Clear,15.4,0.0,10000.0
WS-NORTH,19/04/2025,02:00,Clear,17.0,0.0,10000.0
WS-NORTH,19/04/2025,03:00,CLEAR,13.7,0.0,10000.0
WS-NORTH,19/04/2025,04:00,Clear,14.5,0.0,10000.0
WS-NORTH,19/04/2025,05:00,Clear,15.1,0.0,10000.0
WS-NORTH,19/04/2025,06:00,Clear,16.6,0.0,10000.0
WS-NORTH,19/04/2025,07:00,Clear,19.1,0.0,10000.0
WS-NORTH,19/04/2025,08:00,Clear,19.6,0.0,10000.0
WS-NORTH,19/04/2025,09:00,clear,19.1,0.0,10000.0
WS-NORTH,19/04/2025,10:00,Clear,21.4,0.0,10000.0
WS-NORTH,19/04/2025,11:00,Clear,19.9,0.0,10000.0
WS-NORTH,19/04/2025,12:00,Clear,23.1,0.0,10000.0
WS-NORTH,19/04/2025,13:00,Clear,22.6,0.0,10000.0
WS-NORTH,19/04/2025,14:00,Clear,22.1,0.0,10000.0
WS-NORTH,19/04/2025,15:00,Clear,24.9,0.0,10000.0
WS-NORTH,19/04/2025,16:00,Clear,24.3,0.0,10000.0
WS-NORTH,19/04/2025,17:00,Clear,23.8,0.0,10000.0
WS-NORTH,19/04/2025,18:00,Clear,22.8,0.0,10000.0
WS-NORTH,19/04/2025,19:00,CLEAR,22.5,0.0,10000.0
WS-NORTH,19/04/2025,20:00,cloudy,23.2,0.0,10000.0
WS-NORTH,19/04/2025,21:00,Cloudy,19.4,0.0,10000.0
WS-NORTH,19/04/2025,22:00,cloudy,17.9,0.0,10000.0
WS-NORTH,19/04/2025,23:00,Overcast,16.7,0.0,10000.0
WS-NORTH,20/04/2025,00:00,cloudy,16.8,0.0,10000.0
WS-NORTH,20/04/2025,01:00,Cloudy,16.8,0.0,10000.0
WS-NORTH,20/04/2025,02:00,Clear,15.2,0.0,10000.0
WS-NORTH,20/04/2025,03:00,CLEAR,14.9,0.0,10000.0
WS-NORTH,20/04/2025,04:00,Clear,17.5,0.0,
WS-NORTH,20/04/2025,05:00,Clear,17.0,0.0,10000.0
WS-NORTH,20/04/2025,06:00,clear,15.9,0.0,10000.0
WS-NORTH,20/04/2025,07:00,Cloudy,17.0,0.0,10000.0
WS-NORTH,20/04/2025,08:00,Cloudy,17.8,0.0,10000.0
WS-NORTH,20/04/2025,09:00,Cloudy,20.5,0.0,10000.0
WS-NORTH,20/04/2025,10:00,Cloudy,22.6,0.0,10000.0
WS-NORTH,20/04/2025,11:00,cloudy,20.3,0.0,10000.0
WS-NORTH,20/04/2025,12:00,Overcast,23.0,0.0,10000.0
WS-NORTH,20/04/2025,13:00,Cloudy,24.6,0.0,10000.0
WS-NORTH,20/04/2025,14:00,CLEAR,26.8,0.0,10000.0
WS-NORTH,20/04/2025,15:00,Clear,24.6,0.0,10000.0
WS-NORTH,20/04/2025,16:00,clear,24.8,0.0,10000.0
WS-NORTH,20/04/2025,17:00,Clear,23.6,0.0,10000.0
WS-NORTH,20/04/2025,18:00,Clear,25.0,0.0,10000.0
WS-NORTH,20/04/2025,19:00,Clear,22.9,0.0,10000.0
WS-NORTH,20/04/2025,20:00,Clear,22.4,0.0,10000.0
WS-NORTH,20/04/2025,21:00,clear,20.3,0.0,10000.0
WS-NORTH,20/04/2025,22:00,Clear,18.5,0.0,10000.0
WS-NORTH,20/04/2025,23:00,Clear,18.0,0.0,10000.0
WS-NORTH,21/04/2025,00:00,CLEAR,16.6,0.0,10000.0
WS-NORTH,21/04/2025,01:00,Clear,13.6,0.0,10000.0
WS-NORTH,21/04/2025,02:00,Clear,13.8,0.0,10000.0
WS-NORTH,21/04/2025,03:00,Clear,15.7,0.0,10000.0
WS-NORTH,21/04/2025,04:00,Clear,13.3,0.0,10000.0
WS-NORTH,21/04/2025,05:00,Clear,15.0,0.0,10000.0
WS-NORTH,21/04/2025,06:00,Clear,17.5,0.0,10000.0
WS-NORTH,21/04/2025,07:00,CLEAR,18.1,0.0,10000.0
WS-NORTH,21/04/2025,08:00,Clear,19.0,0.0,10000.0
WS-NORTH,21/04/2025,09:00,Clear,20.2,0.0,10000.0
WS-NORTH,21/04/2025,10:00,Clear,19.6,0.0,10000.0
WS-NORTH,21/04/2025,11:00,Clear,22.3,0.0,10000.0
WS-NORTH,21/04/2025,12:00,Clear,20.9,0.0,10000.0
WS-NORTH,21/04/2025,13:00,clear,24.8,0.0,10000.0
WS-NORTH,21/04/2025,14:00,Clear,25.1,0.0,10000.0
WS-NORTH,21/04/2025,15:00,Cloudy,23.1,0.0,10000.0
WS-NORTH,21/04/2025,16:00,Cloudy,25.1,0.0,10000.0
WS-NORTH,21/04/2025,17:00,Cloudy,24.6,0.0,10000.0
WS-NORTH,21/04/2025,18:00,Cloudy,22.7,0.0,10000.0
WS-NORTH,21/04/2025,19:00,Cloudy,21.7,0.0,10000.0
WS-NORTH,21/04/2025,20:00,cloudy,21.4,0.0,10000.0
WS-NORTH,21/04/2025,21:00,Cloudy,18.7,0.0,10000.0
WS-NORTH,21/04/2025,22:00,Clear,16.4,0.0,10000.0
WS-NORTH,21/04/2025,23:00,CLEAR,17.1,0.0,10000.0
WS-NORTH,22/04/2025,00:00,Clear,16.9,0.0,10000.0
WS-NORTH,22/04/2025,01:00,Cloudy,14.8,0.0,10000.0
WS-NORTH,22/04/2025,02:00,cloudy,14.5,0.0,10000.0
WS-NORTH,22/04/2025,03:00,clear,16.4,0.0,10000.0
WS-NORTH,22/04/2025,04:00,clear,16.0,0.0,10000.0
WS-NORTH,22/04/2025,05:00,clear,14.5,0.0,
WS-NORTH,22/04/2025,06:00,CLEAR,14.1,0.0,10000.0
WS-NORTH,22/04/2025,07:00,Clear,17.6,0.0,10000.0
WS-NORTH,22/04/2025,08:00,Clear,18.6,0.0,10000.0
WS-NORTH,22/04/2025,09:00,Cloudy,18.6,0.0,10000.0
WS-NORTH,22/04/2025,10:00,Overcast,20.9,0.0,10000.0
WS-NORTH,22/04/2025,11:00,Cloudy,,0.0,10000.0
WS-NORTH,22/04/2025,12:00,Overcast,24.1,0.0,10000.0
WS-NORTH,22/04/2025,13:00,Cloudy,24.0,0.0,10000.0
WS-NORTH,22/04/2025,14:00,Cloudy,24.5,0.0,10000.0
WS-NORTH,22/04/2025,15:00,clear,23.3,0.0,10000.0
WS-NORTH,22/04/2025,16:00,Clear,24.6,0.0,10000.0
WS-NORTH,22/04/2025,17:00,Clear,22.6,0.0,10000.0
WS-NORTH,22/04/2025,18:00,Clear,22.9,0.0,10000.0
WS-NORTH,22/04/2025,19:00,Clear,24.3,0.0,10000.0
WS-NORTH,22/04/2025,20:00,Clear,20.1,0.0,10000.0
WS-NORTH,22/04/2025,21:00,Clear,21.4,0.0,10000.0
WS-NORTH,22/04/2025,22:00,CLEAR,19.0,0.0,10000.0
WS-NORTH,22/04/2025,23:00,Clear,17.7,0.0,10000.0
WS-NORTH,23/04/2025,00:00,Clear,17.6,0.0,10000.0
WS-NORTH,23/04/2025,01:00,Clear,15.5,0.0,10000.0
WS-NORTH,23/04/2025,02:00,Clear,16.1,0.0,10000.0
WS-NORTH,23/04/2025,03:00,CLEAR,14.0,0.0,10000.0
WS-NORTH,23/04/2025,04:00,Clear,15.6,0.0,10000.0
WS-NORTH,23/04/2025,05:00,Clear,15.7,0.0,10000.0
WS-NORTH,23/04/2025,06:00,Clear,17.1,0.0,10000.0
WS-NORTH,23/04/2025,07:00,Cloudy,,0.0,10000.0
WS-NORTH,23/04/2025,08:00,cloudy,19.1,0.0,10000.0
WS-NORTH,23/04/2025,09:00,Clear,19.7,0.0,10000.0
WS-NORTH,23/04/2025,10:00,Cloudy,23.2,0.0,10000.0
WS-NORTH,23/04/2025,11:00,Cloudy,22.5,0.0,10000.0
WS-NORTH,23/04/2025,12:00,Overcast,23.2,0.0,10000.0
WS-NORTH,23/04/2025,13:00,CLEAR,23.7,0.0,10000.0
WS-NORTH,23/04/2025,14:00,CLEAR,24.2,0.0,10000.0
WS-NORTH,23/04/2025,15:00,Clear,26.0,0.0,10000.0
WS-NORTH,23/04/2025,16:00,Clear,27.2,0.0,10000.0
WS-NORTH,23/04/2025,17:00,Cloudy,23.5,0.0,10000.0
WS-NORTH,23/04/2025,18:00,Cloudy,24.3,0.0,10000.0
WS-NORTH,23/04/2025,19:00,Clear,20.0,0.0,10000.0
WS-NORTH,23/04/2025,20:00,Clear,20.6,0.0,10000.0
WS-NORTH,23/04/2025,21:00,clear,22.6,0.0,10000.0
WS-NORTH,23/04/2025,22:00,Clear,16.5,0.0,10000.0
WS-NORTH,23/04/2025,23:00,Clear,16.1,0.0,10000.0
WS-NORTH,24/04/2025,00:00,Clear,17.3,0.0,10000.0
WS-NORTH,24/04/2025,01:00,Clear,15.6,0.0,10000.0
WS-NORTH,24/04/2025,02:00,clear,18.3,0.0,10000.0
WS-NORTH,24/04/2025,03:00,CLEAR,14.7,0.0,10000.0
WS-NORTH,24/04/2025,04:00,Overcast,15.5,0.0,10000.0
WS-NORTH,24/04/2025,05:00,Cloudy,15.9,0.0,10000.0
WS-NORTH,24/04/2025,06:00,Clear,14.7,0.0,10000.0
WS-NORTH,24/04/2025,07:00,Clear,15.4,0.0,10000.0
WS-NORTH,24/04/2025,08:00,clear,17.9,0.0,10000.0
WS-NORTH,24/04/2025,09:00,Clear,19.6,0.0,10000.0
WS-NORTH,24/04/2025,10:00,CLEAR,20.3,0.0,10000.0
WS-NORTH,24/04/2025,11:00,Clear,23.6,0.0,10000.0
WS-NORTH,24/04/2025,12:00,Clear,22.1,0.0,10000.0
WS-NORTH,24/04/2025,13:00,CLEAR,23.9,0.0,10000.0
WS-NORTH,24/04/2025,14:00,Clear,25.0,0.0,10000.0
WS-NORTH,24/04/2025,15:00,Clear,24.2,0.0,10000.0
WS-NORTH,24/04/2025,16:00,Clear,26.4,0.0,10000.0
WS-NORTH,24/04/2025,17:00,Clear,22.6,0.0,10000.0
WS-NORTH,24/04/2025,18:00,Clear,23.8,0.0,10000.0
WS-NORTH,24/04/2025,19:00,Clear,23.3,0.0,10000.0
WS-NORTH,24/04/2025,20:00,clear,21.7,0.0,10000.0
WS-NORTH,24/04/2025,21:00,Clear,21.3,0.0,10000.0
WS-NORTH,24/04/2025,22:00,Clear,21.7,0.0,10000.0
WS-NORTH,24/04/2025,23:00,Clear,17.5,0.0,10000.0
WS-NORTH,25/04/2025,00:00,CLEAR,16.1,0.0,10000.0
WS-NORTH,25/04/2025,01:00,Clear,15.0,0.0,10000.0
WS-NORTH,25/04/2025,02:00,CLEAR,14.4,0.0,10000.0
WS-NORTH,25/04/2025,03:00,Clear,17.1,0.0,10000.0
WS-NORTH,25/04/2025,04:00,Clear,15.5,0.0,10000.0
WS-NORTH,25/04/2025,05:00,Clear,16.2,0.0,10000.0
WS-NORTH,25/04/2025,06:00,Clear,17.2,0.0,10000.0
WS-NORTH,25/04/2025,07:00,Clear,,0.0,10000.0
WS-NORTH,25/04/2025,08:00,Clear,16.9,0.0,10000.0
WS-NORTH,25/04/2025,09:00,Clear,19.2,0.0,10000.0
WS-NORTH,25/04/2025,10:00,Clear,23.4,0.0,10000.0
WS-NORTH,25/04/2025,11:00,CLEAR,25.2,0.0,10000.0
WS-NORTH,25/04/2025,12:00,CLEAR,24.5,0.0,10000.0
WS-NORTH,25/04/2025,13:00,Clear,25.3,0.0,10000.0
WS-NORTH,25/04/2025,14:00,Clear,23.8,0.0,10000.0
WS-NORTH,25/04/2025,15:00,clear,24.0,0.0,10000.0
WS-NORTH,25/04/2025,16:00,CLEAR,25.6,0.0,10000.0
WS-NORTH,25/04/2025,17:00,Clear,23.3,0.0,10000.0
WS-NORTH,25/04/2025,18:00,Cloudy,25.9,0.0,10000.0
WS-NORTH,25/04/2025,19:00,Cloudy,22.3,0.0,
WS-NORTH,25/04/2025,20:00,Cloudy,23.4,0.0,10000.0
WS-NORTH,25/04/2025,21:00,CLEAR,18.9,0.0,10000.0
WS-NORTH,25/04/2025,22:00,Clear,19.3,0.0,10000.0
WS-NORTH,25/04/2025,23:00,Clear,18.8,0.0,10000.0
WS-NORTH,26/04/2025,00:00,CLEAR,13.5,0.0,10000.0
WS-NORTH,26/04/2025,01:00,CLEAR,14.5,0.0,10000.0
WS-NORTH,26/04/2025,02:00,Rain,14.5,5.9,4540.0
WS-NORTH,26/04/2025,03:00,Rain,13.7,0.9,3057.0
WS-NORTH,26/04/2025,04:00,Fog,14.8,1.4,917.0
WS-NORTH,26/04/2025,05:00,Fog,15.6,1.9,899.0
WS-NORTH,26/04/2025,06:00,Clear,16.1,0.0,10000.0
WS-NORTH,26/04/2025,07:00,Clear,17.1,0.0,10000.0
WS-NORTH,26/04/2025,08:00,Clear,20.7,0.0,10000.0
WS-NORTH,26/04/2025,09:00,Clear,21.4,0.0,10000.0
WS-NORTH,26/04/2025,10:00,Clear,23.3,0.0,10000.0
WS-NORTH,26/04/2025,11:00,Clear,23.1,0.0,10000.0
WS-NORTH,26/04/2025,12:00,Clear,24.3,0.0,10000.0
WS-NORTH,26/04/2025,13:00,clear,22.0,0.0,10000.0
WS-NORTH,26/04/2025,14:00,clear,25.4,0.0,10000.0
WS-NORTH,26/04/2025,15:00,clear,24.8,0.0,10000.0
WS-NORTH,26/04/2025,16:00,Cloudy,23.9,0.0,10000.0
WS-NORTH,26/04/2025,17:00,Cloudy,24.1,0.0,10000.0
WS-NORTH,26/04/2025,18:00,Rain,23.3,1.4,2125.0
WS-NORTH,26/04/2025,19:00,rain ,21.3,7.6,4226.0
WS-NORTH,26/04/2025,20:00,Cloudy,19.9,0.0,10000.0
WS-NORTH,26/04/2025,21:00,Rain,21.6,3.0,3074.0
WS-NORTH,26/04/2025,22:00,rain ,18.8,4.1,4338.0
WS-NORTH,26/04/2025,23:00,Rain,18.1,2.0,1960.0
WS-NORTH,27/04/2025,00:00,rainy,17.0,2.9,4794.0
WS-NORTH,27/04/2025,01:00,Rain,16.6,5.3,4516.0
WS-NORTH,27/04/2025,02:00,Cloudy,15.1,0.0,10000.0
WS-NORTH,27/04/2025,03:00,Clear,17.2,0.0,10000.0
WS-NORTH,27/04/2025,04:00,CLEAR,15.3,0.0,10000.0
WS-NORTH,27/04/2025,05:00,Clear,19.0,0.0,10000.0
WS-NORTH,27/04/2025,06:00,clear,18.7,0.0,10000.0
WS-NORTH,27/04/2025,07:00,clear,,0.0,10000.0
WS-NORTH,27/04/2025,08:00,clear,17.6,0.0,10000.0
WS-NORTH,27/04/2025,09:00,Clear,20.4,0.0,10000.0
WS-NORTH,27/04/2025,10:00,Clear,23.0,0.0,10000.0
WS-NORTH,27/04/2025,11:00,Clear,25.2,0.0,10000.0
WS-NORTH,27/04/2025,12:00,Clear,22.6,0.0,10000.0
WS-NORTH,27/04/2025,13:00,Clear,23.6,0.0,10000.0
WS-NORTH,27/04/2025,14:00,Clear,26.3,0.0,10000.0
WS-NORTH,27/04/2025,15:00,Clear,23.6,0.0,10000.0
WS-NORTH,27/04/2025,16:00,clear,24.5,0.0,10000.0
WS-NORTH,27/04/2025,17:00,CLEAR,25.8,0.0,10000.0
WS-NORTH,27/04/2025,18:00,Cloudy,23.5,0.0,10000.0
WS-NORTH,27/04/2025,19:00,Cloudy,23.5,0.0,10000.0
WS-NORTH,27/04/2025,20:00,Cloudy,22.6,0.0,10000.0
WS-NORTH,27/04/2025,21:00,CLEAR,21.3,0.0,10000.0
WS-NORTH,27/04/2025,22:00,CLEAR,19.1,0.0,10000.0
WS-NORTH,27/04/2025,23:00,Clear,17.5,0.0,10000.0
WS-NORTH,28/04/2025,00:00,clear,16.9,0.0,10000.0
WS-NORTH,28/04/2025,01:00,CLEAR,14.2,0.0,10000.0
WS-NORTH,28/04/2025,02:00,Clear,15.6,0.0,10000.0
WS-NORTH,28/04/2025,03:00,Clear,14.8,0.0,10000.0
WS-NORTH,28/04/2025,04:00,Clear,15.1,0.0,10000.0
WS-NORTH,28/04/2025,05:00,Clear,,0.0,10000.0
WS-NORTH,28/04/2025,06:00,Clear,16.3,0.0,10000.0
WS-NORTH,28/04/2025,07:00,Cloudy,18.6,0.0,10000.0
WS-NORTH,28/04/2025,08:00,Overcast,18.3,0.0,10000.0
WS-NORTH,28/04/2025,09:00,Clear,20.5,0.0,10000.0
WS-NORTH,28/04/2025,10:00,Clear,21.9,0.0,10000.0
WS-NORTH,28/04/2025,11:00,Clear,20.9,0.0,10000.0
WS-NORTH,28/04/2025,12:00,cloudy,23.5,0.0,10000.0
WS-NORTH,28/04/2025,13:00,Overcast,24.7,0.0,10000.0
WS-NORTH,28/04/2025,14:00,Cloudy,23.9,0.0,10000.0
WS-NORTH,28/04/2025,15:00,Cloudy,23.9,0.0,10000.0
WS-NORTH,28/04/2025,16:00,Cloudy,24.8,0.0,10000.0
WS-NORTH,28/04/2025,17:00,clear,24.2,0.0,10000.0
WS-NORTH,28/04/2025,18:00,Clear,22.4,0.0,10000.0
WS-NORTH,28/04/2025,19:00,clear,21.5,0.0,10000.0
WS-NORTH,28/04/2025,20:00,Cloudy,21.4,0.0,
WS-NORTH,28/04/2025,21:00,Cloudy,19.7,0.0,10000.0
WS-NORTH,28/04/2025,22:00,Cloudy,19.3,0.0,10000.0
WS-NORTH,28/04/2025,23:00,Overcast,17.8,0.0,10000.0
WS-NORTH,29/04/2025,00:00,clear,18.6,0.0,10000.0
WS-NORTH,29/04/2025,01:00,cloudy,17.3,0.0,10000.0
WS-NORTH,29/04/2025,02:00,Cloudy,,0.0,10000.0
WS-NORTH,29/04/2025,03:00,clear,14.5,0.0,10000.0
WS-NORTH,29/04/2025,04:00,Clear,15.0,0.0,10000.0
WS-NORTH,29/04/2025,05:00,CLEAR,13.6,0.0,10000.0
WS-NORTH,29/04/2025,06:00,Clear,17.2,0.0,10000.0
WS-NORTH,29/04/2025,07:00,clear,20.4,0.0,10000.0
WS-NORTH,29/04/2025,08:00,Clear,17.9,0.0,10000.0
WS-NORTH,29/04/2025,09:00,Clear,22.1,0.0,10000.0
WS-NORTH,29/04/2025,10:00,Clear,20.0,0.0,10000.0
WS-NORTH,29/04/2025,11:00,Cloudy,19.0,0.0,10000.0
WS-NORTH,29/04/2025,12:00,cloudy,22.2,0.0,10000.0
WS-NORTH,29/04/2025,13:00,Clear,24.8,0.0,10000.0
WS-NORTH,29/04/2025,14:00,Clear,24.5,0.0,10000.0
WS-NORTH,29/04/2025,15:00,Clear,27.5,0.0,10000.0
WS-NORTH,29/04/2025,16:00,clear,24.6,0.0,10000.0
WS-NORTH,29/04/2025,17:00,Clear,26.1,0.0,10000.0
WS-NORTH,29/04/2025,18:00,CLEAR,23.7,0.0,10000.0
WS-NORTH,29/04/2025,19:00,Clear,22.4,0.0,10000.0
WS-NORTH,29/04/2025,20:00,Clear,24.4,0.0,10000.0
WS-NORTH,29/04/2025,21:00,clear,18.2,0.0,10000.0
WS-NORTH,29/04/2025,22:00,Clear,18.9,0.0,10000.0
WS-NORTH,29/04/2025,23:00,Clear,17.7,0.0,10000.0
WS-NORTH,30/04/2025,00:00,Clear,16.0,0.0,10000.0
WS-NORTH,30/04/2025,01:00,Cloudy,15.0,0.0,10000.0
WS-NORTH,30/04/2025,02:00,Cloudy,16.2,0.0,10000.0
WS-NORTH,30/04/2025,03:00,cloudy,16.0,0.0,10000.0
WS-NORTH,30/04/2025,04:00,Rain,16.8,7.3,3291.0
WS-NORTH,30/04/2025,05:00,CLEAR,16.3,0.0,10000.0
WS-NORTH,30/04/2025,06:00,Fog,15.2,0.0,597.0
WS-NORTH,30/04/2025,07:00,Fog,19.7,0.0,1072.0
WS-NORTH,30/04/2025,08:00,Cloudy,19.2,0.0,10000.0
WS-NORTH,30/04/2025,09:00,clear,19.3,0.0,10000.0
WS-NORTH,30/04/2025,10:00,Clear,21.2,0.0,10000.0
WS-NORTH,30/04/2025,11:00,CLEAR,23.0,0.0,10000.0
WS-NORTH,30/04/2025,12:00,Clear,22.8,0.0,10000.0
WS-NORTH,30/04/2025,13:00,clear,24.3,0.0,10000.0
WS-NORTH,30/04/2025,14:00,Clear,23.1,0.0,10000.0
WS-NORTH,30/04/2025,15:00,Clear,25.2,0.0,10000.0
WS-NORTH,30/04/2025,16:00,CLEAR,25.2,0.0,10000.0
WS-NORTH,30/04/2025,17:00,cloudy,25.0,0.0,10000.0
WS-NORTH,30/04/2025,18:00,Overcast,27.3,0.0,10000.0
WS-NORTH,30/04/2025,19:00,Clear,23.4,0.0,10000.0
WS-NORTH,30/04/2025,20:00,Clear,19.9,0.0,10000.0
WS-NORTH,30/04/2025,21:00,Rain,20.3,8.0,4613.0
WS-NORTH,30/04/2025,22:00,Rain,21.0,5.5,4538.0
WS-NORTH,30/04/2025,23:00,RAIN,18.7,5.9,1956.0
WS-NORTH,01/05/2025,00:00,CLEAR,21.0,0.0,10000.0
WS-NORTH,01/05/2025,01:00,clear,16.2,0.0,10000.0
WS-NORTH,01/05/2025,02:00,Clear,14.6,0.0,10000.0
WS-NORTH,01/05/2025,03:00,CLEAR,13.6,0.0,10000.0
WS-NORTH,01/05/2025,04:00,Clear,15.1,0.0,10000.0
WS-NORTH,01/05/2025,05:00,Clear,18.2,0.0,10000.0
WS-NORTH,01/05/2025,06:00,CLEAR,14.7,0.0,10000.0
WS-NORTH,01/05/2025,07:00,CLEAR,17.4,0.0,10000.0
WS-NORTH,01/05/2025,08:00,clear,19.3,0.0,10000.0
WS-NORTH,01/05/2025,09:00,CLEAR,21.3,0.0,10000.0
WS-NORTH,01/05/2025,10:00,Cloudy,21.8,0.0,10000.0
WS-NORTH,01/05/2025,11:00,Cloudy,21.6,0.0,10000.0
WS-NORTH,01/05/2025,12:00,Cloudy,23.8,0.0,10000.0
WS-NORTH,01/05/2025,13:00,Cloudy,26.6,0.0,10000.0
WS-NORTH,01/05/2025,14:00,Cloudy,23.7,0.0,10000.0
WS-NORTH,01/05/2025,15:00,Cloudy,26.6,0.0,10000.0
WS-NORTH,01/05/2025,16:00,Clear,24.1,0.0,10000.0
WS-NORTH,01/05/2025,17:00,Clear,24.6,0.0,10000.0
WS-NORTH,01/05/2025,18:00,cloudy,25.9,0.0,10000.0
WS-NORTH,01/05/2025,19:00,Cloudy,21.9,0.0,10000.0
WS-NORTH,01/05/2025,20:00,Cloudy,22.9,0.0,10000.0
WS-NORTH,01/05/2025,21:00,Cloudy,21.0,0.0,10000.0
WS-NORTH,01/05/2025,22:00,Cloudy,18.6,0.0,10000.0
WS-NORTH,01/05/2025,23:00,clear,19.1,0.0,10000.0
WS-NORTH,02/05/2025,00:00,Clear,19.2,0.0,10000.0
WS-NORTH,02/05/2025,01:00,clear,16.0,0.0,10000.0
WS-NORTH,02/05/2025,02:00,Clear,16.9,0.0,10000.0
WS-NORTH,02/05/2025,03:00,Clear,16.8,0.0,10000.0
WS-NORTH,02/05/2025,04:00,Clear,17.3,0.0,10000.0
WS-NORTH,02/05/2025,05:00,Clear,16.0,0.0,10000.0
WS-NORTH,02/05/2025,06:00,clear,15.9,0.0,10000.0
WS-NORTH,02/05/2025,07:00,clear,18.1,0.0,10000.0
WS-NORTH,02/05/2025,08:00,Clear,17.8,0.0,10000.0
WS-NORTH,02/05/2025,09:00,Clear,20.4,0.0,10000.0
WS-NORTH,02/05/2025,10:00,Clear,22.7,0.0,10000.0
WS-NORTH,02/05/2025,11:00,CLEAR,24.5,0.0,10000.0
WS-NORTH,02/05/2025,12:00,CLEAR,24.3,0.0,10000.0
WS-NORTH,02/05/2025,13:00,clear,23.1,0.0,10000.0
WS-NORTH,02/05/2025,14:00,Clear,25.7,0.0,10000.0
WS-NORTH,02/05/2025,15:00,CLEAR,26.2,0.0,10000.0
WS-NORTH,02/05/2025,16:00,Clear,25.0,0.0,10000.0
WS-NORTH,02/05/2025,17:00,Cloudy,23.9,0.0,10000.0
WS-NORTH,02/05/2025,18:00,Rain,22.9,6.3,4728.0
WS-NORTH,02/05/2025,19:00,Overcast,22.7,0.0,10000.0
WS-NORTH,02/05/2025,20:00,Cloudy,22.6,0.0,10000.0
WS-NORTH,02/05/2025,21:00,Cloudy,20.3,0.0,10000.0
WS-NORTH,02/05/2025,22:00,Overcast,18.5,0.0,10000.0
WS-NORTH,02/05/2025,23:00,CLEAR,18.7,0.0,10000.0
WS-NORTH,03/05/2025,00:00,cloudy,18.5,0.0,10000.0
WS-NORTH,03/05/2025,01:00,Cloudy,15.8,0.0,10000.0
WS-NORTH,03/05/2025,02:00,Cloudy,16.0,0.0,10000.0
WS-NORTH,03/05/2025,03:00,cloudy,15.2,0.0,10000.0
WS-NORTH,03/05/2025,04:00,cloudy,15.2,0.0,10000.0
WS-NORTH,03/05/2025,05:00,cloudy,15.5,0.0,10000.0
WS-NORTH,03/05/2025,06:00,Cloudy,16.4,0.0,10000.0
WS-NORTH,03/05/2025,07:00,Overcast,17.6,0.0,10000.0
WS-NORTH,03/05/2025,08:00,Overcast,20.2,0.0,10000.0
WS-NORTH,03/05/2025,09:00,cloudy,21.4,0.0,10000.0
WS-NORTH,03/05/2025,10:00,cloudy,18.8,0.0,10000.0
WS-NORTH,03/05/2025,11:00,Clear,23.6,0.0,10000.0
WS-NORTH,03/05/2025,12:00,Clear,23.9,0.0,10000.0
WS-NORTH,03/05/2025,13:00,clear,24.0,0.0,10000.0
WS-NORTH,03/05/2025,14:00,Clear,24.9,0.0,10000.0
WS-NORTH,03/05/2025,15:00,Clear,24.4,0.0,10000.0
WS-NORTH,03/05/2025,16:00,Clear,24.7,0.0,10000.0
WS-NORTH,03/05/2025,17:00,clear,22.8,0.0,10000.0
WS-NORTH,03/05/2025,18:00,Clear,24.6,0.0,10000.0
WS-NORTH,03/05/2025,19:00,Clear,22.2,0.0,10000.0
WS-NORTH,03/05/2025,20:00,Clear,23.0,0.0,10000.0
WS-NORTH,03/05/2025,21:00,clear,21.7,0.0,10000.0
WS-NORTH,03/05/2025,22:00,clear,20.3,0.0,10000.0
WS-NORTH,03/05/2025,23:00,CLEAR,17.5,0.0,10000.0
WS-NORTH,04/05/2025,00:00,clear,16.3,0.0,10000.0
WS-NORTH,04/05/2025,01:00,Clear,14.7,0.0,10000.0
WS-NORTH,04/05/2025,02:00,Clear,16.7,0.0,10000.0
WS-NORTH,04/05/2025,03:00,Clear,15.7,0.0,10000.0
WS-NORTH,04/05/2025,04:00,Clear,14.7,0.0,10000.0
WS-NORTH,04/05/2025,05:00,Clear,15.7,0.0,10000.0
WS-NORTH,04/05/2025,06:00,Fog,16.2,0.0,616.0
WS-NORTH,04/05/2025,07:00,Fog,17.8,0.0,1046.0
WS-NORTH,04/05/2025,08:00,clear,18.8,0.0,10000.0
WS-NORTH,04/05/2025,09:00,Clear,19.8,0.0,10000.0
WS-NORTH,04/05/2025,10:00,Clear,22.6,0.0,10000.0
WS-NORTH,04/05/2025,11:00,Clear,21.2,0.0,10000.0
WS-NORTH,04/05/2025,12:00,CLEAR,25.4,0.0,10000.0
WS-NORTH,04/05/2025,13:00,clear,23.3,0.0,10000.0
WS-NORTH,04/05/2025,14:00,Clear,25.2,0.0,10000.0
WS-NORTH,04/05/2025,15:00,Clear,27.6,0.0,10000.0
WS-NORTH,04/05/2025,16:00,Clear,28.0,0.0,10000.0
WS-NORTH,04/05/2025,17:00,Clear,26.0,0.0,10000.0
WS-NORTH,04/05/2025,18:00,Clear,24.5,0.0,10000.0
WS-NORTH,04/05/2025,19:00,clear,24.1,0.0,10000.0
WS-NORTH,04/05/2025,20:00,Clear,23.2,0.0,10000.0
WS-NORTH,04/05/2025,21:00,Clear,20.2,0.0,10000.0
WS-NORTH,04/05/2025,22:00,Clear,19.9,0.0,10000.0
WS-NORTH,04/05/2025,23:00,clear,16.2,0.0,10000.0
WS-NORTH,05/05/2025,00:00,Clear,17.6,0.0,10000.0
WS-NORTH,05/05/2025,01:00,Clear,16.8,0.0,10000.0
WS-NORTH,05/05/2025,02:00,CLEAR,16.8,0.0,10000.0
WS-NORTH,05/05/2025,03:00,Clear,14.6,0.0,10000.0
WS-NORTH,05/05/2025,04:00,Clear,16.2,0.0,10000.0
WS-NORTH,05/05/2025,05:00,clear,16.2,0.0,10000.0
WS-NORTH,05/05/2025,06:00,CLEAR,,0.0,10000.0
WS-NORTH,05/05/2025,07:00,Clear,22.8,0.0,10000.0
WS-NORTH,05/05/2025,08:00,clear,19.8,0.0,10000.0
WS-NORTH,05/05/2025,09:00,Clear,20.2,0.0,10000.0
WS-NORTH,05/05/2025,10:00,clear,21.6,0.0,10000.0
WS-NORTH,05/05/2025,11:00,Cloudy,23.3,0.0,10000.0
WS-NORTH,05/05/2025,12:00,cloudy,23.0,0.0,10000.0
WS-NORTH,05/05/2025,13:00,Cloudy,24.2,0.0,10000.0
WS-NORTH,05/05/2025,14:00,Cloudy,25.2,0.0,10000.0
WS-NORTH,05/05/2025,15:00,Cloudy,24.5,0.0,10000.0
WS-NORTH,05/05/2025,16:00,Cloudy,24.9,0.0,10000.0
WS-NORTH,05/05/2025,17:00,Cloudy,24.3,0.0,10000.0
WS-NORTH,05/05/2025,18:00,Cloudy,24.6,0.0,10000.0
WS-NORTH,05/05/2025,19:00,clear,24.5,0.0,10000.0
WS-NORTH,05/05/2025,20:00,CLEAR,22.9,0.0,10000.0
WS-NORTH,05/05/2025,21:00,Clear,20.8,0.0,10000.0
WS-NORTH,05/05/2025,22:00,Clear,20.2,0.0,10000.0
WS-NORTH,05/05/2025,23:00,Clear,17.6,0.0,10000.0
WS-NORTH,06/05/2025,00:00,CLEAR,17.6,0.0,10000.0
WS-NORTH,06/05/2025,01:00,Clear,19.1,0.0,10000.0
WS-NORTH,06/05/2025,02:00,Clear,16.0,0.0,10000.0
WS-NORTH,06/05/2025,03:00,Clear,16.1,0.0,10000.0
WS-NORTH,06/05/2025,04:00,Fog,15.7,0.0,706.0
WS-NORTH,06/05/2025,05:00,Fog,15.4,0.0,1115.0
WS-NORTH,06/05/2025,06:00,clear,18.0,0.0,10000.0
WS-NORTH,06/05/2025,07:00,CLEAR,17.0,0.0,10000.0
WS-NORTH,06/05/2025,08:00,Cloudy,21.1,0.0,10000.0
WS-NORTH,06/05/2025,09:00,Cloudy,18.5,0.0,10000.0
WS-NORTH,06/05/2025,10:00,Cloudy,22.0,0.0,10000.0
WS-NORTH,06/05/2025,11:00,Clear,24.7,0.0,10000.0
WS-NORTH,06/05/2025,12:00,CLEAR,26.5,0.0,10000.0
WS-NORTH,06/05/2025,13:00,Clear,24.2,0.0,10000.0
WS-NORTH,06/05/2025,14:00,Clear,,0.0,10000.0
WS-NORTH,06/05/2025,15:00,CLEAR,26.1,0.0,10000.0
WS-NORTH,06/05/2025,16:00,Clear,24.6,0.0,10000.0
WS-NORTH,06/05/2025,17:00,Clear,25.4,0.0,10000.0
WS-NORTH,06/05/2025,18:00,Clear,23.1,0.0,10000.0
WS-NORTH,06/05/2025,19:00,Clear,23.5,0.0,10000.0
WS-NORTH,06/05/2025,20:00,Clear,20.6,0.0,10000.0
WS-NORTH,06/05/2025,21:00,Clear,18.4,0.0,10000.0
WS-NORTH,06/05/2025,22:00,Clear,20.1,0.0,10000.0
WS-NORTH,06/05/2025,23:00,Clear,17.1,0.0,10000.0
WS-NORTH,07/05/2025,00:00,Clear,18.1,0.0,10000.0
WS-NORTH,07/05/2025,01:00,Clear,14.9,0.0,10000.0
WS-NORTH,07/05/2025,02:00,CLEAR,16.0,0.0,10000.0
WS-NORTH,07/05/2025,03:00,Clear,15.6,0.0,10000.0
WS-NORTH,07/05/2025,04:00,Clear,13.5,0.0,10000.0
WS-NORTH,07/05/2025,05:00,Clear,16.6,0.0,10000.0
WS-NORTH,07/05/2025,06:00,Clear,16.3,0.0,10000.0
WS-NORTH,07/05/2025,07:00,Clear,17.5,0.0,10000.0
WS-NORTH,07/05/2025,08:00,clear,18.0,0.0,10000.0
WS-NORTH,07/05/2025,09:00,Clear,19.7,0.0,10000.0
WS-NORTH,07/05/2025,10:00,Clear,22.1,0.0,10000.0
WS-NORTH,07/05/2025,11:00,Clear,23.4,0.0,10000.0
WS-NORTH,07/05/2025,12:00,Clear,24.0,0.0,10000.0
WS-NORTH,07/05/2025,13:00,Clear,26.4,0.0,10000.0
WS-NORTH,07/05/2025,14:00,Rain,27.2,5.1,2839.0
WS-NORTH,07/05/2025,15:00,Rain,24.8,1.1,4625.0
WS-NORTH,07/05/2025,16:00,Rain,27.4,7.7,4252.0
WS-NORTH,07/05/2025,17:00,Rain,26.6,8.9,4738.0
WS-NORTH,07/05/2025,18:00,Rain,23.3,8.0,1874.0
WS-NORTH,07/05/2025,19:00,Cloudy,24.4,0.0,10000.0
WS-NORTH,07/05/2025,20:00,Clear,22.4,0.0,
WS-NORTH,07/05/2025,21:00,CLEAR,21.8,0.0,10000.0
WS-NORTH,07/05/2025,22:00,Clear,20.2,0.0,10000.0
WS-NORTH,07/05/2025,23:00,Clear,17.8,0.0,10000.0
WS-NORTH,08/05/2025,00:00,Clear,16.6,0.0,10000.0
WS-NORTH,08/05/2025,01:00,Clear,17.7,0.0,10000.0
WS-NORTH,08/05/2025,02:00,CLEAR,14.3,0.0,10000.0
WS-NORTH,08/05/2025,03:00,Clear,19.1,0.0,10000.0
WS-NORTH,08/05/2025,04:00,Clear,15.3,0.0,10000.0
WS-NORTH,08/05/2025,05:00,CLEAR,18.6,0.0,10000.0
WS-NORTH,08/05/2025,06:00,Clear,14.7,0.0,10000.0
WS-NORTH,08/05/2025,07:00,Clear,,0.0,10000.0
WS-NORTH,08/05/2025,08:00,CLEAR,18.8,0.0,10000.0
WS-NORTH,08/05/2025,09:00,Clear,20.6,0.0,10000.0
WS-NORTH,08/05/2025,10:00,clear,21.1,0.0,10000.0
WS-NORTH,08/05/2025,11:00,CLEAR,22.4,0.0,10000.0
WS-NORTH,08/05/2025,12:00,Clear,25.4,0.0,10000.0
WS-NORTH,08/05/2025,13:00,Clear,28.4,0.0,10000.0
WS-NORTH,08/05/2025,14:00,Clear,22.8,0.0,10000.0
WS-NORTH,08/05/2025,15:00,Clear,25.5,0.0,10000.0
WS-NORTH,08/05/2025,16:00,Clear,26.4,0.0,10000.0
WS-NORTH,08/05/2025,17:00,CLEAR,26.1,0.0,10000.0
WS-NORTH,08/05/2025,18:00,clear,23.5,0.0,10000.0
WS-NORTH,08/05/2025,19:00,clear,21.7,0.0,10000.0
WS-NORTH,08/05/2025,20:00,Clear,18.8,0.0,10000.0
WS-NORTH,08/05/2025,21:00,Cloudy,21.8,0.0,10000.0
WS-NORTH,08/05/2025,22:00,Cloudy,18.9,0.0,10000.0
WS-NORTH,08/05/2025,23:00,Cloudy,19.2,0.0,10000.0
WS-NORTH,09/05/2025,00:00,cloudy,14.9,0.0,10000.0
WS-NORTH,09/05/2025,01:00,Cloudy,14.3,0.0,10000.0
WS-NORTH,09/05/2025,02:00,Overcast,14.0,0.0,10000.0
WS-NORTH,09/05/2025,03:00,Clear,16.1,0.0,10000.0
WS-NORTH,09/05/2025,04:00,Clear,15.3,0.0,10000.0
WS-NORTH,09/05/2025,05:00,Clear,16.9,0.0,10000.0
WS-NORTH,09/05/2025,06:00,Clear,16.9,0.0,10000.0
WS-NORTH,09/05/2025,07:00,Clear,17.9,0.0,10000.0
WS-NORTH,09/05/2025,08:00,Clear,19.6,0.0,10000.0
WS-NORTH,09/05/2025,09:00,Clear,20.4,0.0,10000.0
WS-NORTH,09/05/2025,10:00,Clear,22.3,0.0,10000.0
WS-NORTH,09/05/2025,11:00,Clear,22.3,0.0,10000.0
WS-NORTH,09/05/2025,12:00,CLEAR,25.3,0.0,10000.0
WS-NORTH,09/05/2025,13:00,clear,25.1,0.0,10000.0
WS-NORTH,09/05/2025,14:00,CLEAR,25.7,0.0,10000.0
WS-NORTH,09/05/2025,15:00,Clear,27.7,0.0,10000.0
WS-NORTH,09/05/2025,16:00,Clear,24.6,0.0,10000.0
WS-NORTH,09/05/2025,17:00,clear,25.9,0.0,10000.0
WS-NORTH,09/05/2025,18:00,Clear,22.7,0.0,10000.0
WS-NORTH,09/05/2025,19:00,Clear,23.9,0.0,10000.0
WS-NORTH,09/05/2025,20:00,CLEAR,22.2,0.0,10000.0
WS-NORTH,09/05/2025,21:00,Clear,19.4,0.0,10000.0
WS-NORTH,09/05/2025,22:00,Clear,21.2,0.0,10000.0
WS-NORTH,09/05/2025,23:00,Clear,16.6,0.0,10000.0
WS-NORTH,10/05/2025,00:00,clear,16.7,0.0,10000.0
WS-NORTH,10/05/2025,01:00,CLEAR,17.7,0.0,
WS-NORTH,10/05/2025,02:00,CLEAR,17.3,0.0,10000.0
WS-NORTH,10/05/2025,03:00,Clear,15.3,0.0,10000.0
WS-NORTH,10/05/2025,04:00,clear,16.9,0.0,10000.0
WS-NORTH,10/05/2025,05:00,Clear,16.6,0.0,10000.0
WS-NORTH,10/05/2025,06:00,CLEAR,17.9,0.0,10000.0
WS-NORTH,10/05/2025,07:00,Overcast,19.4,0.0,10000.0
WS-NORTH,10/05/2025,08:00,Overcast,19.3,0.0,10000.0
WS-NORTH,10/05/2025,09:00,Overcast,21.9,0.0,10000.0
WS-NORTH,10/05/2025,10:00,Cloudy,20.6,0.0,10000.0
WS-NORTH,10/05/2025,11:00,Cloudy,21.5,0.0,10000.0
WS-NORTH,10/05/2025,12:00,Cloudy,25.0,0.0,10000.0
WS-NORTH,10/05/2025,13:00,Clear,23.3,0.0,10000.0
WS-NORTH,10/05/2025,14:00,Clear,25.4,0.0,10000.0
WS-NORTH,10/05/2025,15:00,Clear,27.2,0.0,10000.0
WS-NORTH,10/05/2025,16:00,Clear,26.1,0.0,10000.0
WS-NORTH,10/05/2025,17:00,Clear,25.1,0.0,10000.0
WS-NORTH,10/05/2025,18:00,Clear,24.5,0.0,10000.0
WS-NORTH,10/05/2025,19:00,Clear,24.2,0.0,10000.0
WS-NORTH,10/05/2025,20:00,CLEAR,20.0,0.0,10000.0
WS-NORTH,10/05/2025,21:00,Clear,23.9,0.0,10000.0
WS-NORTH,10/05/2025,22:00,Clear,21.6,0.0,10000.0
WS-NORTH,10/05/2025,23:00,Clear,20.0,0.0,10000.0
WS-NORTH,11/05/2025,00:00,CLEAR,17.8,0.0,10000.0
WS-NORTH,11/05/2025,01:00,Clear,15.0,0.0,10000.0
WS-NORTH,11/05/2025,02:00,Clear,16.8,0.0,10000.0
WS-NORTH,11/05/2025,03:00,Clear,18.4,0.0,10000.0
WS-NORTH,11/05/2025,04:00,Clear,18.1,0.0,10000.0
WS-NORTH,11/05/2025,05:00,Clear,16.4,0.0,10000.0
WS-NORTH,11/05/2025,06:00,Clear,16.5,0.0,10000.0
WS-NORTH,11/05/2025,07:00,Clear,16.1,0.0,10000.0
WS-NORTH,11/05/2025,08:00,Clear,18.6,0.0,10000.0
WS-NORTH,11/05/2025,09:00,Clear,21.1,0.0,10000.0
WS-NORTH,11/05/2025,10:00,Clear,22.2,0.0,10000.0
WS-NORTH,11/05/2025,11:00,Clear,22.8,0.0,10000.0
WS-NORTH,11/05/2025,12:00,CLEAR,25.0,0.0,10000.0
WS-NORTH,11/05/2025,13:00,Clear,24.3,0.0,10000.0
WS-NORTH,11/05/2025,14:00,Clear,25.7,0.0,10000.0
WS-NORTH,11/05/2025,15:00,clear,24.4,0.0,10000.0
WS-NORTH,11/05/2025,16:00,CLEAR,25.3,0.0,10000.0
WS-NORTH,11/05/2025,17:00,CLEAR,26.6,0.0,10000.0
WS-NORTH,11/05/2025,18:00,Clear,24.8,0.0,10000.0
WS-NORTH,11/05/2025,19:00,clear,24.0,0.0,10000.0
WS-NORTH,11/05/2025,20:00,clear,24.0,0.0,10000.0
WS-NORTH,11/05/2025,21:00,Clear,21.5,0.0,10000.0
WS-NORTH,11/05/2025,22:00,Clear,19.0,0.0,10000.0
WS-NORTH,11/05/2025,23:00,Clear,19.0,0.0,10000.0
WS-NORTH,12/05/2025,00:00,Clear,16.7,0.0,10000.0
WS-NORTH,12/05/2025,01:00,Clear,15.6,0.0,10000.0
WS-NORTH,12/05/2025,02:00,Clear,16.4,0.0,10000.0
WS-NORTH,12/05/2025,03:00,CLEAR,16.8,0.0,10000.0
WS-NORTH,12/05/2025,04:00,CLEAR,17.0,0.0,10000.0
WS-NORTH,12/05/2025,05:00,Clear,16.9,0.0,10000.0
WS-NORTH,12/05/2025,06:00,Clear,18.4,0.0,10000.0
WS-NORTH,12/05/2025,07:00,Clear,17.5,0.0,10000.0
WS-NORTH,12/05/2025,08:00,Clear,20.6,0.0,10000.0
WS-NORTH,12/05/2025,09:00,Clear,20.6,0.0,10000.0
WS-NORTH,12/05/2025,10:00,Clear,21.5,0.0,10000.0
WS-NORTH,12/05/2025,11:00,Clear,23.3,0.0,10000.0
WS-NORTH,12/05/2025,12:00,Clear,23.7,0.0,10000.0
WS-NORTH,12/05/2025,13:00,CLEAR,25.6,0.0,10000.0
WS-NORTH,12/05/2025,14:00,Clear,24.7,0.0,10000.0
WS-NORTH,12/05/2025,15:00,Clear,27.9,0.0,10000.0
WS-NORTH,12/05/2025,16:00,CLEAR,24.8,0.0,10000.0
WS-NORTH,12/05/2025,17:00,Clear,27.4,0.0,10000.0
WS-NORTH,12/05/2025,18:00,Clear,24.7,0.0,10000.0
WS-NORTH,12/05/2025,19:00,Clear,23.3,0.0,10000.0
WS-NORTH,12/05/2025,20:00,Overcast,22.0,0.0,10000.0
WS-NORTH,12/05/2025,21:00,Cloudy,19.6,0.0,10000.0
WS-NORTH,12/05/2025,22:00,Overcast,21.0,0.0,10000.0
WS-NORTH,12/05/2025,23:00,Cloudy,17.4,0.0,10000.0
WS-NORTH,13/05/2025,00:00,Clear,17.5,0.0,10000.0
WS-NORTH,13/05/2025,01:00,Clear,16.5,0.0,10000.0
WS-NORTH,13/05/2025,02:00,Clear,17.1,0.0,10000.0
WS-NORTH,13/05/2025,03:00,CLEAR,14.5,0.0,10000.0
WS-NORTH,13/05/2025,04:00,Clear,18.5,0.0,10000.0
WS-NORTH,13/05/2025,05:00,clear,16.0,0.0,10000.0
WS-NORTH,13/05/2025,06:00,Clear,16.3,0.0,10000.0
WS-NORTH,13/05/2025,07:00,Clear,17.1,0.0,10000.0
WS-NORTH,13/05/2025,08:00,clear,19.1,0.0,10000.0
WS-NORTH,13/05/2025,09:00,Clear,18.9,0.0,10000.0
WS-NORTH,13/05/2025,10:00,Clear,21.4,0.0,10000.0
WS-NORTH,13/05/2025,11:00,CLEAR,23.3,0.0,10000.0
WS-NORTH,13/05/2025,12:00,clear,22.0,0.0,10000.0
WS-NORTH,13/05/2025,13:00,Clear,26.5,0.0,10000.0
WS-NORTH,13/05/2025,14:00,clear,25.3,0.0,10000.0
WS-NORTH,13/05/2025,15:00,Clear,26.7,0.0,10000.0
WS-NORTH,13/05/2025,16:00,Clear,24.5,0.0,10000.0
WS-NORTH,13/05/2025,17:00,CLEAR,25.6,0.0,10000.0
WS-NORTH,13/05/2025,18:00,clear,25.3,0.0,10000.0
WS-NORTH,13/05/2025,19:00,Clear,22.5,0.0,10000.0
WS-NORTH,13/05/2025,20:00,Clear,21.7,0.0,10000.0
WS-NORTH,13/05/2025,21:00,clear,21.0,0.0,10000.0
WS-NORTH,13/05/2025,22:00,Clear,20.9,0.0,10000.0
WS-NORTH,13/05/2025,23:00,Clear,18.5,0.0,10000.0
WS-NORTH,14/05/2025,00:00,CLEAR,17.8,0.0,10000.0
WS-NORTH,14/05/2025,01:00,Clear,17.0,0.0,10000.0
WS-NORTH,14/05/2025,02:00,Clear,16.5,0.0,10000.0
WS-NORTH,14/05/2025,03:00,Clear,18.4,0.0,10000.0
WS-NORTH,14/05/2025,04:00,Clear,17.2,0.0,10000.0
WS-NORTH,14/05/2025,05:00,Clear,16.9,0.0,10000.0
WS-NORTH,14/05/2025,06:00,Clear,16.0,0.0,10000.0
WS-NORTH,14/05/2025,07:00,Clear,17.4,0.0,10000.0
WS-NORTH,14/05/2025,08:00,Clear,,0.0,10000.0
WS-NORTH,14/05/2025,09:00,Clear,20.0,0.0,10000.0
WS-NORTH,14/05/2025,10:00,Clear,23.7,0.0,10000.0
WS-NORTH,14/05/2025,11:00,clear,24.5,0.0,10000.0
WS-NORTH,14/05/2025,12:00,Clear,24.8,0.0,10000.0
WS-NORTH,14/05/2025,13:00,CLEAR,25.4,0.0,10000.0
WS-NORTH,14/05/2025,14:00,Clear,25.0,0.0,10000.0
WS-NORTH,14/05/2025,15:00,clear,27.1,0.0,10000.0
WS-NORTH,14/05/2025,16:00,Clear,25.4,0.0,10000.0
WS-NORTH,14/05/2025,17:00,Clear,,0.0,10000.0
WS-NORTH,14/05/2025,18:00,clear,26.5,0.0,10000.0
WS-NORTH,14/05/2025,19:00,CLEAR,23.1,0.0,10000.0
WS-NORTH,14/05/2025,20:00,Clear,21.4,0.0,10000.0
WS-NORTH,14/05/2025,21:00,Clear,23.3,0.0,10000.0
WS-NORTH,14/05/2025,22:00,Clear,19.3,0.0,10000.0
WS-NORTH,14/05/2025,23:00,Clear,18.6,0.0,10000.0
WS-NORTH,15/05/2025,00:00,CLEAR,18.7,0.0,10000.0
WS-NORTH,15/05/2025,01:00,CLEAR,15.5,0.0,10000.0
WS-NORTH,15/05/2025,02:00,Clear,15.3,0.0,10000.0
WS-NORTH,15/05/2025,03:00,Clear,15.5,0.0,10000.0
WS-NORTH,15/05/2025,04:00,Clear,14.2,0.0,10000.0
WS-NORTH,15/05/2025,05:00,clear,16.9,0.0,10000.0
WS-NORTH,15/05/2025,06:00,Clear,19.2,0.0,10000.0
WS-NORTH,15/05/2025,07:00,Clear,17.7,0.0,10000.0
WS-NORTH,15/05/2025,08:00,Clear,21.1,0.0,10000.0
WS-NORTH,15/05/2025,09:00,Clear,21.3,0.0,10000.0
WS-NORTH,15/05/2025,10:00,CLEAR,24.3,0.0,10000.0
WS-NORTH,15/05/2025,11:00,Cloudy,20.5,0.0,10000.0
WS-NORTH,15/05/2025,12:00,Cloudy,24.8,0.0,10000.0
WS-NORTH,15/05/2025,13:00,Overcast,24.8,0.0,10000.0
WS-NORTH,15/05/2025,14:00,Cloudy,26.6,0.0,10000.0
WS-NORTH,15/05/2025,15:00,Cloudy,23.7,0.0,10000.0
WS-NORTH,15/05/2025,16:00,Overcast,25.0,0.0,10000.0
WS-NORTH,15/05/2025,17:00,Clear,23.9,0.0,10000.0
WS-NORTH,15/05/2025,18:00,Clear,24.6,0.0,10000.0
WS-NORTH,15/05/2025,19:00,clear,22.3,0.0,10000.0
WS-NORTH,15/05/2025,20:00,Clear,24.2,0.0,10000.0
WS-NORTH,15/05/2025,21:00,Clear,21.3,0.0,10000.0
WS-NORTH,15/05/2025,22:00,Clear,20.5,0.0,10000.0
WS-NORTH,15/05/2025,23:00,Cloudy,18.9,0.0,10000.0
WS-NORTH,16/05/2025,00:00,Cloudy,15.0,0.0,10000.0
WS-NORTH,16/05/2025,01:00,clear,17.9,0.0,10000.0
WS-NORTH,16/05/2025,02:00,clear,15.4,0.0,10000.0
WS-NORTH,16/05/2025,03:00,Clear,17.0,0.0,10000.0
WS-NORTH,16/05/2025,04:00,Fog,15.8,0.0,1057.0
WS-NORTH,16/05/2025,05:00,Overcast,16.6,0.0,10000.0
WS-NORTH,16/05/2025,06:00,Clear,14.7,0.0,10000.0
WS-NORTH,16/05/2025,07:00,Clear,19.1,0.0,10000.0
WS-NORTH,16/05/2025,08:00,CLEAR,18.8,0.0,10000.0
WS-NORTH,16/05/2025,09:00,Clear,17.9,0.0,10000.0
WS-NORTH,16/05/2025,10:00,CLEAR,23.3,0.0,10000.0
WS-NORTH,16/05/2025,11:00,CLEAR,23.6,0.0,10000.0
WS-NORTH,16/05/2025,12:00,Clear,25.2,0.0,10000.0
WS-NORTH,16/05/2025,13:00,CLEAR,23.8,0.0,10000.0
WS-NORTH,16/05/2025,14:00,Clear,22.5,0.0,10000.0
WS-NORTH,16/05/2025,15:00,cloudy,26.4,0.0,10000.0
WS-NORTH,16/05/2025,16:00,Cloudy,27.5,0.0,10000.0
WS-NORTH,16/05/2025,17:00,Cloudy,23.7,0.0,10000.0
WS-NORTH,16/05/2025,18:00,Cloudy,26.4,0.0,10000.0
WS-NORTH,16/05/2025,19:00,cloudy,22.3,0.0,10000.0
WS-NORTH,16/05/2025,20:00,Clear,22.0,0.0,10000.0
WS-NORTH,16/05/2025,21:00,Clear,21.3,0.0,10000.0
WS-NORTH,16/05/2025,22:00,Clear,20.1,0.0,10000.0
WS-NORTH,16/05/2025,23:00,clear,17.9,0.0,10000.0
WS-NORTH,17/05/2025,00:00,Overcast,17.6,0.0,10000.0
WS-NORTH,17/05/2025,01:00,Cloudy,17.4,0.0,10000.0
WS-NORTH,17/05/2025,02:00,Clear,15.9,0.0,10000.0
WS-NORTH,17/05/2025,03:00,CLEAR,16.9,0.0,10000.0
WS-NORTH,17/05/2025,04:00,clear,17.4,0.0,10000.0
WS-NORTH,17/05/2025,05:00,Clear,17.3,0.0,
WS-NORTH,17/05/2025,06:00,Clear,15.6,0.0,10000.0
WS-NORTH,17/05/2025,07:00,Clear,19.7,0.0,10000.0
WS-NORTH,17/05/2025,08:00,Clear,18.8,0.0,10000.0
WS-NORTH,17/05/2025,09:00,Clear,22.2,0.0,10000.0
WS-NORTH,17/05/2025,10:00,CLEAR,22.0,0.0,10000.0
WS-NORTH,17/05/2025,11:00,Clear,24.5,0.0,10000.0
WS-NORTH,17/05/2025,12:00,clear,23.7,0.0,10000.0
WS-NORTH,17/05/2025,13:00,CLEAR,24.5,0.0,10000.0
WS-NORTH,17/05/2025,14:00,CLEAR,26.6,0.0,10000.0
WS-NORTH,17/05/2025,15:00,clear,25.7,0.0,10000.0
WS-NORTH,17/05/2025,16:00,Clear,27.7,0.0,10000.0
WS-NORTH,17/05/2025,17:00,Clear,24.7,0.0,10000.0
WS-NORTH,17/05/2025,18:00,clear,23.8,0.0,10000.0
WS-NORTH,17/05/2025,19:00,Clear,23.7,0.0,10000.0
WS-NORTH,17/05/2025,20:00,clear,23.4,0.0,10000.0
WS-NORTH,17/05/2025,21:00,Clear,20.9,0.0,10000.0
WS-NORTH,17/05/2025,22:00,CLEAR,19.5,0.0,10000.0
WS-NORTH,17/05/2025,23:00,Clear,18.5,0.0,10000.0
WS-NORTH,18/05/2025,00:00,Clear,17.8,0.0,10000.0
WS-NORTH,18/05/2025,01:00,Clear,16.8,0.0,10000.0
WS-NORTH,18/05/2025,02:00,Clear,14.8,0.0,10000.0
WS-NORTH,18/05/2025,03:00,CLEAR,16.5,0.0,10000.0
WS-NORTH,18/05/2025,04:00,clear,17.4,0.0,10000.0
WS-NORTH,18/05/2025,05:00,Clear,17.8,0.0,10000.0
WS-NORTH,18/05/2025,06:00,clear,20.2,0.0,10000.0
WS-NORTH,18/05/2025,07:00,CLEAR,18.7,0.0,10000.0
WS-NORTH,18/05/2025,08:00,Clear,19.2,0.0,10000.0
WS-NORTH,18/05/2025,09:00,clear,20.3,0.0,10000.0
WS-NORTH,18/05/2025,10:00,clear,23.6,0.0,10000.0
WS-NORTH,18/05/2025,11:00,clear,23.9,0.0,10000.0
WS-NORTH,18/05/2025,12:00,Clear,26.3,0.0,10000.0
WS-NORTH,18/05/2025,13:00,Clear,24.0,0.0,10000.0
WS-NORTH,18/05/2025,14:00,CLEAR,26.5,0.0,10000.0
WS-NORTH,18/05/2025,15:00,Clear,28.2,0.0,10000.0
WS-NORTH,18/05/2025,16:00,CLEAR,25.9,0.0,10000.0
WS-NORTH,18/05/2025,17:00,CLEAR,27.3,0.0,10000.0
WS-NORTH,18/05/2025,18:00,CLEAR,24.5,0.0,10000.0
WS-NORTH,18/05/2025,19:00,Rain,23.1,2.8,4907.0
WS-NORTH,18/05/2025,20:00,RAIN,22.8,6.4,2193.0
WS-NORTH,18/05/2025,21:00,Rain,18.5,3.7,3294.0
WS-NORTH,18/05/2025,22:00,Rain,18.7,7.3,3966.0
WS-NORTH,18/05/2025,23:00,Clear,20.1,0.0,10000.0
WS-NORTH,19/05/2025,00:00,Clear,16.0,0.0,10000.0
WS-NORTH,19/05/2025,01:00,clear,15.9,0.0,10000.0
WS-NORTH,19/05/2025,02:00,Clear,16.7,0.0,10000.0
WS-NORTH,19/05/2025,03:00,Clear,15.6,0.0,10000.0
WS-NORTH,19/05/2025,04:00,Clear,,0.0,10000.0
WS-NORTH,19/05/2025,05:00,Clear,19.8,0.0,10000.0
WS-NORTH,19/05/2025,06:00,CLEAR,16.9,0.0,10000.0
WS-NORTH,19/05/2025,07:00,Cloudy,19.5,0.0,
WS-NORTH,19/05/2025,08:00,Cloudy,19.7,0.0,10000.0
WS-NORTH,19/05/2025,09:00,CLEAR,21.3,0.0,10000.0
WS-NORTH,19/05/2025,10:00,Clear,22.0,0.0,10000.0
WS-NORTH,19/05/2025,11:00,Clear,23.5,0.0,10000.0
WS-NORTH,19/05/2025,12:00,Clear,24.1,0.0,10000.0
WS-NORTH,19/05/2025,13:00,Clear,25.2,0.0,10000.0
WS-NORTH,19/05/2025,14:00,CLEAR,27.1,0.0,
WS-NORTH,19/05/2025,15:00,Clear,26.5,0.0,10000.0
WS-NORTH,19/05/2025,16:00,Clear,23.9,0.0,10000.0
WS-NORTH,19/05/2025,17:00,CLEAR,24.1,0.0,10000.0
WS-NORTH,19/05/2025,18:00,clear,24.6,0.0,10000.0
WS-NORTH,19/05/2025,19:00,Clear,25.1,0.0,10000.0
WS-NORTH,19/05/2025,20:00,Clear,22.2,0.0,10000.0
WS-NORTH,19/05/2025,21:00,Clear,22.5,0.0,10000.0
WS-NORTH,19/05/2025,22:00,clear,19.6,0.0,10000.0
WS-NORTH,19/05/2025,23:00,Clear,16.8,0.0,10000.0
WS-NORTH,20/05/2025,00:00,Clear,18.7,0.0,10000.0
WS-NORTH,20/05/2025,01:00,CLEAR,16.6,0.0,10000.0
WS-NORTH,20/05/2025,02:00,Clear,16.9,0.0,10000.0
WS-NORTH,20/05/2025,03:00,Clear,14.1,0.0,10000.0
WS-NORTH,20/05/2025,04:00,Clear,18.4,0.0,10000.0
WS-NORTH,20/05/2025,05:00,Clear,17.2,0.0,10000.0
WS-NORTH,20/05/2025,06:00,Clear,17.2,0.0,10000.0
WS-NORTH,20/05/2025,07:00,CLEAR,18.6,0.0,10000.0
WS-NORTH,20/05/2025,08:00,Clear,18.3,0.0,10000.0
WS-NORTH,20/05/2025,09:00,Clear,23.8,0.0,10000.0
WS-NORTH,20/05/2025,10:00,Clear,23.0,0.0,10000.0
WS-NORTH,20/05/2025,11:00,Clear,25.7,0.0,10000.0
WS-NORTH,20/05/2025,12:00,clear,26.4,0.0,10000.0
WS-NORTH,20/05/2025,13:00,Clear,26.5,0.0,10000.0
WS-NORTH,20/05/2025,14:00,Clear,27.3,0.0,10000.0
WS-NORTH,20/05/2025,15:00,clear,26.3,0.0,10000.0
WS-NORTH,20/05/2025,16:00,Clear,24.1,0.0,10000.0
WS-NORTH,20/05/2025,17:00,Clear,26.8,0.0,10000.0
WS-NORTH,20/05/2025,18:00,Clear,24.3,0.0,10000.0
WS-NORTH,20/05/2025,19:00,CLEAR,22.3,0.0,10000.0
WS-NORTH,20/05/2025,20:00,Clear,24.8,0.0,10000.0
WS-NORTH,20/05/2025,21:00,Clear,20.4,0.0,10000.0
WS-NORTH,20/05/2025,22:00,Clear,19.3,0.0,10000.0
WS-NORTH,20/05/2025,23:00,Clear,16.9,0.0,10000.0
WS-NORTH,21/05/2025,00:00,Clear,18.2,0.0,10000.0
WS-NORTH,21/05/2025,01:00,cloudy,15.8,0.0,10000.0
WS-NORTH,21/05/2025,02:00,Cloudy,15.1,0.0,10000.0
WS-NORTH,21/05/2025,03:00,Overcast,16.7,0.0,10000.0
WS-NORTH,21/05/2025,04:00,Overcast,16.5,0.0,10000.0
WS-NORTH,21/05/2025,05:00,Cloudy,15.3,0.0,10000.0
WS-NORTH,21/05/2025,06:00,cloudy,17.8,0.0,10000.0
WS-NORTH,21/05/2025,07:00,Clear,19.4,0.0,10000.0
WS-NORTH,21/05/2025,08:00,clear,18.7,0.0,10000.0
WS-NORTH,21/05/2025,09:00,Clear,23.6,0.0,10000.0
WS-NORTH,21/05/2025,10:00,Cloudy,23.6,0.0,10000.0
WS-NORTH,21/05/2025,11:00,cloudy,24.3,0.0,10000.0
WS-NORTH,21/05/2025,12:00,Cloudy,24.2,0.0,10000.0
WS-NORTH,21/05/2025,13:00,Cloudy,23.4,0.0,10000.0
WS-NORTH,21/05/2025,14:00,Cloudy,26.6,0.0,10000.0
WS-NORTH,21/05/2025,15:00,cloudy,27.1,0.0,10000.0
WS-NORTH,21/05/2025,16:00,Clear,26.3,0.0,10000.0
WS-NORTH,21/05/2025,17:00,CLEAR,25.8,0.0,10000.0
WS-NORTH,21/05/2025,18:00,Clear,23.9,0.0,10000.0
WS-NORTH,21/05/2025,19:00,Clear,23.0,0.0,10000.0
WS-NORTH,21/05/2025,20:00,CLEAR,24.1,0.0,
WS-NORTH,21/05/2025,21:00,Clear,22.6,0.0,10000.0
WS-NORTH,21/05/2025,22:00,CLEAR,21.4,0.0,10000.0
WS-NORTH,21/05/2025,23:00,CLEAR,18.8,0.0,10000.0
WS-NORTH,22/05/2025,00:00,clear,17.0,0.0,10000.0
WS-NORTH,22/05/2025,01:00,Clear,15.2,0.0,10000.0
WS-NORTH,22/05/2025,02:00,Clear,18.0,0.0,10000.0
WS-NORTH,22/05/2025,03:00,Clear,,0.0,10000.0
WS-NORTH,22/05/2025,04:00,cloudy,17.6,0.0,10000.0
WS-NORTH,22/05/2025,05:00,cloudy,19.4,0.0,10000.0
WS-NORTH,22/05/2025,06:00,Cloudy,17.6,0.0,10000.0
WS-NORTH,22/05/2025,07:00,cloudy,18.6,0.0,10000.0
WS-NORTH,22/05/2025,08:00,Clear,21.5,0.0,10000.0
WS-NORTH,22/05/2025,09:00,Clear,24.1,0.0,10000.0
WS-NORTH,22/05/2025,10:00,Clear,22.3,0.0,10000.0
WS-NORTH,22/05/2025,11:00,Clear,24.7,0.0,10000.0
WS-NORTH,22/05/2025,12:00,Clear,26.2,0.0,10000.0
WS-NORTH,22/05/2025,13:00,Clear,27.2,0.0,10000.0
WS-NORTH,22/05/2025,14:00,Clear,26.0,0.0,10000.0
WS-NORTH,22/05/2025,15:00,Clear,27.3,0.0,10000.0
WS-NORTH,22/05/2025,16:00,Clear,25.0,0.0,10000.0
WS-NORTH,22/05/2025,17:00,clear,28.1,0.0,10000.0
WS-NORTH,22/05/2025,18:00,Clear,25.2,0.0,10000.0
WS-NORTH,22/05/2025,19:00,Rain,25.0,3.0,3384.0
WS-NORTH,22/05/2025,20:00,rain ,22.0,4.7,2973.0
WS-NORTH,22/05/2025,21:00,Rain,23.1,7.7,4423.0
WS-NORTH,22/05/2025,22:00,Clear,17.8,0.0,10000.0
WS-NORTH,22/05/2025,23:00,Clear,21.6,0.0,10000.0
WS-NORTH,23/05/2025,00:00,Clear,17.2,0.0,10000.0
WS-NORTH,23/05/2025,01:00,Clear,18.5,0.0,10000.0
WS-NORTH,23/05/2025,02:00,Clear,16.7,0.0,10000.0
WS-NORTH,23/05/2025,03:00,Clear,19.1,0.0,10000.0
WS-NORTH,23/05/2025,04:00,Clear,17.8,0.0,10000.0
WS-NORTH,23/05/2025,05:00,Clear,17.7,0.0,10000.0
WS-NORTH,23/05/2025,06:00,Fog,18.2,0.0,530.0
WS-NORTH,23/05/2025,07:00,foggy,18.9,0.0,301.0
WS-NORTH,23/05/2025,08:00,CLEAR,19.5,0.0,10000.0
WS-NORTH,23/05/2025,09:00,CLEAR,19.9,0.0,10000.0
WS-NORTH,23/05/2025,10:00,Clear,22.7,0.0,10000.0
WS-NORTH,23/05/2025,11:00,clear,23.2,0.0,10000.0
WS-NORTH,23/05/2025,12:00,clear,25.5,0.0,10000.0
WS-NORTH,23/05/2025,13:00,Clear,24.9,0.0,10000.0
WS-NORTH,23/05/2025,14:00,clear,27.3,0.0,10000.0
WS-NORTH,23/05/2025,15:00,Clear,25.6,0.0,10000.0
WS-NORTH,23/05/2025,16:00,Clear,26.4,0.0,10000.0
WS-NORTH,23/05/2025,17:00,Clear,26.2,0.0,10000.0
WS-NORTH,23/05/2025,18:00,Clear,23.0,0.0,10000.0
WS-NORTH,23/05/2025,19:00,Clear,24.3,0.0,10000.0
WS-NORTH,23/05/2025,20:00,Cloudy,22.8,0.0,10000.0
WS-NORTH,23/05/2025,21:00,Overcast,20.7,0.0,10000.0
WS-NORTH,23/05/2025,22:00,Clear,18.4,0.0,10000.0
WS-NORTH,23/05/2025,23:00,Clear,20.1,0.0,10000.0
WS-NORTH,24/05/2025,00:00,CLEAR,18.2,0.0,10000.0
WS-NORTH,24/05/2025,01:00,Clear,16.0,0.0,10000.0
WS-NORTH,24/05/2025,02:00,Clear,16.4,0.0,10000.0
WS-NORTH,24/05/2025,03:00,Clear,16.2,0.0,10000.0
WS-NORTH,24/05/2025,04:00,clear,16.1,0.0,10000.0
WS-NORTH,24/05/2025,05:00,clear,17.8,0.0,10000.0
WS-NORTH,24/05/2025,06:00,Clear,19.0,0.0,10000.0
WS-NORTH,24/05/2025,07:00,Clear,19.2,0.0,10000.0
WS-NORTH,24/05/2025,08:00,CLEAR,19.7,0.0,10000.0
WS-NORTH,24/05/2025,09:00,Clear,23.0,0.0,10000.0
WS-NORTH,24/05/2025,10:00,Clear,22.8,0.0,10000.0
WS-NORTH,24/05/2025,11:00,Clear,22.5,0.0,10000.0
WS-NORTH,24/05/2025,12:00,Clear,24.4,0.0,10000.0
WS-NORTH,24/05/2025,13:00,Clear,23.4,0.0,10000.0
WS-NORTH,24/05/2025,14:00,clear,28.5,0.0,10000.0
WS-NORTH,24/05/2025,15:00,Clear,25.6,0.0,10000.0
WS-NORTH,24/05/2025,16:00,clear,25.3,0.0,10000.0
WS-NORTH,24/05/2025,17:00,Clear,24.6,0.0,10000.0
WS-NORTH,24/05/2025,18:00,clear,24.6,0.0,10000.0
WS-NORTH,24/05/2025,19:00,Clear,24.0,0.0,10000.0
WS-NORTH,24/05/2025,20:00,CLEAR,21.5,0.0,10000.0
WS-NORTH,24/05/2025,21:00,Clear,21.8,0.0,10000.0
WS-NORTH,24/05/2025,22:00,CLEAR,20.0,0.0,10000.0
WS-NORTH,24/05/2025,23:00,CLEAR,18.5,0.0,10000.0
WS-NORTH,25/05/2025,00:00,Clear,19.0,0.0,10000.0
WS-NORTH,25/05/2025,01:00,CLEAR,19.0,0.0,10000.0
WS-NORTH,25/05/2025,02:00,Clear,17.1,0.0,10000.0
WS-NORTH,25/05/2025,03:00,Clear,17.1,0.0,10000.0
WS-NORTH,25/05/2025,04:00,Clear,20.3,0.0,10000.0
WS-NORTH,25/05/2025,05:00,clear,15.9,0.0,10000.0
WS-NORTH,25/05/2025,06:00,Clear,18.8,0.0,10000.0
WS-NORTH,25/05/2025,07:00,Clear,17.4,0.0,10000.0
WS-NORTH,25/05/2025,08:00,Clear,18.9,0.0,10000.0
WS-NORTH,25/05/2025,09:00,Cloudy,21.5,0.0,10000.0
WS-NORTH,25/05/2025,10:00,Cloudy,18.5,0.0,10000.0
WS-NORTH,25/05/2025,11:00,Cloudy,,0.0,10000.0
WS-NORTH,25/05/2025,12:00,Cloudy,25.5,0.0,10000.0
WS-NORTH,25/05/2025,13:00,cloudy,26.1,0.0,10000.0
WS-NORTH,25/05/2025,14:00,Overcast,26.7,0.0,10000.0
WS-NORTH,25/05/2025,15:00,Clear,27.4,0.0,10000.0
WS-NORTH,25/05/2025,16:00,clear,29.1,0.0,10000.0
WS-NORTH,25/05/2025,17:00,CLEAR,27.1,0.0,10000.0
WS-NORTH,25/05/2025,18:00,clear,23.0,0.0,10000.0
WS-NORTH,25/05/2025,19:00,Clear,23.3,0.0,10000.0
WS-NORTH,25/05/2025,20:00,clear,24.5,0.0,10000.0
WS-NORTH,25/05/2025,21:00,Clear,23.9,0.0,10000.0
WS-NORTH,25/05/2025,22:00,Clear,21.3,0.0,10000.0
WS-NORTH,25/05/2025,23:00,clear,19.2,0.0,10000.0
WS-NORTH,26/05/2025,00:00,clear,18.0,0.0,10000.0
WS-NORTH,26/05/2025,01:00,Clear,18.1,0.0,10000.0
WS-NORTH,26/05/2025,02:00,Clear,16.0,0.0,10000.0
WS-NORTH,26/05/2025,03:00,Clear,17.5,0.0,10000.0
WS-NORTH,26/05/2025,04:00,clear,17.3,0.0,10000.0
WS-NORTH,26/05/2025,05:00,CLEAR,16.2,0.0,10000.0
WS-NORTH,26/05/2025,06:00,Clear,19.5,0.0,10000.0
WS-NORTH,26/05/2025,07:00,CLEAR,18.7,0.0,10000.0
WS-NORTH,26/05/2025,08:00,Clear,22.3,0.0,10000.0
WS-NORTH,26/05/2025,09:00,CLEAR,23.2,0.0,10000.0
WS-NORTH,26/05/2025,10:00,Clear,24.0,0.0,10000.0
WS-NORTH,26/05/2025,11:00,Clear,22.8,0.0,10000.0
WS-NORTH,26/05/2025,12:00,Clear,26.2,0.0,10000.0
WS-NORTH,26/05/2025,13:00,Clear,26.5,0.0,10000.0
WS-NORTH,26/05/2025,14:00,CLEAR,29.2,0.0,10000.0
WS-NORTH,26/05/2025,15:00,Clear,27.2,0.0,10000.0
WS-NORTH,26/05/2025,16:00,CLEAR,26.4,0.0,10000.0
WS-NORTH,26/05/2025,17:00,Clear,25.9,0.0,10000.0
WS-NORTH,26/05/2025,18:00,Clear,23.3,0.0,10000.0
WS-NORTH,26/05/2025,19:00,Clear,25.3,0.0,10000.0
WS-NORTH,26/05/2025,20:00,Clear,23.1,0.0,10000.0
WS-NORTH,26/05/2025,21:00,clear,22.4,0.0,10000.0
WS-NORTH,26/05/2025,22:00,Clear,19.3,0.0,10000.0
WS-NORTH,26/05/2025,23:00,Clear,18.7,0.0,10000.0
WS-NORTH,27/05/2025,00:00,Clear,16.6,0.0,10000.0
WS-NORTH,27/05/2025,01:00,Clear,16.4,0.0,10000.0
WS-NORTH,27/05/2025,02:00,CLEAR,17.1,0.0,10000.0
WS-NORTH,27/05/2025,03:00,Clear,15.5,0.0,10000.0
WS-NORTH,27/05/2025,04:00,Clear,15.6,0.0,10000.0
WS-NORTH,27/05/2025,05:00,Clear,17.1,0.0,10000.0
WS-NORTH,27/05/2025,06:00,Clear,18.0,0.0,10000.0
WS-NORTH,27/05/2025,07:00,Clear,19.7,0.0,10000.0
WS-NORTH,27/05/2025,08:00,CLEAR,17.9,0.0,10000.0
WS-NORTH,27/05/2025,09:00,Clear,20.9,0.0,10000.0
WS-NORTH,27/05/2025,10:00,Clear,23.4,0.0,10000.0
WS-NORTH,27/05/2025,11:00,Clear,24.1,0.0,10000.0
WS-NORTH,27/05/2025,12:00,Clear,25.6,0.0,10000.0
WS-NORTH,27/05/2025,13:00,clear,23.7,0.0,10000.0
WS-NORTH,27/05/2025,14:00,clear,25.6,0.0,
WS-NORTH,27/05/2025,15:00,CLEAR,27.3,0.0,10000.0
WS-NORTH,27/05/2025,16:00,clear,26.9,0.0,10000.0
WS-NORTH,27/05/2025,17:00,clear,25.9,0.0,10000.0
WS-NORTH,27/05/2025,18:00,Clear,24.2,0.0,10000.0
WS-NORTH,27/05/2025,19:00,Clear,24.3,0.0,10000.0
WS-NORTH,27/05/2025,20:00,clear,23.4,0.0,10000.0
WS-NORTH,27/05/2025,21:00,Clear,21.9,0.0,10000.0
WS-NORTH,27/05/2025,22:00,Clear,20.6,0.0,10000.0
WS-NORTH,27/05/2025,23:00,Clear,20.8,0.0,10000.0
WS-NORTH,28/05/2025,00:00,clear,17.9,0.0,10000.0
WS-NORTH,28/05/2025,01:00,Clear,16.0,0.0,10000.0
WS-NORTH,28/05/2025,02:00,rain ,16.4,4.6,2089.0
WS-NORTH,28/05/2025,03:00,Rain,17.0,2.0,2662.0
WS-NORTH,28/05/2025,04:00,Rain,17.8,3.3,4112.0
WS-NORTH,28/05/2025,05:00,Cloudy,16.2,0.0,10000.0
WS-NORTH,28/05/2025,06:00,Overcast,17.3,0.0,10000.0
WS-NORTH,28/05/2025,07:00,Cloudy,19.2,0.0,10000.0
WS-NORTH,28/05/2025,08:00,cloudy,21.2,0.0,10000.0
WS-NORTH,28/05/2025,09:00,Overcast,21.8,0.0,10000.0
WS-NORTH,28/05/2025,10:00,Clear,24.9,0.0,10000.0
WS-NORTH,28/05/2025,11:00,CLEAR,22.9,0.0,10000.0
WS-NORTH,28/05/2025,12:00,Clear,27.4,0.0,10000.0
WS-NORTH,28/05/2025,13:00,CLEAR,25.7,0.0,10000.0
WS-NORTH,28/05/2025,14:00,Clear,28.2,0.0,10000.0
WS-NORTH,28/05/2025,15:00,Clear,26.8,0.0,10000.0
WS-NORTH,28/05/2025,16:00,clear,25.7,0.0,10000.0
WS-NORTH,28/05/2025,17:00,CLEAR,24.2,0.0,10000.0
WS-NORTH,28/05/2025,18:00,Clear,23.4,0.0,10000.0
WS-NORTH,28/05/2025,19:00,clear,23.3,0.0,10000.0
WS-NORTH,28/05/2025,20:00,Clear,23.5,0.0,10000.0
WS-NORTH,28/05/2025,21:00,Clear,22.0,0.0,10000.0
WS-NORTH,28/05/2025,22:00,Clear,20.4,0.0,10000.0
WS-NORTH,28/05/2025,23:00,Clear,19.4,0.0,10000.0
WS-NORTH,29/05/2025,00:00,Clear,18.7,0.0,10000.0
WS-NORTH,29/05/2025,01:00,Clear,16.6,0.0,10000.0
WS-NORTH,29/05/2025,02:00,Clear,16.3,0.0,10000.0
WS-NORTH,29/05/2025,03:00,Clear,17.0,0.0,10000.0
WS-NORTH,29/05/2025,04:00,clear,18.1,0.0,10000.0
WS-NORTH,29/05/2025,05:00,Clear,15.5,0.0,10000.0
WS-NORTH,29/05/2025,06:00,Clear,17.4,0.0,10000.0
WS-NORTH,29/05/2025,07:00,Clear,20.1,0.0,10000.0
WS-NORTH,29/05/2025,08:00,Clear,21.1,0.0,10000.0
WS-NORTH,29/05/2025,09:00,CLEAR,21.1,0.0,10000.0
WS-NORTH,29/05/2025,10:00,Clear,25.0,0.0,10000.0
WS-NORTH,29/05/2025,11:00,Clear,23.1,0.0,10000.0
WS-NORTH,29/05/2025,12:00,Clear,26.8,0.0,10000.0
WS-NORTH,29/05/2025,13:00,Clear,26.6,0.0,10000.0
WS-NORTH,29/05/2025,14:00,clear,27.1,0.0,10000.0
WS-NORTH,29/05/2025,15:00,Clear,29.4,0.0,10000.0
WS-NORTH,29/05/2025,16:00,clear,25.7,0.0,10000.0
WS-NORTH,29/05/2025,17:00,Clear,26.3,0.0,10000.0
WS-NORTH,29/05/2025,18:00,Clear,26.7,0.0,10000.0
WS-NORTH,29/05/2025,19:00,cloudy,23.3,0.0,10000.0
WS-NORTH,29/05/2025,20:00,cloudy,24.0,0.0,10000.0
WS-NORTH,29/05/2025,21:00,Cloudy,22.6,0.0,10000.0
WS-NORTH,29/05/2025,22:00,Cloudy,21.4,0.0,10000.0
WS-NORTH,29/05/2025,23:00,Overcast,19.6,0.0,10000.0
WS-NORTH,30/05/2025,00:00,Cloudy,16.5,0.0,10000.0
WS-NORTH,30/05/2025,01:00,Cloudy,18.0,0.0,
WS-NORTH,30/05/2025,02:00,Clear,,0.0,10000.0
WS-NORTH,30/05/2025,03:00,Clear,17.7,0.0,10000.0
WS-NORTH,30/05/2025,04:00,cloudy,17.4,0.0,10000.0
WS-NORTH,30/05/2025,05:00,Cloudy,18.5,0.0,10000.0
WS-NORTH,30/05/2025,06:00,Cloudy,20.0,0.0,10000.0
WS-NORTH,30/05/2025,07:00,Cloudy,18.6,0.0,10000.0
WS-NORTH,30/05/2025,08:00,Cloudy,20.0,0.0,10000.0
WS-NORTH,30/05/2025,09:00,Cloudy,19.9,0.0,10000.0
WS-NORTH,30/05/2025,10:00,Clear,22.0,0.0,10000.0
WS-NORTH,30/05/2025,11:00,Clear,24.4,0.0,10000.0
WS-NORTH,30/05/2025,12:00,Clear,25.1,0.0,10000.0
WS-NORTH,30/05/2025,13:00,Clear,27.7,0.0,10000.0
WS-NORTH,30/05/2025,14:00,Clear,25.5,0.0,10000.0
WS-NORTH,30/05/2025,15:00,Clear,28.2,0.0,10000.0
WS-NORTH,30/05/2025,16:00,Clear,25.8,0.0,10000.0
WS-NORTH,30/05/2025,17:00,Clear,28.5,0.0,10000.0
WS-NORTH,30/05/2025,18:00,clear,25.2,0.0,10000.0
WS-NORTH,30/05/2025,19:00,Clear,24.1,0.0,10000.0
WS-NORTH,30/05/2025,20:00,Rain,23.2,5.8,3519.0
WS-NORTH,30/05/2025,21:00,Clear,23.3,0.0,10000.0
WS-NORTH,30/05/2025,22:00,clear,19.3,0.0,10000.0
WS-NORTH,30/05/2025,23:00,Clear,18.6,0.0,10000.0
WS-NORTH,31/05/2025,00:00,Clear,18.3,0.0,10000.0
WS-NORTH,31/05/2025,01:00,Clear,17.7,0.0,10000.0
WS-NORTH,31/05/2025,02:00,Clear,18.6,0.0,10000.0
WS-NORTH,31/05/2025,03:00,Clear,16.7,0.0,10000.0
WS-NORTH,31/05/2025,04:00,Clear,17.8,0.0,10000.0
WS-NORTH,31/05/2025,05:00,CLEAR,18.9,0.0,10000.0
WS-NORTH,31/05/2025,06:00,Clear,19.8,0.0,10000.0
WS-NORTH,31/05/2025,07:00,Cloudy,19.8,0.0,10000.0
WS-NORTH,31/05/2025,08:00,cloudy,20.1,0.0,10000.0
WS-NORTH,31/05/2025,09:00,cloudy,22.7,0.0,10000.0
WS-NORTH,31/05/2025,10:00,Overcast,24.6,0.0,10000.0
WS-NORTH,31/05/2025,11:00,cloudy,25.2,0.0,10000.0
WS-NORTH,31/05/2025,12:00,CLEAR,25.7,0.0,10000.0
WS-NORTH,31/05/2025,13:00,Rain,25.1,1.3,2118.0
WS-NORTH,31/05/2025,14:00,Rain,26.1,4.5,2405.0
WS-NORTH,31/05/2025,15:00,rain ,28.4,3.5,4936.0
WS-NORTH,31/05/2025,16:00,Rain,28.4,1.0,3685.0
WS-NORTH,31/05/2025,17:00,Rain,25.3,0.8,4644.0
WS-NORTH,31/05/2025,18:00,CLEAR,25.0,0.0,10000.0
WS-NORTH,31/05/2025,19:00,Clear,24.7,0.0,10000.0
WS-NORTH,31/05/2025,20:00,Cloudy,24.7,0.0,10000.0
WS-NORTH,31/05/2025,21:00,Cloudy,21.0,0.0,10000.0
WS-NORTH,31/05/2025,22:00,CLEAR,22.8,0.0,10000.0
WS-NORTH,31/05/2025,23:00,Clear,20.0,0.0,10000.0
WS-CENTRAL,01/01/2025,00:00,Clear,10.2,0.0,10000.0
WS-CENTRAL,01/01/2025,01:00,CLEAR,11.5,0.0,10000.0
WS-CENTRAL,01/01/2025,02:00,Clear,8.1,0.0,10000.0
WS-CENTRAL,01/01/2025,03:00,Cloudy,9.9,0.0,10000.0
WS-CENTRAL,01/01/2025,04:00,Cloudy,12.2,0.0,10000.0
WS-CENTRAL,01/01/2025,05:00,cloudy,10.2,0.0,10000.0
WS-CENTRAL,01/01/2025,06:00,Cloudy,10.8,0.0,10000.0
WS-CENTRAL,01/01/2025,07:00,Overcast,9.9,0.0,10000.0
WS-CENTRAL,01/01/2025,08:00,Cloudy,12.8,0.0,10000.0
WS-CENTRAL,01/01/2025,09:00,CLEAR,14.4,0.0,10000.0
WS-CENTRAL,01/01/2025,10:00,Clear,15.9,0.0,10000.0
WS-CENTRAL,01/01/2025,11:00,Clear,17.2,0.0,10000.0
WS-CENTRAL,01/01/2025,12:00,Clear,18.3,0.0,10000.0
WS-CENTRAL,01/01/2025,13:00,clear,17.6,0.0,10000.0
WS-CENTRAL,01/01/2025,14:00,clear,19.8,0.0,10000.0
WS-CENTRAL,01/01/2025,15:00,clear,19.4,0.0,10000.0
WS-CENTRAL,01/01/2025,16:00,Clear,19.4,0.0,10000.0
WS-CENTRAL,01/01/2025,17:00,Clear,17.1,0.0,
WS-CENTRAL,01/01/2025,18:00,clear,18.0,0.0,10000.0
WS-CENTRAL,01/01/2025,19:00,Clear,16.5,0.0,10000.0
WS-CENTRAL,01/01/2025,20:00,CLEAR,14.2,0.0,10000.0
WS-CENTRAL,01/01/2025,21:00,Clear,15.1,0.0,10000.0
WS-CENTRAL,01/01/2025,22:00,Clear,13.2,0.0,10000.0
WS-CENTRAL,01/01/2025,23:00,Clear,11.3,0.0,10000.0
WS-CENTRAL,02/01/2025,00:00,Clear,11.1,0.0,10000.0
WS-CENTRAL,02/01/2025,01:00,Clear,11.3,0.0,10000.0
WS-CENTRAL,02/01/2025,02:00,Clear,7.8,0.0,10000.0
WS-CENTRAL,02/01/2025,03:00,Clear,10.8,0.0,10000.0
WS-CENTRAL,02/01/2025,04:00,Clear,10.3,0.0,10000.0
WS-CENTRAL,02/01/2025,05:00,clear,10.9,0.0,10000.0
WS-CENTRAL,02/01/2025,06:00,CLEAR,10.6,0.0,10000.0
WS-CENTRAL,02/01/2025,07:00,Clear,10.9,0.0,10000.0
WS-CENTRAL,02/01/2025,08:00,Clear,14.5,0.0,10000.0
WS-CENTRAL,02/01/2025,09:00,Clear,13.1,0.0,10000.0
WS-CENTRAL,02/01/2025,10:00,Clear,15.0,0.0,10000.0
WS-CENTRAL,02/01/2025,11:00,Clear,15.6,0.0,10000.0
WS-CENTRAL,02/01/2025,12:00,Clear,17.2,0.0,10000.0
WS-CENTRAL,02/01/2025,13:00,CLEAR,18.3,0.0,10000.0
WS-CENTRAL,02/01/2025,14:00,Cloudy,16.9,0.0,10000.0
WS-CENTRAL,02/01/2025,15:00,Cloudy,20.0,0.0,10000.0
WS-CENTRAL,02/01/2025,16:00,Cloudy,19.4,0.0,10000.0
WS-CENTRAL,02/01/2025,17:00,Cloudy,17.7,0.0,10000.0
WS-CENTRAL,02/01/2025,18:00,Clear,16.7,0.0,10000.0
WS-CENTRAL,02/01/2025,19:00,clear,15.2,0.0,10000.0
WS-CENTRAL,02/01/2025,20:00,Clear,13.6,0.0,10000.0
WS-CENTRAL,02/01/2025,21:00,clear,12.6,0.0,10000.0
WS-CENTRAL,02/01/2025,22:00,Clear,12.8,0.0,10000.0
WS-CENTRAL,02/01/2025,23:00,Clear,11.8,0.0,10000.0
WS-CENTRAL,03/01/2025,00:00,Clear,9.2,0.0,10000.0
WS-CENTRAL,03/01/2025,01:00,Clear,10.3,0.0,10000.0
WS-CENTRAL,03/01/2025,02:00,Clear,8.8,0.0,
WS-CENTRAL,03/01/2025,03:00,CLEAR,10.1,0.0,10000.0
WS-CENTRAL,03/01/2025,04:00,Clear,10.2,0.0,10000.0
WS-CENTRAL,03/01/2025,05:00,CLEAR,11.1,0.0,10000.0
WS-CENTRAL,03/01/2025,06:00,CLEAR,10.5,0.0,10000.0
WS-CENTRAL,03/01/2025,07:00,Clear,10.2,0.0,10000.0
WS-CENTRAL,03/01/2025,08:00,Clear,12.4,0.0,10000.0
WS-CENTRAL,03/01/2025,09:00,Clear,16.7,0.0,10000.0
WS-CENTRAL,03/01/2025,10:00,Clear,,0.0,10000.0
WS-CENTRAL,03/01/2025,11:00,Overcast,16.5,0.0,10000.0
WS-CENTRAL,03/01/2025,12:00,cloudy,19.2,0.0,10000.0
WS-CENTRAL,03/01/2025,13:00,Overcast,19.6,0.0,10000.0
WS-CENTRAL,03/01/2025,14:00,cloudy,18.0,0.0,10000.0
WS-CENTRAL,03/01/2025,15:00,Cloudy,18.6,0.0,10000.0
WS-CENTRAL,03/01/2025,16:00,Cloudy,18.4,0.0,10000.0
WS-CENTRAL,03/01/2025,17:00,Overcast,18.7,0.0,10000.0
WS-CENTRAL,03/01/2025,18:00,clear,16.7,0.0,10000.0
WS-CENTRAL,03/01/2025,19:00,Clear,17.0,0.0,10000.0
WS-CENTRAL,03/01/2025,20:00,Clear,18.4,0.0,10000.0
WS-CENTRAL,03/01/2025,21:00,Clear,12.8,0.0,10000.0
WS-CENTRAL,03/01/2025,22:00,clear,11.9,0.0,10000.0
WS-CENTRAL,03/01/2025,23:00,Clear,11.2,0.0,10000.0
WS-CENTRAL,04/01/2025,00:00,CLEAR,8.5,0.0,10000.0
WS-CENTRAL,04/01/2025,01:00,Clear,11.1,0.0,10000.0
WS-CENTRAL,04/01/2025,02:00,Clear,9.4,0.0,10000.0
WS-CENTRAL,04/01/2025,03:00,Clear,9.2,0.0,10000.0
WS-CENTRAL,04/01/2025,04:00,Clear,7.1,0.0,10000.0
WS-CENTRAL,04/01/2025,05:00,Clear,9.3,0.0,10000.0
WS-CENTRAL,04/01/2025,06:00,clear,7.6,0.0,10000.0
WS-CENTRAL,04/01/2025,07:00,Clear,11.5,0.0,10000.0
WS-CENTRAL,04/01/2025,08:00,Clear,14.4,0.0,10000.0
WS-CENTRAL,04/01/2025,09:00,Clear,14.2,0.0,10000.0
WS-CENTRAL,04/01/2025,10:00,Clear,15.4,0.0,10000.0
WS-CENTRAL,04/01/2025,11:00,Clear,16.2,0.0,10000.0
WS-CENTRAL,04/01/2025,12:00,Clear,17.1,0.0,10000.0
WS-CENTRAL,04/01/2025,13:00,Clear,19.3,0.0,10000.0
WS-CENTRAL,04/01/2025,14:00,Clear,17.8,0.0,10000.0
WS-CENTRAL,04/01/2025,15:00,Clear,18.4,0.0,10000.0
WS-CENTRAL,04/01/2025,16:00,Clear,19.2,0.0,10000.0
WS-CENTRAL,04/01/2025,17:00,Clear,18.8,0.0,10000.0
WS-CENTRAL,04/01/2025,18:00,Clear,15.8,0.0,10000.0
WS-CENTRAL,04/01/2025,19:00,Clear,15.1,0.0,10000.0
WS-CENTRAL,04/01/2025,20:00,Clear,16.0,0.0,10000.0
WS-CENTRAL,04/01/2025,21:00,Clear,15.3,0.0,10000.0
WS-CENTRAL,04/01/2025,22:00,Clear,12.3,0.0,10000.0
WS-CENTRAL,04/01/2025,23:00,Clear,10.9,0.0,10000.0
WS-CENTRAL,05/01/2025,00:00,clear,10.8,0.0,10000.0
WS-CENTRAL,05/01/2025,01:00,Clear,11.5,0.0,10000.0
WS-CENTRAL,05/01/2025,02:00,Clear,9.1,0.0,10000.0
WS-CENTRAL,05/01/2025,03:00,Clear,9.1,0.0,10000.0
WS-CENTRAL,05/01/2025,04:00,Clear,8.8,0.0,10000.0
WS-CENTRAL,05/01/2025,05:00,Clear,10.7,0.0,10000.0
WS-CENTRAL,05/01/2025,06:00,Clear,8.9,0.0,10000.0
WS-CENTRAL,05/01/2025,07:00,Clear,9.9,0.0,10000.0
WS-CENTRAL,05/01/2025,08:00,Clear,12.9,0.0,10000.0
WS-CENTRAL,05/01/2025,09:00,Clear,13.8,0.0,10000.0
WS-CENTRAL,05/01/2025,10:00,Clear,15.7,0.0,10000.0
WS-CENTRAL,05/01/2025,11:00,Clear,18.6,0.0,10000.0
WS-CENTRAL,05/01/2025,12:00,CLEAR,18.4,0.0,10000.0
WS-CENTRAL,05/01/2025,13:00,Clear,18.3,0.0,10000.0
WS-CENTRAL,05/01/2025,14:00,Clear,19.0,0.0,10000.0
WS-CENTRAL,05/01/2025,15:00,Clear,19.7,0.0,10000.0
WS-CENTRAL,05/01/2025,16:00,Clear,19.9,0.0,10000.0
WS-CENTRAL,05/01/2025,17:00,clear,20.4,0.0,10000.0
WS-CENTRAL,05/01/2025,18:00,Clear,16.7,0.0,10000.0
WS-CENTRAL,05/01/2025,19:00,Clear,16.2,0.0,10000.0
WS-CENTRAL,05/01/2025,20:00,Clear,17.1,0.0,10000.0
WS-CENTRAL,05/01/2025,21:00,Clear,14.9,0.0,10000.0
WS-CENTRAL,05/01/2025,22:00,CLEAR,14.0,0.0,10000.0
WS-CENTRAL,05/01/2025,23:00,CLEAR,13.8,0.0,10000.0
WS-CENTRAL,06/01/2025,00:00,clear,11.5,0.0,10000.0
WS-CENTRAL,06/01/2025,01:00,Clear,12.3,0.0,10000.0
WS-CENTRAL,06/01/2025,02:00,Cloudy,9.7,0.0,10000.0
WS-CENTRAL,06/01/2025,03:00,Cloudy,8.2,0.0,10000.0
WS-CENTRAL,06/01/2025,04:00,cloudy,7.9,0.0,10000.0
WS-CENTRAL,06/01/2025,05:00,cloudy,8.3,0.0,10000.0
WS-CENTRAL,06/01/2025,06:00,CLEAR,9.8,0.0,10000.0
WS-CENTRAL,06/01/2025,07:00,Clear,11.1,0.0,10000.0
WS-CENTRAL,06/01/2025,08:00,Clear,14.9,0.0,10000.0
WS-CENTRAL,06/01/2025,09:00,CLEAR,12.1,0.0,10000.0
WS-CENTRAL,06/01/2025,10:00,Clear,15.9,0.0,10000.0
WS-CENTRAL,06/01/2025,11:00,Clear,17.3,0.0,10000.0
WS-CENTRAL,06/01/2025,12:00,Clear,17.9,0.0,10000.0
WS-CENTRAL,06/01/2025,13:00,Clear,19.0,0.0,10000.0
WS-CENTRAL,06/01/2025,14:00,CLEAR,19.5,0.0,10000.0
WS-CENTRAL,06/01/2025,15:00,clear,21.1,0.0,10000.0
WS-CENTRAL,06/01/2025,16:00,Clear,17.2,0.0,10000.0
WS-CENTRAL,06/01/2025,17:00,Clear,18.9,0.0,10000.0
WS-CENTRAL,06/01/2025,18:00,CLEAR,19.0,0.0,10000.0
WS-CENTRAL,06/01/2025,19:00,clear,15.4,0.0,10000.0
WS-CENTRAL,06/01/2025,20:00,clear,16.1,0.0,10000.0
WS-CENTRAL,06/01/2025,21:00,Clear,14.8,0.0,10000.0
WS-CENTRAL,06/01/2025,22:00,Clear,11.5,0.0,10000.0
WS-CENTRAL,06/01/2025,23:00,CLEAR,10.9,0.0,10000.0
WS-CENTRAL,07/01/2025,00:00,Clear,11.1,0.0,10000.0
WS-CENTRAL,07/01/2025,01:00,clear,11.1,0.0,10000.0
WS-CENTRAL,07/01/2025,02:00,Clear,10.2,0.0,10000.0
WS-CENTRAL,07/01/2025,03:00,Clear,9.0,0.0,10000.0
WS-CENTRAL,07/01/2025,04:00,clear,5.8,0.0,10000.0
WS-CENTRAL,07/01/2025,05:00,Clear,8.1,0.0,10000.0
WS-CENTRAL,07/01/2025,06:00,Clear,11.2,0.0,10000.0
WS-CENTRAL,07/01/2025,07:00,Clear,12.2,0.0,10000.0
WS-CENTRAL,07/01/2025,08:00,CLEAR,13.2,0.0,10000.0
WS-CENTRAL,07/01/2025,09:00,Clear,17.2,0.0,10000.0
WS-CENTRAL,07/01/2025,10:00,Clear,18.2,0.0,10000.0
WS-CENTRAL,07/01/2025,11:00,Clear,15.1,0.0,10000.0
WS-CENTRAL,07/01/2025,12:00,Clear,19.7,0.0,10000.0
WS-CENTRAL,07/01/2025,13:00,Clear,19.0,0.0,10000.0
WS-CENTRAL,07/01/2025,14:00,Clear,21.0,0.0,10000.0
WS-CENTRAL,07/01/2025,15:00,Cloudy,21.1,0.0,10000.0
WS-CENTRAL,07/01/2025,16:00,cloudy,18.0,0.0,10000.0
WS-CENTRAL,07/01/2025,17:00,Cloudy,18.9,0.0,10000.0
WS-CENTRAL,07/01/2025,18:00,Clear,15.4,0.0,10000.0
WS-CENTRAL,07/01/2025,19:00,clear,17.2,0.0,10000.0
WS-CENTRAL,07/01/2025,20:00,Clear,17.1,0.0,10000.0
WS-CENTRAL,07/01/2025,21:00,CLEAR,15.5,0.0,10000.0
WS-CENTRAL,07/01/2025,22:00,clear,14.3,0.0,10000.0
WS-CENTRAL,07/01/2025,23:00,clear,10.7,0.0,10000.0
WS-CENTRAL,08/01/2025,00:00,Clear,11.0,0.0,10000.0
WS-CENTRAL,08/01/2025,01:00,Clear,9.3,0.0,10000.0
WS-CENTRAL,08/01/2025,02:00,Clear,8.3,0.0,10000.0
WS-CENTRAL,08/01/2025,03:00,Clear,7.8,0.0,10000.0
WS-CENTRAL,08/01/2025,04:00,clear,9.3,0.0,10000.0
WS-CENTRAL,08/01/2025,05:00,Clear,9.4,0.0,10000.0
WS-CENTRAL,08/01/2025,06:00,Clear,10.4,0.0,10000.0
WS-CENTRAL,08/01/2025,07:00,CLEAR,12.5,0.0,10000.0
WS-CENTRAL,08/01/2025,08:00,Clear,14.6,0.0,10000.0
WS-CENTRAL,08/01/2025,09:00,CLEAR,13.9,0.0,10000.0
WS-CENTRAL,08/01/2025,10:00,clear,13.6,0.0,10000.0
WS-CENTRAL,08/01/2025,11:00,CLEAR,16.6,0.0,10000.0
WS-CENTRAL,08/01/2025,12:00,clear,19.1,0.0,10000.0
WS-CENTRAL,08/01/2025,13:00,clear,19.8,0.0,10000.0
WS-CENTRAL,08/01/2025,14:00,Clear,19.0,0.0,10000.0
WS-CENTRAL,08/01/2025,15:00,Clear,17.5,0.0,10000.0
WS-CENTRAL,08/01/2025,16:00,Clear,17.5,0.0,10000.0
WS-CENTRAL,08/01/2025,17:00,Clear,19.5,0.0,10000.0
WS-CENTRAL,08/01/2025,18:00,Clear,17.4,0.0,10000.0
WS-CENTRAL,08/01/2025,19:00,CLEAR,15.5,0.0,10000.0
WS-CENTRAL,08/01/2025,20:00,clear,17.1,0.0,10000.0
WS-CENTRAL,08/01/2025,21:00,Cloudy,14.5,0.0,10000.0
WS-CENTRAL,08/01/2025,22:00,Cloudy,12.7,0.0,10000.0
WS-CENTRAL,08/01/2025,23:00,Overcast,11.6,0.0,10000.0
WS-CENTRAL,09/01/2025,00:00,Overcast,10.6,0.0,10000.0
WS-CENTRAL,09/01/2025,01:00,Cloudy,11.3,0.0,10000.0
WS-CENTRAL,09/01/2025,02:00,Cloudy,10.1,0.0,10000.0
WS-CENTRAL,09/01/2025,03:00,Cloudy,9.9,0.0,10000.0
WS-CENTRAL,09/01/2025,04:00,Clear,8.6,0.0,10000.0
WS-CENTRAL,09/01/2025,05:00,clear,8.6,0.0,10000.0
WS-CENTRAL,09/01/2025,06:00,clear,9.8,0.0,10000.0
WS-CENTRAL,09/01/2025,07:00,Clear,12.8,0.0,10000.0
WS-CENTRAL,09/01/2025,08:00,Clear,12.6,0.0,10000.0
WS-CENTRAL,09/01/2025,09:00,clear,13.3,0.0,10000.0
WS-CENTRAL,09/01/2025,10:00,Clear,17.8,0.0,10000.0
WS-CENTRAL,09/01/2025,11:00,CLEAR,17.5,0.0,10000.0
WS-CENTRAL,09/01/2025,12:00,Cloudy,18.1,0.0,10000.0
WS-CENTRAL,09/01/2025,13:00,Cloudy,21.9,0.0,10000.0
WS-CENTRAL,09/01/2025,14:00,Cloudy,17.9,0.0,10000.0
WS-CENTRAL,09/01/2025,15:00,Overcast,23.1,0.0,10000.0
WS-CENTRAL,09/01/2025,16:00,Cloudy,19.8,0.0,10000.0
WS-CENTRAL,09/01/2025,17:00,Cloudy,15.8,0.0,10000.0
WS-CENTRAL,09/01/2025,18:00,Clear,16.3,0.0,10000.0
WS-CENTRAL,09/01/2025,19:00,Clear,14.2,0.0,10000.0
WS-CENTRAL,09/01/2025,20:00,Clear,12.7,0.0,10000.0
WS-CENTRAL,09/01/2025,21:00,Clear,16.4,0.0,10000.0
WS-CENTRAL,09/01/2025,22:00,CLEAR,12.7,0.0,10000.0
WS-CENTRAL,09/01/2025,23:00,CLEAR,10.7,0.0,10000.0
WS-CENTRAL,10/01/2025,00:00,Clear,8.5,0.0,10000.0
WS-CENTRAL,10/01/2025,01:00,Clear,11.7,0.0,10000.0
WS-CENTRAL,10/01/2025,02:00,clear,9.2,0.0,10000.0
WS-CENTRAL,10/01/2025,03:00,Clear,9.9,0.0,10000.0
WS-CENTRAL,10/01/2025,04:00,clear,8.5,0.0,10000.0
WS-CENTRAL,10/01/2025,05:00,Clear,9.8,0.0,10000.0
WS-CENTRAL,10/01/2025,06:00,Clear,12.1,0.0,10000.0
WS-CENTRAL,10/01/2025,07:00,Clear,14.0,0.0,10000.0
WS-CENTRAL,10/01/2025,08:00,Clear,12.5,0.0,10000.0
WS-CENTRAL,10/01/2025,09:00,Clear,17.3,0.0,10000.0
WS-CENTRAL,10/01/2025,10:00,Clear,17.8,0.0,10000.0
WS-CENTRAL,10/01/2025,11:00,Clear,17.2,0.0,10000.0
WS-CENTRAL,10/01/2025,12:00,Clear,19.6,0.0,10000.0
WS-CENTRAL,10/01/2025,13:00,Clear,18.1,0.0,10000.0
WS-CENTRAL,10/01/2025,14:00,CLEAR,19.6,0.0,10000.0
WS-CENTRAL,10/01/2025,15:00,Cloudy,19.8,0.0,10000.0
WS-CENTRAL,10/01/2025,16:00,Cloudy,16.8,0.0,10000.0
WS-CENTRAL,10/01/2025,17:00,Cloudy,21.1,0.0,10000.0
WS-CENTRAL,10/01/2025,18:00,Clear,18.3,0.0,10000.0
WS-CENTRAL,10/01/2025,19:00,Clear,17.0,0.0,10000.0
WS-CENTRAL,10/01/2025,20:00,Clear,15.3,0.0,10000.0
WS-CENTRAL,10/01/2025,21:00,Clear,11.6,0.0,10000.0
WS-CENTRAL,10/01/2025,22:00,clear,11.1,0.0,10000.0
WS-CENTRAL,10/01/2025,23:00,Clear,11.6,0.0,10000.0
WS-CENTRAL,11/01/2025,00:00,clear,10.6,0.0,10000.0
WS-CENTRAL,11/01/2025,01:00,Clear,10.1,0.0,10000.0
WS-CENTRAL,11/01/2025,02:00,Clear,7.4,0.0,10000.0
WS-CENTRAL,11/01/2025,03:00,Clear,11.8,0.0,10000.0
WS-CENTRAL,11/01/2025,04:00,Clear,8.8,0.0,10000.0
WS-CENTRAL,11/01/2025,05:00,Clear,11.6,0.0,10000.0
WS-CENTRAL,11/01/2025,06:00,Clear,11.6,0.0,10000.0
WS-CENTRAL,11/01/2025,07:00,Cloudy,11.1,0.0,10000.0
WS-CENTRAL,11/01/2025,08:00,Cloudy,12.5,0.0,10000.0
WS-CENTRAL,11/01/2025,09:00,Overcast,15.5,0.0,10000.0
WS-CENTRAL,11/01/2025,10:00,Cloudy,16.4,0.0,10000.0
WS-CENTRAL,11/01/2025,11:00,cloudy,16.8,0.0,10000.0
WS-CENTRAL,11/01/2025,12:00,Overcast,20.6,0.0,10000.0
WS-CENTRAL,11/01/2025,13:00,Cloudy,19.4,0.0,10000.0
WS-CENTRAL,11/01/2025,14:00,Cloudy,17.8,0.0,
WS-CENTRAL,11/01/2025,15:00,Cloudy,19.1,0.0,10000.0
WS-CENTRAL,11/01/2025,16:00,Cloudy,18.4,0.0,10000.0
WS-CENTRAL,11/01/2025,17:00,Cloudy,18.5,0.0,10000.0
WS-CENTRAL,11/01/2025,18:00,Clear,19.4,0.0,10000.0
WS-CENTRAL,11/01/2025,19:00,clear,16.7,0.0,10000.0
WS-CENTRAL,11/01/2025,20:00,Clear,16.6,0.0,10000.0
WS-CENTRAL,11/01/2025,21:00,clear,15.1,0.0,10000.0
WS-CENTRAL,11/01/2025,22:00,CLEAR,13.5,0.0,10000.0
WS-CENTRAL,11/01/2025,23:00,Clear,12.3,0.0,10000.0
WS-CENTRAL,12/01/2025,00:00,Clear,11.1,0.0,10000.0
WS-CENTRAL,12/01/2025,01:00,Clear,9.1,0.0,10000.0
WS-CENTRAL,12/01/2025,02:00,Clear,9.1,0.0,10000.0
WS-CENTRAL,12/01/2025,03:00,CLEAR,10.6,0.0,10000.0
WS-CENTRAL,12/01/2025,04:00,clear,9.2,0.0,10000.0
WS-CENTRAL,12/01/2025,05:00,Clear,10.8,0.0,10000.0
WS-CENTRAL,12/01/2025,06:00,CLEAR,12.5,0.0,10000.0
WS-CENTRAL,12/01/2025,07:00,Clear,13.9,0.0,10000.0
WS-CENTRAL,12/01/2025,08:00,Clear,14.3,0.0,10000.0
WS-CENTRAL,12/01/2025,09:00,Clear,14.2,0.0,10000.0
WS-CENTRAL,12/01/2025,10:00,clear,16.6,0.0,10000.0
WS-CENTRAL,12/01/2025,11:00,Clear,14.9,0.0,10000.0
WS-CENTRAL,12/01/2025,12:00,clear,19.0,0.0,10000.0
WS-CENTRAL,12/01/2025,13:00,cloudy,18.9,0.0,10000.0
WS-CENTRAL,12/01/2025,14:00,Cloudy,20.1,0.0,10000.0
WS-CENTRAL,12/01/2025,15:00,Cloudy,20.0,0.0,10000.0
WS-CENTRAL,12/01/2025,16:00,RAIN,18.3,8.1,4620.0
WS-CENTRAL,12/01/2025,17:00,Cloudy,18.6,0.0,10000.0
WS-CENTRAL,12/01/2025,18:00,Overcast,17.7,0.0,10000.0
WS-CENTRAL,12/01/2025,19:00,Cloudy,17.4,0.0,10000.0
WS-CENTRAL,12/01/2025,20:00,Clear,15.3,0.0,10000.0
WS-CENTRAL,12/01/2025,21:00,Clear,14.3,0.0,10000.0
WS-CENTRAL,12/01/2025,22:00,Clear,10.2,0.0,10000.0
WS-CENTRAL,12/01/2025,23:00,Clear,12.9,0.0,10000.0
WS-CENTRAL,13/01/2025,00:00,clear,10.6,0.0,10000.0
WS-CENTRAL,13/01/2025,01:00,Clear,8.6,0.0,10000.0
WS-CENTRAL,13/01/2025,02:00,CLEAR,10.6,0.0,10000.0
WS-CENTRAL,13/01/2025,03:00,Clear,10.1,0.0,10000.0
WS-CENTRAL,13/01/2025,04:00,Clear,9.5,0.0,10000.0
WS-CENTRAL,13/01/2025,05:00,Clear,10.3,0.0,10000.0
WS-CENTRAL,13/01/2025,06:00,Fog,,0.0,1109.0
WS-CENTRAL,13/01/2025,07:00,Clear,12.2,0.0,10000.0
WS-CENTRAL,13/01/2025,08:00,Clear,11.3,0.0,10000.0
WS-CENTRAL,13/01/2025,09:00,Clear,15.0,0.0,10000.0
WS-CENTRAL,13/01/2025,10:00,Clear,16.1,0.0,10000.0
WS-CENTRAL,13/01/2025,11:00,Clear,16.5,0.0,10000.0
WS-CENTRAL,13/01/2025,12:00,Clear,19.1,0.0,10000.0
WS-CENTRAL,13/01/2025,13:00,Clear,18.9,0.0,10000.0
WS-CENTRAL,13/01/2025,14:00,Rain,17.2,8.7,2981.0
WS-CENTRAL,13/01/2025,15:00,Rain,18.8,1.1,4961.0
WS-CENTRAL,13/01/2025,16:00,clear,18.7,0.0,10000.0
WS-CENTRAL,13/01/2025,17:00,Cloudy,17.7,0.0,10000.0
WS-CENTRAL,13/01/2025,18:00,cloudy,20.0,0.0,10000.0
WS-CENTRAL,13/01/2025,19:00,CLEAR,17.8,0.0,10000.0
WS-CENTRAL,13/01/2025,20:00,Clear,14.3,0.0,10000.0
WS-CENTRAL,13/01/2025,21:00,CLEAR,14.3,0.0,10000.0
WS-CENTRAL,13/01/2025,22:00,CLEAR,10.7,0.0,10000.0
WS-CENTRAL,13/01/2025,23:00,Clear,13.0,0.0,10000.0
WS-CENTRAL,14/01/2025,00:00,Clear,10.3,0.0,10000.0
WS-CENTRAL,14/01/2025,01:00,Clear,10.1,0.0,10000.0
WS-CENTRAL,14/01/2025,02:00,CLEAR,8.4,0.0,10000.0
WS-CENTRAL,14/01/2025,03:00,Clear,7.6,0.0,10000.0
WS-CENTRAL,14/01/2025,04:00,cloudy,11.1,0.0,10000.0
WS-CENTRAL,14/01/2025,05:00,Cloudy,9.5,0.0,10000.0
WS-CENTRAL,14/01/2025,06:00,cloudy,11.4,0.0,10000.0
WS-CENTRAL,14/01/2025,07:00,Overcast,10.4,0.0,10000.0
WS-CENTRAL,14/01/2025,08:00,cloudy,12.5,0.0,10000.0
WS-CENTRAL,14/01/2025,09:00,cloudy,16.0,0.0,10000.0
WS-CENTRAL,14/01/2025,10:00,Clear,16.0,0.0,10000.0
WS-CENTRAL,14/01/2025,11:00,Clear,17.3,0.0,10000.0
WS-CENTRAL,14/01/2025,12:00,Clear,16.3,0.0,10000.0
WS-CENTRAL,14/01/2025,13:00,Clear,19.6,0.0,10000.0
WS-CENTRAL,14/01/2025,14:00,Clear,18.2,0.0,10000.0
WS-CENTRAL,14/01/2025,15:00,Clear,18.1,0.0,10000.0
WS-CENTRAL,14/01/2025,16:00,CLEAR,19.9,0.0,10000.0
WS-CENTRAL,14/01/2025,17:00,Clear,19.1,0.0,10000.0
WS-CENTRAL,14/01/2025,18:00,Clear,18.6,0.0,10000.0
WS-CENTRAL,14/01/2025,19:00,Clear,16.3,0.0,10000.0
WS-CENTRAL,14/01/2025,20:00,Clear,14.8,0.0,10000.0
WS-CENTRAL,14/01/2025,21:00,clear,14.8,0.0,10000.0
WS-CENTRAL,14/01/2025,22:00,clear,12.2,0.0,10000.0
WS-CENTRAL,14/01/2025,23:00,Clear,12.4,0.0,10000.0
WS-CENTRAL,15/01/2025,00:00,Cloudy,12.2,0.0,10000.0
WS-CENTRAL,15/01/2025,01:00,cloudy,10.2,0.0,10000.0
WS-CENTRAL,15/01/2025,02:00,Overcast,10.3,0.0,10000.0
WS-CENTRAL,15/01/2025,03:00,Cloudy,9.7,0.0,10000.0
WS-CENTRAL,15/01/2025,04:00,Cloudy,10.0,0.0,10000.0
WS-CENTRAL,15/01/2025,05:00,Cloudy,11.2,0.0,10000.0
WS-CENTRAL,15/01/2025,06:00,Clear,11.5,0.0,10000.0
WS-CENTRAL,15/01/2025,07:00,Clear,11.1,0.0,10000.0
WS-CENTRAL,15/01/2025,08:00,Clear,12.7,0.0,10000.0
WS-CENTRAL,15/01/2025,09:00,CLEAR,13.7,0.0,10000.0
WS-CENTRAL,15/01/2025,10:00,Clear,16.5,0.0,10000.0
WS-CENTRAL,15/01/2025,11:00,clear,17.3,0.0,10000.0
WS-CENTRAL,15/01/2025,12:00,CLEAR,19.0,0.0,10000.0
WS-CENTRAL,15/01/2025,13:00,Clear,19.3,0.0,10000.0
WS-CENTRAL,15/01/2025,14:00,Clear,19.6,0.0,10000.0
WS-CENTRAL,15/01/2025,15:00,Clear,20.8,0.0,10000.0
WS-CENTRAL,15/01/2025,16:00,CLEAR,18.9,0.0,10000.0
WS-CENTRAL,15/01/2025,17:00,Clear,20.2,0.0,10000.0
WS-CENTRAL,15/01/2025,18:00,CLEAR,17.4,0.0,10000.0
WS-CENTRAL,15/01/2025,19:00,Clear,17.8,0.0,10000.0
WS-CENTRAL,15/01/2025,20:00,Cloudy,15.7,0.0,10000.0
WS-CENTRAL,15/01/2025,21:00,Overcast,14.3,0.0,10000.0
WS-CENTRAL,15/01/2025,22:00,Overcast,12.7,0.0,10000.0
WS-CENTRAL,15/01/2025,23:00,cloudy,13.1,0.0,10000.0
WS-CENTRAL,16/01/2025,00:00,Cloudy,8.7,0.0,10000.0
WS-CENTRAL,16/01/2025,01:00,Cloudy,9.6,0.0,10000.0
WS-CENTRAL,16/01/2025,02:00,Cloudy,9.7,0.0,10000.0
WS-CENTRAL,16/01/2025,03:00,Clear,10.9,0.0,10000.0
WS-CENTRAL,16/01/2025,04:00,CLEAR,10.1,0.0,10000.0
WS-CENTRAL,16/01/2025,05:00,CLEAR,10.8,0.0,10000.0
WS-CENTRAL,16/01/2025,06:00,CLEAR,14.9,0.0,10000.0
WS-CENTRAL,16/01/2025,07:00,Clear,14.3,0.0,10000.0
WS-CENTRAL,16/01/2025,08:00,clear,13.9,0.0,10000.0
WS-CENTRAL,16/01/2025,09:00,Clear,14.6,0.0,10000.0
WS-CENTRAL,16/01/2025,10:00,Clear,16.0,0.0,10000.0
WS-CENTRAL,16/01/2025,11:00,cloudy,17.6,0.0,10000.0
WS-CENTRAL,16/01/2025,12:00,Cloudy,17.4,0.0,10000.0
WS-CENTRAL,16/01/2025,13:00,cloudy,20.0,0.0,10000.0
WS-CENTRAL,16/01/2025,14:00,Cloudy,19.9,0.0,10000.0
WS-CENTRAL,16/01/2025,15:00,Cloudy,19.3,0.0,10000.0
WS-CENTRAL,16/01/2025,16:00,Cloudy,20.3,0.0,10000.0
WS-CENTRAL,16/01/2025,17:00,Cloudy,19.7,0.0,10000.0
WS-CENTRAL,16/01/2025,18:00,Clear,17.4,0.0,10000.0
WS-CENTRAL,16/01/2025,19:00,Clear,19.2,0.0,10000.0
WS-CENTRAL,16/01/2025,20:00,Clear,15.1,0.0,10000.0
WS-CENTRAL,16/01/2025,21:00,Clear,11.5,0.0,10000.0
WS-CENTRAL,16/01/2025,22:00,clear,15.7,0.0,10000.0
WS-CENTRAL,16/01/2025,23:00,Clear,12.9,0.0,10000.0
WS-CENTRAL,17/01/2025,00:00,Clear,9.6,0.0,10000.0
WS-CENTRAL,17/01/2025,01:00,Clear,11.8,0.0,10000.0
WS-CENTRAL,17/01/2025,02:00,Clear,9.4,0.0,10000.0
WS-CENTRAL,17/01/2025,03:00,Clear,8.9,0.0,10000.0
WS-CENTRAL,17/01/2025,04:00,Fog,10.1,0.0,394.0
WS-CENTRAL,17/01/2025,05:00,Clear,10.4,0.0,10000.0
WS-CENTRAL,17/01/2025,06:00,Clear,11.6,0.0,10000.0
WS-CENTRAL,17/01/2025,07:00,Clear,12.2,0.0,10000.0
WS-CENTRAL,17/01/2025,08:00,Clear,14.1,0.0,10000.0
WS-CENTRAL,17/01/2025,09:00,clear,14.8,0.0,10000.0
WS-CENTRAL,17/01/2025,10:00,Clear,17.7,0.0,10000.0
WS-CENTRAL,17/01/2025,11:00,Clear,18.1,0.0,10000.0
WS-CENTRAL,17/01/2025,12:00,Cloudy,19.9,0.0,10000.0
WS-CENTRAL,17/01/2025,13:00,Overcast,19.5,0.0,10000.0
WS-CENTRAL,17/01/2025,14:00,Overcast,21.2,0.0,10000.0
WS-CENTRAL,17/01/2025,15:00,Cloudy,19.6,0.0,10000.0
WS-CENTRAL,17/01/2025,16:00,Cloudy,20.0,0.0,10000.0
WS-CENTRAL,17/01/2025,17:00,Overcast,19.9,0.0,10000.0
WS-CENTRAL,17/01/2025,18:00,Clear,17.7,0.0,10000.0
WS-CENTRAL,17/01/2025,19:00,Clear,17.5,0.0,10000.0
WS-CENTRAL,17/01/2025,20:00,Overcast,16.3,0.0,10000.0
WS-CENTRAL,17/01/2025,21:00,Cloudy,16.1,0.0,10000.0
WS-CENTRAL,17/01/2025,22:00,Overcast,15.7,0.0,10000.0
WS-CENTRAL,17/01/2025,23:00,Clear,11.6,0.0,10000.0
WS-CENTRAL,18/01/2025,00:00,Clear,12.1,0.0,10000.0
WS-CENTRAL,18/01/2025,01:00,Clear,9.4,0.0,10000.0
WS-CENTRAL,18/01/2025,02:00,Clear,10.7,0.0,10000.0
WS-CENTRAL,18/01/2025,03:00,Clear,10.1,0.0,10000.0
WS-CENTRAL,18/01/2025,04:00,FOG,9.3,0.0,428.0
WS-CENTRAL,18/01/2025,05:00,Cloudy,11.4,0.0,10000.0
WS-CENTRAL,18/01/2025,06:00,Cloudy,13.8,0.0,10000.0
WS-CENTRAL,18/01/2025,07:00,Cloudy,13.3,0.0,10000.0
WS-CENTRAL,18/01/2025,08:00,CLEAR,15.4,0.0,10000.0
WS-CENTRAL,18/01/2025,09:00,CLEAR,14.7,0.0,
WS-CENTRAL,18/01/2025,10:00,Clear,17.3,0.0,10000.0
WS-CENTRAL,18/01/2025,11:00,CLEAR,16.3,0.0,10000.0
WS-CENTRAL,18/01/2025,12:00,Clear,18.1,0.0,10000.0
WS-CENTRAL,18/01/2025,13:00,clear,20.2,0.0,10000.0
WS-CENTRAL,18/01/2025,14:00,Overcast,16.8,0.0,10000.0
WS-CENTRAL,18/01/2025,15:00,cloudy,19.5,0.0,10000.0
WS-CENTRAL,18/01/2025,16:00,Cloudy,19.1,0.0,10000.0
WS-CENTRAL,18/01/2025,17:00,Cloudy,20.1,0.0,10000.0
WS-CENTRAL,18/01/2025,18:00,Cloudy,18.4,0.0,10000.0
WS-CENTRAL,18/01/2025,19:00,Cloudy,17.8,0.0,10000.0
WS-CENTRAL,18/01/2025,20:00,Clear,15.8,0.0,10000.0
WS-CENTRAL,18/01/2025,21:00,Clear,15.1,0.0,10000.0
WS-CENTRAL,18/01/2025,22:00,Clear,13.2,0.0,10000.0
WS-CENTRAL,18/01/2025,23:00,Clear,13.7,0.0,10000.0
WS-CENTRAL,19/01/2025,00:00,Clear,11.6,0.0,10000.0
WS-CENTRAL,19/01/2025,01:00,CLEAR,13.3,0.0,10000.0
WS-CENTRAL,19/01/2025,02:00,Clear,10.0,0.0,10000.0
WS-CENTRAL,19/01/2025,03:00,clear,7.8,0.0,10000.0
WS-CENTRAL,19/01/2025,04:00,Clear,10.4,0.0,10000.0
WS-CENTRAL,19/01/2025,05:00,CLEAR,11.4,0.0,10000.0
WS-CENTRAL,19/01/2025,06:00,CLEAR,10.5,0.0,10000.0
WS-CENTRAL,19/01/2025,07:00,clear,11.9,0.0,10000.0
WS-CENTRAL,19/01/2025,08:00,Clear,12.8,0.0,10000.0
WS-CENTRAL,19/01/2025,09:00,Clear,15.2,0.0,10000.0
WS-CENTRAL,19/01/2025,10:00,Clear,17.0,0.0,10000.0
WS-CENTRAL,19/01/2025,11:00,Clear,16.6,0.0,10000.0
WS-CENTRAL,19/01/2025,12:00,Clear,19.3,0.0,10000.0
WS-CENTRAL,19/01/2025,13:00,Clear,19.3,0.0,10000.0
WS-CENTRAL,19/01/2025,14:00,CLEAR,21.5,0.0,10000.0
WS-CENTRAL,19/01/2025,15:00,Clear,18.9,0.0,10000.0
WS-CENTRAL,19/01/2025,16:00,Clear,21.0,0.0,10000.0
WS-CENTRAL,19/01/2025,17:00,Clear,18.6,0.0,10000.0
WS-CENTRAL,19/01/2025,18:00,Clear,20.1,0.0,10000.0
WS-CENTRAL,19/01/2025,19:00,Clear,18.0,0.0,10000.0
WS-CENTRAL,19/01/2025,20:00,Clear,15.2,0.0,10000.0
WS-CENTRAL,19/01/2025,21:00,Clear,16.4,0.0,10000.0
WS-CENTRAL,19/01/2025,22:00,Clear,12.0,0.0,10000.0
WS-CENTRAL,19/01/2025,23:00,clear,12.5,0.0,10000.0
WS-CENTRAL,20/01/2025,00:00,Clear,10.3,0.0,10000.0
WS-CENTRAL,20/01/2025,01:00,Clear,10.0,0.0,10000.0
WS-CENTRAL,20/01/2025,02:00,Clear,10.9,0.0,10000.0
WS-CENTRAL,20/01/2025,03:00,Clear,10.9,0.0,10000.0
WS-CENTRAL,20/01/2025,04:00,Clear,11.8,0.0,10000.0
WS-CENTRAL,20/01/2025,05:00,Clear,9.8,0.0,10000.0
WS-CENTRAL,20/01/2025,06:00,Clear,11.2,0.0,10000.0
WS-CENTRAL,20/01/2025,07:00,Clear,12.6,0.0,10000.0
WS-CENTRAL,20/01/2025,08:00,Clear,14.1,0.0,10000.0
WS-CENTRAL,20/01/2025,09:00,Clear,14.0,0.0,10000.0
WS-CENTRAL,20/01/2025,10:00,Overcast,16.0,0.0,10000.0
WS-CENTRAL,20/01/2025,11:00,Cloudy,18.0,0.0,10000.0
WS-CENTRAL,20/01/2025,12:00,Cloudy,18.4,0.0,10000.0
WS-CENTRAL,20/01/2025,13:00,Overcast,21.7,0.0,10000.0
WS-CENTRAL,20/01/2025,14:00,Cloudy,19.6,0.0,10000.0
WS-CENTRAL,20/01/2025,15:00,Cloudy,17.8,0.0,10000.0
WS-CENTRAL,20/01/2025,16:00,Cloudy,20.5,0.0,10000.0
WS-CENTRAL,20/01/2025,17:00,Overcast,20.9,0.0,10000.0
WS-CENTRAL,20/01/2025,18:00,Cloudy,18.9,0.0,10000.0
WS-CENTRAL,20/01/2025,19:00,Cloudy,19.1,0.0,10000.0
WS-CENTRAL,20/01/2025,20:00,Overcast,15.9,0.0,10000.0
WS-CENTRAL,20/01/2025,21:00,Cloudy,15.5,0.0,10000.0
WS-CENTRAL,20/01/2025,22:00,Clear,15.2,0.0,10000.0
WS-CENTRAL,20/01/2025,23:00,Clear,12.9,0.0,10000.0
WS-CENTRAL,21/01/2025,00:00,clear,9.6,0.0,10000.0
WS-CENTRAL,21/01/2025,01:00,Clear,11.4,0.0,10000.0
WS-CENTRAL,21/01/2025,02:00,Clear,12.6,0.0,10000.0
WS-CENTRAL,21/01/2025,03:00,Clear,9.6,0.0,10000.0
WS-CENTRAL,21/01/2025,04:00,Clear,11.5,0.0,10000.0
WS-CENTRAL,21/01/2025,05:00,Cloudy,9.2,0.0,10000.0
WS-CENTRAL,21/01/2025,06:00,Cloudy,9.9,0.0,10000.0
WS-CENTRAL,21/01/2025,07:00,cloudy,13.5,0.0,10000.0
WS-CENTRAL,21/01/2025,08:00,Cloudy,11.3,0.0,10000.0
WS-CENTRAL,21/01/2025,09:00,Cloudy,15.6,0.0,10000.0
WS-CENTRAL,21/01/2025,10:00,Overcast,15.2,0.0,10000.0
WS-CENTRAL,21/01/2025,11:00,Cloudy,18.3,0.0,10000.0
WS-CENTRAL,21/01/2025,12:00,Clear,18.8,0.0,10000.0
WS-CENTRAL,21/01/2025,13:00,Clear,18.4,0.0,10000.0
WS-CENTRAL,21/01/2025,14:00,Overcast,20.6,0.0,10000.0
WS-CENTRAL,21/01/2025,15:00,Overcast,20.2,0.0,10000.0
WS-CENTRAL,21/01/2025,16:00,Overcast,19.9,0.0,10000.0
WS-CENTRAL,21/01/2025,17:00,Cloudy,20.2,0.0,10000.0
WS-CENTRAL,21/01/2025,18:00,Clear,19.5,0.0,10000.0
WS-CENTRAL,21/01/2025,19:00,clear,18.5,0.0,10000.0
WS-CENTRAL,21/01/2025,20:00,CLEAR,,0.0,10000.0
WS-CENTRAL,21/01/2025,21:00,CLEAR,15.0,0.0,10000.0
WS-CENTRAL,21/01/2025,22:00,Clear,13.2,0.0,10000.0
WS-CENTRAL,21/01/2025,23:00,Clear,11.2,0.0,10000.0
WS-CENTRAL,22/01/2025,00:00,Clear,12.5,0.0,10000.0
WS-CENTRAL,22/01/2025,01:00,Clear,9.7,0.0,10000.0
WS-CENTRAL,22/01/2025,02:00,clear,11.0,0.0,10000.0
WS-CENTRAL,22/01/2025,03:00,CLEAR,8.8,0.0,10000.0
WS-CENTRAL,22/01/2025,04:00,Clear,10.6,0.0,10000.0
WS-CENTRAL,22/01/2025,05:00,Clear,11.4,0.0,10000.0
WS-CENTRAL,22/01/2025,06:00,clear,10.2,0.0,10000.0
WS-CENTRAL,22/01/2025,07:00,Clear,12.0,0.0,10000.0
WS-CENTRAL,22/01/2025,08:00,clear,12.5,0.0,10000.0
WS-CENTRAL,22/01/2025,09:00,clear,14.4,0.0,10000.0
WS-CENTRAL,22/01/2025,10:00,Clear,16.0,0.0,10000.0
WS-CENTRAL,22/01/2025,11:00,CLEAR,16.7,0.0,10000.0
WS-CENTRAL,22/01/2025,12:00,clear,19.6,0.0,10000.0
WS-CENTRAL,22/01/2025,13:00,Clear,19.3,0.0,10000.0
WS-CENTRAL,22/01/2025,14:00,Clear,19.0,0.0,10000.0
WS-CENTRAL,22/01/2025,15:00,Clear,19.1,0.0,10000.0
WS-CENTRAL,22/01/2025,16:00,CLEAR,21.8,0.0,10000.0
WS-CENTRAL,22/01/2025,17:00,Clear,18.7,0.0,10000.0
WS-CENTRAL,22/01/2025,18:00,Clear,18.2,0.0,10000.0
WS-CENTRAL,22/01/2025,19:00,Clear,18.6,0.0,10000.0
WS-CENTRAL,22/01/2025,20:00,Clear,15.1,0.0,10000.0
WS-CENTRAL,22/01/2025,21:00,CLEAR,13.6,0.0,10000.0
WS-CENTRAL,22/01/2025,22:00,Clear,13.5,0.0,10000.0
WS-CENTRAL,22/01/2025,23:00,Clear,11.3,0.0,10000.0
WS-CENTRAL,23/01/2025,00:00,Clear,12.1,0.0,10000.0
WS-CENTRAL,23/01/2025,01:00,CLEAR,9.7,0.0,10000.0
WS-CENTRAL,23/01/2025,02:00,Clear,7.8,0.0,10000.0
WS-CENTRAL,23/01/2025,03:00,CLEAR,9.5,0.0,10000.0
WS-CENTRAL,23/01/2025,04:00,Clear,8.8,0.0,10000.0
WS-CENTRAL,23/01/2025,05:00,Clear,10.6,0.0,10000.0
WS-CENTRAL,23/01/2025,06:00,clear,10.8,0.0,10000.0
WS-CENTRAL,23/01/2025,07:00,Clear,11.9,0.0,10000.0
WS-CENTRAL,23/01/2025,08:00,clear,14.5,0.0,10000.0
WS-CENTRAL,23/01/2025,09:00,Clear,14.0,0.0,10000.0
WS-CENTRAL,23/01/2025,10:00,CLEAR,16.9,0.0,10000.0
WS-CENTRAL,23/01/2025,11:00,Clear,16.4,0.0,10000.0
WS-CENTRAL,23/01/2025,12:00,Clear,16.7,0.0,10000.0
WS-CENTRAL,23/01/2025,13:00,CLEAR,17.7,0.0,10000.0
WS-CENTRAL,23/01/2025,14:00,Clear,18.7,0.0,10000.0
WS-CENTRAL,23/01/2025,15:00,Clear,17.7,0.0,10000.0
WS-CENTRAL,23/01/2025,16:00,Clear,20.0,0.0,10000.0
WS-CENTRAL,23/01/2025,17:00,CLEAR,21.0,0.0,10000.0
WS-CENTRAL,23/01/2025,18:00,Clear,19.3,0.0,10000.0
WS-CENTRAL,23/01/2025,19:00,Clear,19.0,0.0,10000.0
WS-CENTRAL,23/01/2025,20:00,Clear,17.3,0.0,10000.0
WS-CENTRAL,23/01/2025,21:00,clear,13.1,0.0,10000.0
WS-CENTRAL,23/01/2025,22:00,Clear,14.7,0.0,10000.0
WS-CENTRAL,23/01/2025,23:00,Clear,13.2,0.0,10000.0
WS-CENTRAL,24/01/2025,00:00,clear,14.5,0.0,10000.0
WS-CENTRAL,24/01/2025,01:00,Clear,10.1,0.0,10000.0
WS-CENTRAL,24/01/2025,02:00,Clear,10.5,0.0,10000.0
WS-CENTRAL,24/01/2025,03:00,Clear,12.3,0.0,10000.0
WS-CENTRAL,24/01/2025,04:00,Clear,10.9,0.0,10000.0
WS-CENTRAL,24/01/2025,05:00,clear,12.2,0.0,10000.0
WS-CENTRAL,24/01/2025,06:00,Clear,11.5,0.0,10000.0
WS-CENTRAL,24/01/2025,07:00,clear,13.0,0.0,10000.0
WS-CENTRAL,24/01/2025,08:00,Clear,14.5,0.0,10000.0
WS-CENTRAL,24/01/2025,09:00,Clear,12.3,0.0,10000.0
WS-CENTRAL,24/01/2025,10:00,Clear,16.2,0.0,10000.0
WS-CENTRAL,24/01/2025,11:00,Clear,17.8,0.0,10000.0
WS-CENTRAL,24/01/2025,12:00,clear,21.4,0.0,10000.0
WS-CENTRAL,24/01/2025,13:00,Clear,20.2,0.0,10000.0
WS-CENTRAL,24/01/2025,14:00,Clear,19.6,0.0,
WS-CENTRAL,24/01/2025,15:00,Clear,22.1,0.0,10000.0
WS-CENTRAL,24/01/2025,16:00,Clear,19.0,0.0,10000.0
WS-CENTRAL,24/01/2025,17:00,clear,17.6,0.0,10000.0
WS-CENTRAL,24/01/2025,18:00,Clear,18.5,0.0,10000.0
WS-CENTRAL,24/01/2025,19:00,CLEAR,18.5,0.0,10000.0
WS-CENTRAL,24/01/2025,20:00,Clear,17.7,0.0,10000.0
WS-CENTRAL,24/01/2025,21:00,CLEAR,18.0,0.0,10000.0
WS-CENTRAL,24/01/2025,22:00,Clear,13.9,0.0,10000.0
WS-CENTRAL,24/01/2025,23:00,Clear,12.6,0.0,10000.0
WS-CENTRAL,25/01/2025,00:00,Clear,11.7,0.0,10000.0
WS-CENTRAL,25/01/2025,01:00,Cloudy,10.7,0.0,10000.0
WS-CENTRAL,25/01/2025,02:00,cloudy,11.7,0.0,10000.0
WS-CENTRAL,25/01/2025,03:00,Cloudy,11.4,0.0,10000.0
WS-CENTRAL,25/01/2025,04:00,Cloudy,10.6,0.0,10000.0
WS-CENTRAL,25/01/2025,05:00,Cloudy,12.0,0.0,10000.0
WS-CENTRAL,25/01/2025,06:00,Clear,9.9,0.0,10000.0
WS-CENTRAL,25/01/2025,07:00,Clear,14.4,0.0,10000.0
WS-CENTRAL,25/01/2025,08:00,Clear,15.0,0.0,10000.0
WS-CENTRAL,25/01/2025,09:00,Clear,16.0,0.0,10000.0
WS-CENTRAL,25/01/2025,10:00,clear,17.0,0.0,10000.0
WS-CENTRAL,25/01/2025,11:00,Clear,14.4,0.0,10000.0
WS-CENTRAL,25/01/2025,12:00,Clear,18.0,0.0,10000.0
WS-CENTRAL,25/01/2025,13:00,Clear,18.5,0.0,10000.0
WS-CENTRAL,25/01/2025,14:00,Clear,18.9,0.0,10000.0
WS-CENTRAL,25/01/2025,15:00,Clear,20.2,0.0,10000.0
WS-CENTRAL,25/01/2025,16:00,Clear,20.4,0.0,10000.0
WS-CENTRAL,25/01/2025,17:00,Clear,20.3,0.0,10000.0
WS-CENTRAL,25/01/2025,18:00,Clear,19.4,0.0,10000.0
WS-CENTRAL,25/01/2025,19:00,Clear,18.1,0.0,10000.0
WS-CENTRAL,25/01/2025,20:00,Rain,16.7,3.1,4335.0
WS-CENTRAL,25/01/2025,21:00,Rain,14.4,3.7,3287.0
WS-CENTRAL,25/01/2025,22:00,rain ,13.3,1.2,2315.0
WS-CENTRAL,25/01/2025,23:00,rainy,14.0,7.0,4215.0
WS-CENTRAL,26/01/2025,00:00,Clear,10.5,0.0,10000.0
WS-CENTRAL,26/01/2025,01:00,Clear,11.8,0.0,10000.0
WS-CENTRAL,26/01/2025,02:00,Clear,11.1,0.0,10000.0
WS-CENTRAL,26/01/2025,03:00,Rain,,6.8,2103.0
WS-CENTRAL,26/01/2025,04:00,clear,12.5,0.0,10000.0
WS-CENTRAL,26/01/2025,05:00,CLEAR,9.4,0.0,10000.0
WS-CENTRAL,26/01/2025,06:00,clear,13.2,0.0,10000.0
WS-CENTRAL,26/01/2025,07:00,Clear,14.3,0.0,10000.0
WS-CENTRAL,26/01/2025,08:00,Cloudy,13.1,0.0,10000.0
WS-CENTRAL,26/01/2025,09:00,Cloudy,15.5,0.0,10000.0
WS-CENTRAL,26/01/2025,10:00,Cloudy,17.9,0.0,10000.0
WS-CENTRAL,26/01/2025,11:00,Cloudy,16.6,0.0,10000.0
WS-CENTRAL,26/01/2025,12:00,cloudy,17.7,0.0,10000.0
WS-CENTRAL,26/01/2025,13:00,clear,20.3,0.0,10000.0
WS-CENTRAL,26/01/2025,14:00,clear,21.3,0.0,10000.0
WS-CENTRAL,26/01/2025,15:00,clear,20.0,0.0,10000.0
WS-CENTRAL,26/01/2025,16:00,Clear,19.8,0.0,10000.0
WS-CENTRAL,26/01/2025,17:00,Clear,20.8,0.0,10000.0
WS-CENTRAL,26/01/2025,18:00,Clear,16.7,0.0,10000.0
WS-CENTRAL,26/01/2025,19:00,Clear,16.5,0.0,10000.0
WS-CENTRAL,26/01/2025,20:00,Clear,16.4,0.0,10000.0
WS-CENTRAL,26/01/2025,21:00,Clear,16.7,0.0,10000.0
WS-CENTRAL,26/01/2025,22:00,clear,12.5,0.0,10000.0
WS-CENTRAL,26/01/2025,23:00,Clear,11.2,0.0,10000.0
WS-CENTRAL,27/01/2025,00:00,Clear,12.2,0.0,
WS-CENTRAL,27/01/2025,01:00,clear,10.3,0.0,10000.0
WS-CENTRAL,27/01/2025,02:00,Clear,11.2,0.0,10000.0
WS-CENTRAL,27/01/2025,03:00,Clear,12.6,0.0,10000.0
WS-CENTRAL,27/01/2025,04:00,Clear,11.3,0.0,10000.0
WS-CENTRAL,27/01/2025,05:00,Clear,12.6,0.0,10000.0
WS-CENTRAL,27/01/2025,06:00,clear,11.7,0.0,10000.0
WS-CENTRAL,27/01/2025,07:00,Clear,12.5,0.0,10000.0
WS-CENTRAL,27/01/2025,08:00,Clear,13.2,0.0,10000.0
WS-CENTRAL,27/01/2025,09:00,CLEAR,13.3,0.0,10000.0
WS-CENTRAL,27/01/2025,10:00,Clear,13.7,0.0,10000.0
WS-CENTRAL,27/01/2025,11:00,CLEAR,19.2,0.0,10000.0
WS-CENTRAL,27/01/2025,12:00,Clear,16.8,0.0,10000.0
WS-CENTRAL,27/01/2025,13:00,CLEAR,20.6,0.0,10000.0
WS-CENTRAL,27/01/2025,14:00,Clear,22.5,0.0,10000.0
WS-CENTRAL,27/01/2025,15:00,Clear,18.7,0.0,10000.0
WS-CENTRAL,27/01/2025,16:00,Clear,18.4,0.0,10000.0
WS-CENTRAL,27/01/2025,17:00,CLEAR,20.5,0.0,10000.0
WS-CENTRAL,27/01/2025,18:00,Clear,19.3,0.0,10000.0
WS-CENTRAL,27/01/2025,19:00,Clear,20.4,0.0,10000.0
WS-CENTRAL,27/01/2025,20:00,Clear,17.9,0.0,10000.0
WS-CENTRAL,27/01/2025,21:00,Cloudy,16.5,0.0,10000.0
WS-CENTRAL,27/01/2025,22:00,Overcast,16.2,0.0,10000.0
WS-CENTRAL,27/01/2025,23:00,Clear,13.3,0.0,10000.0
WS-CENTRAL,28/01/2025,00:00,clear,11.6,0.0,10000.0
WS-CENTRAL,28/01/2025,01:00,CLEAR,10.7,0.0,10000.0
WS-CENTRAL,28/01/2025,02:00,Clear,10.9,0.0,10000.0
WS-CENTRAL,28/01/2025,03:00,Clear,8.1,0.0,10000.0
WS-CENTRAL,28/01/2025,04:00,CLEAR,10.3,0.0,10000.0
WS-CENTRAL,28/01/2025,05:00,Clear,11.4,0.0,10000.0
WS-CENTRAL,28/01/2025,06:00,CLEAR,12.6,0.0,10000.0
WS-CENTRAL,28/01/2025,07:00,Clear,14.5,0.0,10000.0
WS-CENTRAL,28/01/2025,08:00,Clear,14.8,0.0,10000.0
WS-CENTRAL,28/01/2025,09:00,CLEAR,14.7,0.0,10000.0
WS-CENTRAL,28/01/2025,10:00,clear,17.3,0.0,10000.0
WS-CENTRAL,28/01/2025,11:00,Clear,18.1,0.0,10000.0
WS-CENTRAL,28/01/2025,12:00,Clear,20.0,0.0,10000.0
WS-CENTRAL,28/01/2025,13:00,clear,20.8,0.0,10000.0
WS-CENTRAL,28/01/2025,14:00,Clear,21.2,0.0,10000.0
WS-CENTRAL,28/01/2025,15:00,Clear,19.5,0.0,10000.0
WS-CENTRAL,28/01/2025,16:00,Clear,19.5,0.0,10000.0
WS-CENTRAL,28/01/2025,17:00,Clear,20.6,0.0,10000.0
WS-CENTRAL,28/01/2025,18:00,Clear,18.8,0.0,10000.0
WS-CENTRAL,28/01/2025,19:00,Clear,18.6,0.0,10000.0
WS-CENTRAL,28/01/2025,20:00,Clear,17.8,0.0,10000.0
WS-CENTRAL,28/01/2025,21:00,Clear,13.9,0.0,10000.0
WS-CENTRAL,28/01/2025,22:00,Clear,14.3,0.0,10000.0
WS-CENTRAL,28/01/2025,23:00,Clear,13.3,0.0,10000.0
WS-CENTRAL,29/01/2025,00:00,Rain,11.4,7.5,3521.0
WS-CENTRAL,29/01/2025,01:00,rainy,11.0,3.1,2411.0
WS-CENTRAL,29/01/2025,02:00,rainy,10.8,7.9,4571.0
WS-CENTRAL,29/01/2025,03:00,Clear,8.7,0.0,10000.0
WS-CENTRAL,29/01/2025,04:00,foggy,14.5,0.0,383.0
WS-CENTRAL,29/01/2025,05:00,Fog,11.2,0.0,1054.0
WS-CENTRAL,29/01/2025,06:00,Cloudy,13.5,0.0,10000.0
WS-CENTRAL,29/01/2025,07:00,Cloudy,12.7,0.0,
WS-CENTRAL,29/01/2025,08:00,Cloudy,13.1,0.0,10000.0
WS-CENTRAL,29/01/2025,09:00,Cloudy,16.1,0.0,10000.0
WS-CENTRAL,29/01/2025,10:00,Clear,15.9,0.0,10000.0
WS-CENTRAL,29/01/2025,11:00,clear,17.5,0.0,10000.0
WS-CENTRAL,29/01/2025,12:00,Rain,18.2,6.4,2656.0
WS-CENTRAL,29/01/2025,13:00,Rain,20.1,8.1,3588.0
WS-CENTRAL,29/01/2025,14:00,Rain,21.3,1.5,4164.0
WS-CENTRAL,29/01/2025,15:00,Rain,19.9,3.6,2818.0
WS-CENTRAL,29/01/2025,16:00,RAIN,21.3,1.5,2956.0
WS-CENTRAL,29/01/2025,17:00,Clear,19.6,0.0,10000.0
WS-CENTRAL,29/01/2025,18:00,clear,19.1,0.0,10000.0
WS-CENTRAL,29/01/2025,19:00,clear,15.7,0.0,10000.0
WS-CENTRAL,29/01/2025,20:00,Clear,16.5,0.0,10000.0
WS-CENTRAL,29/01/2025,21:00,Clear,17.5,0.0,10000.0
WS-CENTRAL,29/01/2025,22:00,clear,14.3,0.0,10000.0
WS-CENTRAL,29/01/2025,23:00,Clear,16.0,0.0,10000.0
WS-CENTRAL,30/01/2025,00:00,clear,9.2,0.0,10000.0
WS-CENTRAL,30/01/2025,01:00,Clear,13.1,0.0,10000.0
WS-CENTRAL,30/01/2025,02:00,Clear,11.9,0.0,10000.0
WS-CENTRAL,30/01/2025,03:00,clear,11.0,0.0,10000.0
WS-CENTRAL,30/01/2025,04:00,CLEAR,10.8,0.0,10000.0
WS-CENTRAL,30/01/2025,05:00,clear,11.4,0.0,10000.0
WS-CENTRAL,30/01/2025,06:00,Clear,14.0,0.0,10000.0
WS-CENTRAL,30/01/2025,07:00,Clear,13.6,0.0,10000.0
WS-CENTRAL,30/01/2025,08:00,Clear,14.5,0.0,10000.0
WS-CENTRAL,30/01/2025,09:00,CLEAR,16.6,0.0,10000.0
WS-CENTRAL,30/01/2025,10:00,rainy,17.4,7.9,3910.0
WS-CENTRAL,30/01/2025,11:00,Rain,17.4,6.0,4265.0
WS-CENTRAL,30/01/2025,12:00,Clear,20.3,0.0,10000.0
WS-CENTRAL,30/01/2025,13:00,Clear,18.9,0.0,10000.0
WS-CENTRAL,30/01/2025,14:00,Clear,19.5,0.0,10000.0
WS-CENTRAL,30/01/2025,15:00,Clear,21.6,0.0,10000.0
WS-CENTRAL,30/01/2025,16:00,clear,21.4,0.0,10000.0
WS-CENTRAL,30/01/2025,17:00,clear,20.3,0.0,10000.0
WS-CENTRAL,30/01/2025,18:00,Clear,19.4,0.0,10000.0
WS-CENTRAL,30/01/2025,19:00,Clear,18.2,0.0,10000.0
WS-CENTRAL,30/01/2025,20:00,clear,17.1,0.0,10000.0
WS-CENTRAL,30/01/2025,21:00,Clear,14.9,0.0,10000.0
WS-CENTRAL,30/01/2025,22:00,Clear,16.0,0.0,10000.0
WS-CENTRAL,30/01/2025,23:00,Clear,15.5,0.0,10000.0
WS-CENTRAL,31/01/2025,00:00,clear,12.2,0.0,10000.0
WS-CENTRAL,31/01/2025,01:00,CLEAR,11.6,0.0,10000.0
WS-CENTRAL,31/01/2025,02:00,Clear,10.8,0.0,10000.0
WS-CENTRAL,31/01/2025,03:00,CLEAR,10.5,0.0,10000.0
WS-CENTRAL,31/01/2025,04:00,Clear,9.0,0.0,10000.0
WS-CENTRAL,31/01/2025,05:00,Clear,9.4,0.0,10000.0
WS-CENTRAL,31/01/2025,06:00,Clear,11.6,0.0,10000.0
WS-CENTRAL,31/01/2025,07:00,clear,14.7,0.0,10000.0
WS-CENTRAL,31/01/2025,08:00,CLEAR,14.6,0.0,10000.0
WS-CENTRAL,31/01/2025,09:00,Clear,16.2,0.0,10000.0
WS-CENTRAL,31/01/2025,10:00,Clear,16.7,0.0,10000.0
WS-CENTRAL,31/01/2025,11:00,clear,17.7,0.0,10000.0
WS-CENTRAL,31/01/2025,12:00,clear,19.3,0.0,10000.0
WS-CENTRAL,31/01/2025,13:00,Clear,20.0,0.0,10000.0
WS-CENTRAL,31/01/2025,14:00,Clear,20.2,0.0,10000.0
WS-CENTRAL,31/01/2025,15:00,clear,20.3,0.0,10000.0
WS-CENTRAL,31/01/2025,16:00,Clear,19.5,0.0,10000.0
WS-CENTRAL,31/01/2025,17:00,clear,18.6,0.0,10000.0
WS-CENTRAL,31/01/2025,18:00,CLEAR,20.5,0.0,10000.0
WS-CENTRAL,31/01/2025,19:00,Clear,18.8,0.0,10000.0
WS-CENTRAL,31/01/2025,20:00,Clear,16.0,0.0,10000.0
WS-CENTRAL,31/01/2025,21:00,Clear,16.2,0.0,10000.0
WS-CENTRAL,31/01/2025,22:00,Clear,13.7,0.0,10000.0
WS-CENTRAL,31/01/2025,23:00,CLEAR,12.2,0.0,10000.0
WS-CENTRAL,01/02/2025,00:00,Clear,13.7,0.0,10000.0
WS-CENTRAL,01/02/2025,01:00,Clear,10.6,0.0,10000.0
WS-CENTRAL,01/02/2025,02:00,Clear,10.0,0.0,10000.0
WS-CENTRAL,01/02/2025,03:00,Clear,10.8,0.0,10000.0
WS-CENTRAL,01/02/2025,04:00,clear,11.4,0.0,10000.0
WS-CENTRAL,01/02/2025,05:00,Clear,10.9,0.0,10000.0
WS-CENTRAL,01/02/2025,06:00,Clear,12.2,0.0,10000.0
WS-CENTRAL,01/02/2025,07:00,clear,14.4,0.0,10000.0
WS-CENTRAL,01/02/2025,08:00,clear,14.4,0.0,10000.0
WS-CENTRAL,01/02/2025,09:00,Clear,17.0,0.0,
WS-CENTRAL,01/02/2025,10:00,clear,16.6,0.0,10000.0
WS-CENTRAL,01/02/2025,11:00,Clear,19.5,0.0,10000.0
WS-CENTRAL,01/02/2025,12:00,Rain,18.5,6.0,2431.0
WS-CENTRAL,01/02/2025,13:00,Rain,19.8,0.7,3858.0
WS-CENTRAL,01/02/2025,14:00,RAIN,19.8,5.8,3009.0
WS-CENTRAL,01/02/2025,15:00,Rain,23.5,3.7,3544.0
WS-CENTRAL,01/02/2025,16:00,Rain,20.3,7.3,3997.0
WS-CENTRAL,01/02/2025,17:00,clear,22.3,0.0,10000.0
WS-CENTRAL,01/02/2025,18:00,Clear,18.4,0.0,10000.0
WS-CENTRAL,01/02/2025,19:00,Clear,18.8,0.0,10000.0
WS-CENTRAL,01/02/2025,20:00,CLEAR,16.9,0.0,10000.0
WS-CENTRAL,01/02/2025,21:00,Clear,18.1,0.0,10000.0
WS-CENTRAL,01/02/2025,22:00,Clear,13.3,0.0,10000.0
WS-CENTRAL,01/02/2025,23:00,Clear,12.2,0.0,10000.0
WS-CENTRAL,02/02/2025,00:00,Clear,12.2,0.0,10000.0
WS-CENTRAL,02/02/2025,01:00,Clear,13.4,0.0,10000.0
WS-CENTRAL,02/02/2025,02:00,Cloudy,11.6,0.0,10000.0
WS-CENTRAL,02/02/2025,03:00,Cloudy,10.8,0.0,10000.0
WS-CENTRAL,02/02/2025,04:00,Cloudy,12.5,0.0,10000.0
WS-CENTRAL,02/02/2025,05:00,Cloudy,10.2,0.0,10000.0
WS-CENTRAL,02/02/2025,06:00,Cloudy,14.6,0.0,10000.0
WS-CENTRAL,02/02/2025,07:00,cloudy,12.0,0.0,10000.0
WS-CENTRAL,02/02/2025,08:00,cloudy,14.8,0.0,10000.0
WS-CENTRAL,02/02/2025,09:00,Clear,15.6,0.0,10000.0
WS-CENTRAL,02/02/2025,10:00,Clear,18.0,0.0,10000.0
WS-CENTRAL,02/02/2025,11:00,Clear,16.9,0.0,10000.0
WS-CENTRAL,02/02/2025,12:00,Clear,18.9,0.0,10000.0
WS-CENTRAL,02/02/2025,13:00,Clear,18.1,0.0,10000.0
WS-CENTRAL,02/02/2025,14:00,Clear,,0.0,10000.0
WS-CENTRAL,02/02/2025,15:00,CLEAR,,0.0,10000.0
WS-CENTRAL,02/02/2025,16:00,CLEAR,22.3,0.0,10000.0
WS-CENTRAL,02/02/2025,17:00,Clear,22.2,0.0,10000.0
WS-CENTRAL,02/02/2025,18:00,Clear,18.7,0.0,10000.0
WS-CENTRAL,02/02/2025,19:00,Clear,16.8,0.0,10000.0
WS-CENTRAL,02/02/2025,20:00,CLEAR,15.6,0.0,10000.0
WS-CENTRAL,02/02/2025,21:00,clear,14.8,0.0,10000.0
WS-CENTRAL,02/02/2025,22:00,Clear,14.6,0.0,10000.0
WS-CENTRAL,02/02/2025,23:00,Clear,13.6,0.0,10000.0
WS-CENTRAL,03/02/2025,00:00,clear,12.3,0.0,10000.0
WS-CENTRAL,03/02/2025,01:00,Clear,10.8,0.0,10000.0
WS-CENTRAL,03/02/2025,02:00,Clear,12.8,0.0,10000.0
WS-CENTRAL,03/02/2025,03:00,Clear,13.6,0.0,10000.0
WS-CENTRAL,03/02/2025,04:00,clear,11.2,0.0,10000.0
WS-CENTRAL,03/02/2025,05:00,Fog,9.2,0.0,487.0
WS-CENTRAL,03/02/2025,06:00,CLEAR,12.4,0.0,10000.0
WS-CENTRAL,03/02/2025,07:00,CLEAR,15.7,0.0,10000.0
WS-CENTRAL,03/02/2025,08:00,Clear,15.1,0.0,10000.0
WS-CENTRAL,03/02/2025,09:00,Clear,15.6,0.0,10000.0
WS-CENTRAL,03/02/2025,10:00,clear,14.5,0.0,10000.0
WS-CENTRAL,03/02/2025,11:00,Clear,16.7,0.0,10000.0
WS-CENTRAL,03/02/2025,12:00,Clear,20.5,0.0,10000.0
WS-CENTRAL,03/02/2025,13:00,CLEAR,21.1,0.0,10000.0
WS-CENTRAL,03/02/2025,14:00,Clear,20.1,0.0,10000.0
WS-CENTRAL,03/02/2025,15:00,Clear,21.8,0.0,10000.0
WS-CENTRAL,03/02/2025,16:00,CLEAR,20.6,0.0,10000.0
WS-CENTRAL,03/02/2025,17:00,Clear,21.1,0.0,10000.0
WS-CENTRAL,03/02/2025,18:00,Clear,20.1,0.0,10000.0
WS-CENTRAL,03/02/2025,19:00,Clear,17.1,0.0,10000.0
WS-CENTRAL,03/02/2025,20:00,Clear,16.0,0.0,10000.0
WS-CENTRAL,03/02/2025,21:00,Clear,18.6,0.0,10000.0
WS-CENTRAL,03/02/2025,22:00,Clear,13.5,0.0,10000.0
WS-CENTRAL,03/02/2025,23:00,Clear,12.6,0.0,10000.0
WS-CENTRAL,04/02/2025,00:00,Clear,11.8,0.0,10000.0
WS-CENTRAL,04/02/2025,01:00,Clear,11.3,0.0,10000.0
WS-CENTRAL,04/02/2025,02:00,clear,12.1,0.0,10000.0
WS-CENTRAL,04/02/2025,03:00,clear,12.8,0.0,10000.0
WS-CENTRAL,04/02/2025,04:00,Clear,11.3,0.0,10000.0
WS-CENTRAL,04/02/2025,05:00,clear,12.8,0.0,10000.0
WS-CENTRAL,04/02/2025,06:00,CLEAR,10.4,0.0,10000.0
WS-CENTRAL,04/02/2025,07:00,clear,13.5,0.0,10000.0
WS-CENTRAL,04/02/2025,08:00,Clear,14.9,0.0,10000.0
WS-CENTRAL,04/02/2025,09:00,CLEAR,15.1,0.0,10000.0
WS-CENTRAL,04/02/2025,10:00,Clear,16.4,0.0,10000.0
WS-CENTRAL,04/02/2025,11:00,Clear,18.7,0.0,10000.0
WS-CENTRAL,04/02/2025,12:00,Clear,19.7,0.0,10000.0
WS-CENTRAL,04/02/2025,13:00,Clear,18.1,0.0,10000.0
WS-CENTRAL,04/02/2025,14:00,Clear,22.8,0.0,10000.0
WS-CENTRAL,04/02/2025,15:00,Clear,20.9,0.0,10000.0
WS-CENTRAL,04/02/2025,16:00,Cloudy,21.5,0.0,10000.0
WS-CENTRAL,04/02/2025,17:00,Cloudy,19.1,0.0,10000.0
WS-CENTRAL,04/02/2025,18:00,Cloudy,19.6,0.0,10000.0
WS-CENTRAL,04/02/2025,19:00,Cloudy,16.4,0.0,10000.0
WS-CENTRAL,04/02/2025,20:00,Cloudy,16.5,0.0,10000.0
WS-CENTRAL,04/02/2025,21:00,rainy,15.1,5.6,4891.0
WS-CENTRAL,04/02/2025,22:00,Rain,12.3,4.2,4433.0
WS-CENTRAL,04/02/2025,23:00,CLEAR,12.1,0.0,10000.0
WS-CENTRAL,05/02/2025,00:00,Clear,10.9,0.0,10000.0
WS-CENTRAL,05/02/2025,01:00,Clear,10.4,0.0,10000.0
WS-CENTRAL,05/02/2025,02:00,Clear,11.3,0.0,10000.0
WS-CENTRAL,05/02/2025,03:00,clear,11.9,0.0,10000.0
WS-CENTRAL,05/02/2025,04:00,CLEAR,9.9,0.0,10000.0
WS-CENTRAL,05/02/2025,05:00,Clear,11.8,0.0,10000.0
WS-CENTRAL,05/02/2025,06:00,Clear,11.7,0.0,10000.0
WS-CENTRAL,05/02/2025,07:00,CLEAR,14.0,0.0,10000.0
WS-CENTRAL,05/02/2025,08:00,Clear,16.0,0.0,10000.0
WS-CENTRAL,05/02/2025,09:00,Clear,15.2,0.0,10000.0
WS-CENTRAL,05/02/2025,10:00,Clear,16.0,0.0,10000.0
WS-CENTRAL,05/02/2025,11:00,Clear,17.2,0.0,10000.0
WS-CENTRAL,05/02/2025,12:00,Clear,20.1,0.0,10000.0
WS-CENTRAL,05/02/2025,13:00,Clear,20.6,0.0,10000.0
WS-CENTRAL,05/02/2025,14:00,Clear,,0.0,10000.0
WS-CENTRAL,05/02/2025,15:00,Clear,20.5,0.0,10000.0
WS-CENTRAL,05/02/2025,16:00,Clear,22.3,0.0,10000.0
WS-CENTRAL,05/02/2025,17:00,Clear,19.3,0.0,10000.0
WS-CENTRAL,05/02/2025,18:00,Cloudy,17.5,0.0,10000.0
WS-CENTRAL,05/02/2025,19:00,cloudy,18.1,0.0,10000.0
WS-CENTRAL,05/02/2025,20:00,Cloudy,15.0,0.0,10000.0
WS-CENTRAL,05/02/2025,21:00,CLEAR,17.0,0.0,10000.0
WS-CENTRAL,05/02/2025,22:00,Clear,14.6,0.0,10000.0
WS-CENTRAL,05/02/2025,23:00,Clear,12.4,0.0,10000.0
WS-CENTRAL,06/02/2025,00:00,Clear,11.7,0.0,10000.0
WS-CENTRAL,06/02/2025,01:00,Clear,11.9,0.0,10000.0
WS-CENTRAL,06/02/2025,02:00,Clear,13.3,0.0,10000.0
WS-CENTRAL,06/02/2025,03:00,CLEAR,11.3,0.0,10000.0
WS-CENTRAL,06/02/2025,04:00,Clear,11.4,0.0,10000.0
WS-CENTRAL,06/02/2025,05:00,Clear,11.3,0.0,10000.0
WS-CENTRAL,06/02/2025,06:00,Clear,12.4,0.0,
WS-CENTRAL,06/02/2025,07:00,Clear,13.8,0.0,10000.0
WS-CENTRAL,06/02/2025,08:00,CLEAR,14.5,0.0,10000.0
WS-CENTRAL,06/02/2025,09:00,Clear,17.6,0.0,10000.0
WS-CENTRAL,06/02/2025,10:00,Clear,16.6,0.0,10000.0
WS-CENTRAL,06/02/2025,11:00,Clear,18.4,0.0,10000.0
WS-CENTRAL,06/02/2025,12:00,CLEAR,18.7,0.0,10000.0
WS-CENTRAL,06/02/2025,13:00,clear,19.8,0.0,10000.0
WS-CENTRAL,06/02/2025,14:00,Clear,20.7,0.0,10000.0
WS-CENTRAL,06/02/2025,15:00,Clear,19.8,0.0,10000.0
WS-CENTRAL,06/02/2025,16:00,Clear,20.5,0.0,10000.0
WS-CENTRAL,06/02/2025,17:00,Clear,19.3,0.0,10000.0
WS-CENTRAL,06/02/2025,18:00,Clear,20.4,0.0,10000.0
WS-CENTRAL,06/02/2025,19:00,Clear,20.3,0.0,10000.0
WS-CENTRAL,06/02/2025,20:00,clear,17.1,0.0,10000.0
WS-CENTRAL,06/02/2025,21:00,clear,15.8,0.0,10000.0
WS-CENTRAL,06/02/2025,22:00,Clear,15.3,0.0,10000.0
WS-CENTRAL,06/02/2025,23:00,Clear,12.4,0.0,10000.0
WS-CENTRAL,07/02/2025,00:00,CLEAR,13.0,0.0,
WS-CENTRAL,07/02/2025,01:00,Clear,13.5,0.0,10000.0
WS-CENTRAL,07/02/2025,02:00,Clear,13.3,0.0,10000.0
WS-CENTRAL,07/02/2025,03:00,Clear,9.7,0.0,10000.0
WS-CENTRAL,07/02/2025,04:00,clear,12.9,0.0,10000.0
WS-CENTRAL,07/02/2025,05:00,Clear,10.0,0.0,10000.0
WS-CENTRAL,07/02/2025,06:00,Clear,11.9,0.0,10000.0
WS-CENTRAL,07/02/2025,07:00,Clear,15.0,0.0,10000.0
WS-CENTRAL,07/02/2025,08:00,Clear,14.6,0.0,10000.0
WS-CENTRAL,07/02/2025,09:00,Clear,17.0,0.0,10000.0
WS-CENTRAL,07/02/2025,10:00,clear,19.3,0.0,10000.0
WS-CENTRAL,07/02/2025,11:00,Clear,16.7,0.0,10000.0
WS-CENTRAL,07/02/2025,12:00,Clear,21.0,0.0,10000.0
WS-CENTRAL,07/02/2025,13:00,Clear,21.3,0.0,10000.0
WS-CENTRAL,07/02/2025,14:00,Clear,20.6,0.0,10000.0
WS-CENTRAL,07/02/2025,15:00,clear,20.2,0.0,10000.0
WS-CENTRAL,07/02/2025,16:00,Clear,21.1,0.0,10000.0
WS-CENTRAL,07/02/2025,17:00,Clear,18.9,0.0,10000.0
WS-CENTRAL,07/02/2025,18:00,Clear,20.2,0.0,10000.0
WS-CENTRAL,07/02/2025,19:00,Clear,17.9,0.0,
WS-CENTRAL,07/02/2025,20:00,Clear,17.8,0.0,10000.0
WS-CENTRAL,07/02/2025,21:00,clear,17.5,0.0,10000.0
WS-CENTRAL,07/02/2025,22:00,Clear,15.4,0.0,10000.0
WS-CENTRAL,07/02/2025,23:00,Rain,13.0,7.4,4406.0
WS-CENTRAL,08/02/2025,00:00,Overcast,13.9,0.0,10000.0
WS-CENTRAL,08/02/2025,01:00,Cloudy,10.6,0.0,10000.0
WS-CENTRAL,08/02/2025,02:00,Overcast,11.4,0.0,10000.0
WS-CENTRAL,08/02/2025,03:00,CLEAR,10.7,0.0,10000.0
WS-CENTRAL,08/02/2025,04:00,Clear,11.9,0.0,10000.0
WS-CENTRAL,08/02/2025,05:00,Clear,11.5,0.0,10000.0
WS-CENTRAL,08/02/2025,06:00,CLEAR,12.4,0.0,10000.0
WS-CENTRAL,08/02/2025,07:00,Clear,14.1,0.0,10000.0
WS-CENTRAL,08/02/2025,08:00,Clear,15.3,0.0,10000.0
WS-CENTRAL,08/02/2025,09:00,CLEAR,15.4,0.0,10000.0
WS-CENTRAL,08/02/2025,10:00,CLEAR,16.5,0.0,10000.0
WS-CENTRAL,08/02/2025,11:00,clear,19.0,0.0,10000.0
WS-CENTRAL,08/02/2025,12:00,CLEAR,20.4,0.0,10000.0
WS-CENTRAL,08/02/2025,13:00,Clear,20.3,0.0,10000.0
WS-CENTRAL,08/02/2025,14:00,CLEAR,21.4,0.0,10000.0
WS-CENTRAL,08/02/2025,15:00,clear,22.0,0.0,10000.0
WS-CENTRAL,08/02/2025,16:00,Clear,22.7,0.0,10000.0
WS-CENTRAL,08/02/2025,17:00,Clear,20.6,0.0,10000.0
WS-CENTRAL,08/02/2025,18:00,Clear,17.9,0.0,10000.0
WS-CENTRAL,08/02/2025,19:00,CLEAR,18.8,0.0,10000.0
WS-CENTRAL,08/02/2025,20:00,CLEAR,16.5,0.0,10000.0
WS-CENTRAL,08/02/2025,21:00,Clear,15.9,0.0,10000.0
WS-CENTRAL,08/02/2025,22:00,Clear,15.0,0.0,10000.0
WS-CENTRAL,08/02/2025,23:00,CLEAR,14.4,0.0,10000.0
WS-CENTRAL,09/02/2025,00:00,Clear,12.7,0.0,10000.0
WS-CENTRAL,09/02/2025,01:00,Clear,11.8,0.0,10000.0
WS-CENTRAL,09/02/2025,02:00,Clear,11.1,0.0,10000.0
WS-CENTRAL,09/02/2025,03:00,Clear,9.8,0.0,10000.0
WS-CENTRAL,09/02/2025,04:00,clear,9.3,0.0,10000.0
WS-CENTRAL,09/02/2025,05:00,Clear,9.8,0.0,10000.0
WS-CENTRAL,09/02/2025,06:00,Clear,11.4,0.0,10000.0
WS-CENTRAL,09/02/2025,07:00,clear,14.5,0.0,10000.0
WS-CENTRAL,09/02/2025,08:00,Clear,15.8,0.0,10000.0
WS-CENTRAL,09/02/2025,09:00,Clear,15.3,0.0,10000.0
WS-CENTRAL,09/02/2025,10:00,Clear,18.0,0.0,10000.0
WS-CENTRAL,09/02/2025,11:00,Clear,19.2,0.0,10000.0
WS-CENTRAL,09/02/2025,12:00,Clear,19.0,0.0,10000.0
WS-CENTRAL,09/02/2025,13:00,Cloudy,20.0,0.0,10000.0
WS-CENTRAL,09/02/2025,14:00,Cloudy,20.7,0.0,10000.0
WS-CENTRAL,09/02/2025,15:00,Cloudy,20.7,0.0,10000.0
WS-CENTRAL,09/02/2025,16:00,Cloudy,20.6,0.0,10000.0
WS-CENTRAL,09/02/2025,17:00,clear,20.6,0.0,10000.0
WS-CENTRAL,09/02/2025,18:00,Clear,21.3,0.0,10000.0
WS-CENTRAL,09/02/2025,19:00,Clear,20.0,0.0,10000.0
WS-CENTRAL,09/02/2025,20:00,Clear,15.0,0.0,10000.0
WS-CENTRAL,09/02/2025,21:00,CLEAR,17.1,0.0,10000.0
WS-CENTRAL,09/02/2025,22:00,Clear,17.8,0.0,10000.0
WS-CENTRAL,09/02/2025,23:00,Clear,12.2,0.0,10000.0
WS-CENTRAL,10/02/2025,00:00,clear,10.7,0.0,10000.0
WS-CENTRAL,10/02/2025,01:00,Clear,12.9,0.0,10000.0
WS-CENTRAL,10/02/2025,02:00,Clear,10.9,0.0,10000.0
WS-CENTRAL,10/02/2025,03:00,Clear,9.2,0.0,10000.0
WS-CENTRAL,10/02/2025,04:00,cloudy,11.8,0.0,10000.0
WS-CENTRAL,10/02/2025,05:00,Cloudy,12.3,0.0,10000.0
WS-CENTRAL,10/02/2025,06:00,Cloudy,12.1,0.0,10000.0
WS-CENTRAL,10/02/2025,07:00,Overcast,15.4,0.0,10000.0
WS-CENTRAL,10/02/2025,08:00,Cloudy,17.3,0.0,10000.0
WS-CENTRAL,10/02/2025,09:00,Clear,16.4,0.0,10000.0
WS-CENTRAL,10/02/2025,10:00,Clear,,0.0,10000.0
WS-CENTRAL,10/02/2025,11:00,Clear,19.3,0.0,10000.0
WS-CENTRAL,10/02/2025,12:00,clear,19.4,0.0,10000.0
WS-CENTRAL,10/02/2025,13:00,clear,21.8,0.0,10000.0
WS-CENTRAL,10/02/2025,14:00,Clear,19.8,0.0,10000.0
WS-CENTRAL,10/02/2025,15:00,CLEAR,21.1,0.0,10000.0
WS-CENTRAL,10/02/2025,16:00,Clear,22.0,0.0,10000.0
WS-CENTRAL,10/02/2025,17:00,CLEAR,20.4,0.0,10000.0
WS-CENTRAL,10/02/2025,18:00,CLEAR,19.8,0.0,10000.0
WS-CENTRAL,10/02/2025,19:00,Clear,19.7,0.0,10000.0
WS-CENTRAL,10/02/2025,20:00,clear,17.3,0.0,10000.0
WS-CENTRAL,10/02/2025,21:00,Clear,16.3,0.0,10000.0
WS-CENTRAL,10/02/2025,22:00,Clear,15.2,0.0,10000.0
WS-CENTRAL,10/02/2025,23:00,Clear,13.6,0.0,10000.0
WS-CENTRAL,11/02/2025,00:00,Clear,10.5,0.0,10000.0
WS-CENTRAL,11/02/2025,01:00,CLEAR,12.7,0.0,10000.0
WS-CENTRAL,11/02/2025,02:00,Clear,,0.0,10000.0
WS-CENTRAL,11/02/2025,03:00,clear,9.9,0.0,10000.0
WS-CENTRAL,11/02/2025,04:00,Rain,9.1,8.2,2596.0
WS-CENTRAL,11/02/2025,05:00,CLEAR,10.7,0.0,10000.0
WS-CENTRAL,11/02/2025,06:00,Clear,12.8,0.0,10000.0
WS-CENTRAL,11/02/2025,07:00,CLEAR,14.2,0.0,10000.0
WS-CENTRAL,11/02/2025,08:00,Clear,15.5,0.0,
WS-CENTRAL,11/02/2025,09:00,clear,17.9,0.0,10000.0
WS-CENTRAL,11/02/2025,10:00,Rain,,7.5,2795.0
WS-CENTRAL,11/02/2025,11:00,Clear,16.8,0.0,10000.0
WS-CENTRAL,11/02/2025,12:00,Clear,20.0,0.0,10000.0
WS-CENTRAL,11/02/2025,13:00,clear,22.2,0.0,10000.0
WS-CENTRAL,11/02/2025,14:00,Clear,21.1,0.0,10000.0
WS-CENTRAL,11/02/2025,15:00,Clear,22.4,0.0,10000.0
WS-CENTRAL,11/02/2025,16:00,Clear,21.6,0.0,10000.0
WS-CENTRAL,11/02/2025,17:00,Clear,23.1,0.0,10000.0
WS-CENTRAL,11/02/2025,18:00,Clear,20.1,0.0,10000.0
WS-CENTRAL,11/02/2025,19:00,clear,17.9,0.0,10000.0
WS-CENTRAL,11/02/2025,20:00,Clear,17.1,0.0,10000.0
WS-CENTRAL,11/02/2025,21:00,Clear,17.3,0.0,10000.0
WS-CENTRAL,11/02/2025,22:00,Clear,14.4,0.0,10000.0
WS-CENTRAL,11/02/2025,23:00,clear,12.9,0.0,10000.0
WS-CENTRAL,12/02/2025,00:00,Clear,12.5,0.0,10000.0
WS-CENTRAL,12/02/2025,01:00,Clear,13.3,0.0,10000.0
WS-CENTRAL,12/02/2025,02:00,Clear,11.3,0.0,10000.0
WS-CENTRAL,12/02/2025,03:00,Clear,11.3,0.0,10000.0
WS-CENTRAL,12/02/2025,04:00,CLEAR,12.2,0.0,10000.0
WS-CENTRAL,12/02/2025,05:00,Clear,12.2,0.0,10000.0
WS-CENTRAL,12/02/2025,06:00,Cloudy,11.9,0.0,10000.0
WS-CENTRAL,12/02/2025,07:00,Overcast,13.5,0.0,10000.0
WS-CENTRAL,12/02/2025,08:00,Rain,17.0,1.8,4581.0
WS-CENTRAL,12/02/2025,09:00,CLEAR,14.7,0.0,10000.0
WS-CENTRAL,12/02/2025,10:00,Clear,18.2,0.0,10000.0
WS-CENTRAL,12/02/2025,11:00,clear,18.5,0.0,10000.0
WS-CENTRAL,12/02/2025,12:00,CLEAR,18.7,0.0,10000.0
WS-CENTRAL,12/02/2025,13:00,CLEAR,20.5,0.0,10000.0
WS-CENTRAL,12/02/2025,14:00,clear,21.8,0.0,10000.0
WS-CENTRAL,12/02/2025,15:00,clear,19.7,0.0,10000.0
WS-CENTRAL,12/02/2025,16:00,Clear,20.6,0.0,10000.0
WS-CENTRAL,12/02/2025,17:00,Clear,20.8,0.0,10000.0
WS-CENTRAL,12/02/2025,18:00,Clear,21.5,0.0,10000.0
WS-CENTRAL,12/02/2025,19:00,Clear,19.3,0.0,10000.0
WS-CENTRAL,12/02/2025,20:00,clear,15.9,0.0,10000.0
WS-CENTRAL,12/02/2025,21:00,clear,16.5,0.0,10000.0
WS-CENTRAL,12/02/2025,22:00,Clear,14.5,0.0,10000.0
WS-CENTRAL,12/02/2025,23:00,Clear,14.0,0.0,10000.0
WS-CENTRAL,13/02/2025,00:00,clear,12.6,0.0,10000.0
WS-CENTRAL,13/02/2025,01:00,CLEAR,12.0,0.0,10000.0
WS-CENTRAL,13/02/2025,02:00,Clear,12.0,0.0,10000.0
WS-CENTRAL,13/02/2025,03:00,Clear,9.6,0.0,10000.0
WS-CENTRAL,13/02/2025,04:00,CLEAR,11.4,0.0,10000.0
WS-CENTRAL,13/02/2025,05:00,FOG,13.1,0.0,661.0
WS-CENTRAL,13/02/2025,06:00,Clear,13.9,0.0,10000.0
WS-CENTRAL,13/02/2025,07:00,CLEAR,13.3,0.0,10000.0
WS-CENTRAL,13/02/2025,08:00,Clear,15.5,0.0,10000.0
WS-CENTRAL,13/02/2025,09:00,Clear,,0.0,10000.0
WS-CENTRAL,13/02/2025,10:00,clear,17.7,0.0,10000.0
WS-CENTRAL,13/02/2025,11:00,Clear,19.1,0.0,10000.0
WS-CENTRAL,13/02/2025,12:00,Clear,22.0,0.0,10000.0
WS-CENTRAL,13/02/2025,13:00,CLEAR,18.9,0.0,10000.0
WS-CENTRAL,13/02/2025,14:00,Clear,19.7,0.0,10000.0
WS-CENTRAL,13/02/2025,15:00,Clear,20.4,0.0,10000.0
WS-CENTRAL,13/02/2025,16:00,Clear,22.2,0.0,10000.0
WS-CENTRAL,13/02/2025,17:00,Clear,21.5,0.0,10000.0
WS-CENTRAL,13/02/2025,18:00,Clear,,0.0,10000.0
WS-CENTRAL,13/02/2025,19:00,Clear,16.5,0.0,10000.0
WS-CENTRAL,13/02/2025,20:00,Clear,17.1,0.0,10000.0
WS-CENTRAL,13/02/2025,21:00,Clear,17.6,0.0,10000.0
WS-CENTRAL,13/02/2025,22:00,Clear,14.7,0.0,10000.0
WS-CENTRAL,13/02/2025,23:00,Clear,15.6,0.0,10000.0
WS-CENTRAL,14/02/2025,00:00,CLEAR,12.1,0.0,10000.0
WS-CENTRAL,14/02/2025,01:00,Clear,13.0,0.0,10000.0
WS-CENTRAL,14/02/2025,02:00,Clear,11.2,0.0,10000.0
WS-CENTRAL,14/02/2025,03:00,Clear,13.0,0.0,10000.0
WS-CENTRAL,14/02/2025,04:00,CLEAR,12.4,0.0,10000.0
WS-CENTRAL,14/02/2025,05:00,Clear,12.5,0.0,10000.0
WS-CENTRAL,14/02/2025,06:00,Clear,10.4,0.0,10000.0
WS-CENTRAL,14/02/2025,07:00,Clear,13.9,0.0,10000.0
WS-CENTRAL,14/02/2025,08:00,Clear,13.5,0.0,10000.0
WS-CENTRAL,14/02/2025,09:00,Clear,17.6,0.0,10000.0
WS-CENTRAL,14/02/2025,10:00,Rain,18.0,5.7,2355.0
WS-CENTRAL,14/02/2025,11:00,Rain,18.7,3.9,4521.0
WS-CENTRAL,14/02/2025,12:00,Rain,20.2,3.5,3848.0
WS-CENTRAL,14/02/2025,13:00,rainy,22.4,7.1,3791.0
WS-CENTRAL,14/02/2025,14:00,Rain,22.2,3.5,2666.0
WS-CENTRAL,14/02/2025,15:00,Rain,21.4,8.5,4580.0
WS-CENTRAL,14/02/2025,16:00,Clear,19.7,0.0,10000.0
WS-CENTRAL,14/02/2025,17:00,Clear,21.7,0.0,10000.0
WS-CENTRAL,14/02/2025,18:00,Clear,19.2,0.0,10000.0
WS-CENTRAL,14/02/2025,19:00,CLEAR,18.4,0.0,10000.0
WS-CENTRAL,14/02/2025,20:00,Clear,19.4,0.0,10000.0
WS-CENTRAL,14/02/2025,21:00,Clear,15.8,0.0,10000.0
WS-CENTRAL,14/02/2025,22:00,Clear,14.7,0.0,10000.0
WS-CENTRAL,14/02/2025,23:00,Clear,16.4,0.0,10000.0
WS-CENTRAL,15/02/2025,00:00,clear,12.4,0.0,10000.0
WS-CENTRAL,15/02/2025,01:00,Clear,13.5,0.0,10000.0
WS-CENTRAL,15/02/2025,02:00,Clear,12.7,0.0,10000.0
WS-CENTRAL,15/02/2025,03:00,CLEAR,12.7,0.0,10000.0
WS-CENTRAL,15/02/2025,04:00,Clear,9.3,0.0,10000.0
WS-CENTRAL,15/02/2025,05:00,CLEAR,10.8,0.0,10000.0
WS-CENTRAL,15/02/2025,06:00,Clear,11.9,0.0,10000.0
WS-CENTRAL,15/02/2025,07:00,Clear,13.6,0.0,10000.0
WS-CENTRAL,15/02/2025,08:00,Clear,16.0,0.0,10000.0
WS-CENTRAL,15/02/2025,09:00,Clear,15.5,0.0,10000.0
WS-CENTRAL,15/02/2025,10:00,rainy,16.5,7.3,4661.0
WS-CENTRAL,15/02/2025,11:00,rainy,18.2,8.2,4257.0
WS-CENTRAL,15/02/2025,12:00,Rain,19.2,7.1,3700.0
WS-CENTRAL,15/02/2025,13:00,RAIN,18.9,7.7,3768.0
WS-CENTRAL,15/02/2025,14:00,Clear,20.0,0.0,10000.0
WS-CENTRAL,15/02/2025,15:00,Clear,20.1,0.0,10000.0
WS-CENTRAL,15/02/2025,16:00,Clear,22.6,0.0,10000.0
WS-CENTRAL,15/02/2025,17:00,clear,20.0,0.0,10000.0
WS-CENTRAL,15/02/2025,18:00,CLEAR,18.6,0.0,10000.0
WS-CENTRAL,15/02/2025,19:00,Clear,17.5,0.0,10000.0
WS-CENTRAL,15/02/2025,20:00,Clear,15.7,0.0,10000.0
WS-CENTRAL,15/02/2025,21:00,CLEAR,15.9,0.0,10000.0
WS-CENTRAL,15/02/2025,22:00,clear,11.9,0.0,10000.0
WS-CENTRAL,15/02/2025,23:00,Clear,13.6,0.0,10000.0
WS-CENTRAL,16/02/2025,00:00,Overcast,11.6,0.0,10000.0
WS-CENTRAL,16/02/2025,01:00,Overcast,10.7,0.0,10000.0
WS-CENTRAL,16/02/2025,02:00,Clear,11.2,0.0,10000.0
WS-CENTRAL,16/02/2025,03:00,Clear,13.5,0.0,10000.0
WS-CENTRAL,16/02/2025,04:00,clear,11.1,0.0,10000.0
WS-CENTRAL,16/02/2025,05:00,Clear,11.2,0.0,10000.0
WS-CENTRAL,16/02/2025,06:00,Clear,12.2,0.0,10000.0
WS-CENTRAL,16/02/2025,07:00,Clear,12.2,0.0,10000.0
WS-CENTRAL,16/02/2025,08:00,Clear,15.3,0.0,10000.0
WS-CENTRAL,16/02/2025,09:00,CLEAR,17.3,0.0,10000.0
WS-CENTRAL,16/02/2025,10:00,Clear,18.2,0.0,10000.0
WS-CENTRAL,16/02/2025,11:00,CLEAR,17.1,0.0,10000.0
WS-CENTRAL,16/02/2025,12:00,Clear,20.5,0.0,10000.0
WS-CENTRAL,16/02/2025,13:00,Overcast,18.6,0.0,10000.0
WS-CENTRAL,16/02/2025,14:00,Cloudy,21.5,0.0,10000.0
WS-CENTRAL,16/02/2025,15:00,Cloudy,22.7,0.0,10000.0
WS-CENTRAL,16/02/2025,16:00,Cloudy,21.9,0.0,10000.0
WS-CENTRAL,16/02/2025,17:00,Overcast,19.3,0.0,10000.0
WS-CENTRAL,16/02/2025,18:00,CLEAR,20.7,0.0,10000.0
WS-CENTRAL,16/02/2025,19:00,CLEAR,19.8,0.0,10000.0
WS-CENTRAL,16/02/2025,20:00,Clear,16.3,0.0,10000.0
WS-CENTRAL,16/02/2025,21:00,clear,16.6,0.0,10000.0
WS-CENTRAL,16/02/2025,22:00,Clear,15.7,0.0,
WS-CENTRAL,16/02/2025,23:00,clear,14.2,0.0,10000.0
WS-CENTRAL,17/02/2025,00:00,Clear,13.4,0.0,10000.0
WS-CENTRAL,17/02/2025,01:00,Clear,12.7,0.0,10000.0
WS-CENTRAL,17/02/2025,02:00,Clear,11.5,0.0,10000.0
WS-CENTRAL,17/02/2025,03:00,clear,9.1,0.0,10000.0
WS-CENTRAL,17/02/2025,04:00,Clear,12.0,0.0,10000.0
WS-CENTRAL,17/02/2025,05:00,Clear,13.4,0.0,10000.0
WS-CENTRAL,17/02/2025,06:00,Clear,11.7,0.0,10000.0
WS-CENTRAL,17/02/2025,07:00,CLEAR,14.1,0.0,10000.0
WS-CENTRAL,17/02/2025,08:00,Clear,13.3,0.0,10000.0
WS-CENTRAL,17/02/2025,09:00,Clear,16.8,0.0,10000.0
WS-CENTRAL,17/02/2025,10:00,Clear,18.4,0.0,10000.0
WS-CENTRAL,17/02/2025,11:00,Clear,19.3,0.0,10000.0
WS-CENTRAL,17/02/2025,12:00,Clear,19.0,0.0,10000.0
WS-CENTRAL,17/02/2025,13:00,Clear,22.1,0.0,10000.0
WS-CENTRAL,17/02/2025,14:00,CLEAR,21.0,0.0,10000.0
WS-CENTRAL,17/02/2025,15:00,Clear,21.9,0.0,10000.0
WS-CENTRAL,17/02/2025,16:00,clear,23.5,0.0,10000.0
WS-CENTRAL,17/02/2025,17:00,Clear,20.4,0.0,10000.0
WS-CENTRAL,17/02/2025,18:00,CLEAR,19.3,0.0,10000.0
WS-CENTRAL,17/02/2025,19:00,CLEAR,18.5,0.0,10000.0
WS-CENTRAL,17/02/2025,20:00,CLEAR,17.1,0.0,10000.0
WS-CENTRAL,17/02/2025,21:00,CLEAR,16.4,0.0,10000.0
WS-CENTRAL,17/02/2025,22:00,clear,15.7,0.0,10000.0
WS-CENTRAL,17/02/2025,23:00,Clear,14.2,0.0,10000.0
WS-CENTRAL,18/02/2025,00:00,Cloudy,14.6,0.0,10000.0
WS-CENTRAL,18/02/2025,01:00,Cloudy,11.4,0.0,10000.0
WS-CENTRAL,18/02/2025,02:00,Cloudy,13.3,0.0,10000.0
WS-CENTRAL,18/02/2025,03:00,Cloudy,9.5,0.0,10000.0
WS-CENTRAL,18/02/2025,04:00,Cloudy,13.0,0.0,10000.0
WS-CENTRAL,18/02/2025,05:00,Cloudy,12.8,0.0,10000.0
WS-CENTRAL,18/02/2025,06:00,CLEAR,13.9,0.0,10000.0
WS-CENTRAL,18/02/2025,07:00,clear,13.3,0.0,10000.0
WS-CENTRAL,18/02/2025,08:00,Clear,16.2,0.0,10000.0
WS-CENTRAL,18/02/2025,09:00,Cloudy,,0.0,10000.0
WS-CENTRAL,18/02/2025,10:00,cloudy,18.5,0.0,10000.0
WS-CENTRAL,18/02/2025,11:00,Cloudy,18.6,0.0,10000.0
WS-CENTRAL,18/02/2025,12:00,cloudy,19.2,0.0,10000.0
WS-CENTRAL,18/02/2025,13:00,Overcast,21.8,0.0,10000.0
WS-CENTRAL,18/02/2025,14:00,Cloudy,21.3,0.0,10000.0
WS-CENTRAL,18/02/2025,15:00,Cloudy,22.3,0.0,10000.0
WS-CENTRAL,18/02/2025,16:00,CLEAR,20.9,0.0,10000.0
WS-CENTRAL,18/02/2025,17:00,Clear,23.8,0.0,10000.0
WS-CENTRAL,18/02/2025,18:00,clear,20.9,0.0,10000.0
WS-CENTRAL,18/02/2025,19:00,Clear,19.9,0.0,10000.0
WS-CENTRAL,18/02/2025,20:00,Clear,17.1,0.0,10000.0
WS-CENTRAL,18/02/2025,21:00,Clear,15.7,0.0,10000.0
WS-CENTRAL,18/02/2025,22:00,Clear,15.4,0.0,10000.0
WS-CENTRAL,18/02/2025,23:00,Clear,14.7,0.0,10000.0
WS-CENTRAL,19/02/2025,00:00,clear,13.3,0.0,10000.0
WS-CENTRAL,19/02/2025,01:00,Clear,10.2,0.0,10000.0
WS-CENTRAL,19/02/2025,02:00,Clear,10.8,0.0,10000.0
WS-CENTRAL,19/02/2025,03:00,clear,12.2,0.0,10000.0
WS-CENTRAL,19/02/2025,04:00,Clear,13.1,0.0,10000.0
WS-CENTRAL,19/02/2025,05:00,Clear,12.4,0.0,10000.0
WS-CENTRAL,19/02/2025,06:00,clear,12.4,0.0,10000.0
WS-CENTRAL,19/02/2025,07:00,Clear,15.1,0.0,10000.0
WS-CENTRAL,19/02/2025,08:00,Clear,14.6,0.0,10000.0
WS-CENTRAL,19/02/2025,09:00,Clear,13.7,0.0,10000.0
WS-CENTRAL,19/02/2025,10:00,Clear,19.1,0.0,10000.0
WS-CENTRAL,19/02/2025,11:00,Clear,18.5,0.0,10000.0
WS-CENTRAL,19/02/2025,12:00,Clear,20.7,0.0,10000.0
WS-CENTRAL,19/02/2025,13:00,clear,18.8,0.0,10000.0
WS-CENTRAL,19/02/2025,14:00,CLEAR,20.3,0.0,10000.0
WS-CENTRAL,19/02/2025,15:00,Clear,22.2,0.0,10000.0
WS-CENTRAL,19/02/2025,16:00,CLEAR,22.2,0.0,10000.0
WS-CENTRAL,19/02/2025,17:00,CLEAR,23.1,0.0,10000.0
WS-CENTRAL,19/02/2025,18:00,Clear,19.8,0.0,10000.0
WS-CENTRAL,19/02/2025,19:00,Clear,19.4,0.0,10000.0
WS-CENTRAL,19/02/2025,20:00,Clear,17.1,0.0,10000.0
WS-CENTRAL,19/02/2025,21:00,Clear,17.4,0.0,10000.0
WS-CENTRAL,19/02/2025,22:00,Clear,16.1,0.0,10000.0
WS-CENTRAL,19/02/2025,23:00,Clear,,0.0,10000.0
WS-CENTRAL,20/02/2025,00:00,cloudy,13.5,0.0,10000.0
WS-CENTRAL,20/02/2025,01:00,Cloudy,11.9,0.0,10000.0
WS-CENTRAL,20/02/2025,02:00,Cloudy,12.5,0.0,10000.0
WS-CENTRAL,20/02/2025,03:00,cloudy,11.5,0.0,10000.0
WS-CENTRAL,20/02/2025,04:00,cloudy,11.5,0.0,10000.0
WS-CENTRAL,20/02/2025,05:00,Clear,12.9,0.0,10000.0
WS-CENTRAL,20/02/2025,06:00,Clear,11.9,0.0,10000.0
WS-CENTRAL,20/02/2025,07:00,Clear,13.6,0.0,10000.0
WS-CENTRAL,20/02/2025,08:00,Clear,16.5,0.0,10000.0
WS-CENTRAL,20/02/2025,09:00,CLEAR,14.4,0.0,10000.0
WS-CENTRAL,20/02/2025,10:00,CLEAR,17.5,0.0,10000.0
WS-CENTRAL,20/02/2025,11:00,CLEAR,19.6,0.0,10000.0
WS-CENTRAL,20/02/2025,12:00,Clear,22.2,0.0,10000.0
WS-CENTRAL,20/02/2025,13:00,Clear,21.4,0.0,10000.0
WS-CENTRAL,20/02/2025,14:00,clear,20.7,0.0,10000.0
WS-CENTRAL,20/02/2025,15:00,clear,22.3,0.0,10000.0
WS-CENTRAL,20/02/2025,16:00,Clear,20.8,0.0,10000.0
WS-CENTRAL,20/02/2025,17:00,Clear,21.6,0.0,10000.0
WS-CENTRAL,20/02/2025,18:00,CLEAR,18.5,0.0,10000.0
WS-CENTRAL,20/02/2025,19:00,Clear,18.9,0.0,10000.0
WS-CENTRAL,20/02/2025,20:00,clear,19.9,0.0,10000.0
WS-CENTRAL,20/02/2025,21:00,Clear,16.2,0.0,10000.0
WS-CENTRAL,20/02/2025,22:00,Clear,14.6,0.0,10000.0
WS-CENTRAL,20/02/2025,23:00,clear,15.6,0.0,10000.0
WS-CENTRAL,21/02/2025,00:00,Clear,11.7,0.0,10000.0
WS-CENTRAL,21/02/2025,01:00,Clear,11.6,0.0,10000.0
WS-CENTRAL,21/02/2025,02:00,Clear,13.6,0.0,10000.0
WS-CENTRAL,21/02/2025,03:00,clear,12.0,0.0,10000.0
WS-CENTRAL,21/02/2025,04:00,Clear,12.7,0.0,10000.0
WS-CENTRAL,21/02/2025,05:00,Clear,13.6,0.0,10000.0
WS-CENTRAL,21/02/2025,06:00,CLEAR,12.6,0.0,10000.0
WS-CENTRAL,21/02/2025,07:00,Clear,13.6,0.0,10000.0
WS-CENTRAL,21/02/2025,08:00,Clear,13.6,0.0,10000.0
WS-CENTRAL,21/02/2025,09:00,Clear,15.3,0.0,10000.0
WS-CENTRAL,21/02/2025,10:00,clear,19.1,0.0,10000.0
WS-CENTRAL,21/02/2025,11:00,Clear,19.9,0.0,10000.0
WS-CENTRAL,21/02/2025,12:00,Clear,20.9,0.0,10000.0
WS-CENTRAL,21/02/2025,13:00,CLEAR,22.5,0.0,10000.0
WS-CENTRAL,21/02/2025,14:00,Clear,22.2,0.0,10000.0
WS-CENTRAL,21/02/2025,15:00,clear,20.9,0.0,10000.0
WS-CENTRAL,21/02/2025,16:00,CLEAR,20.7,0.0,10000.0
WS-CENTRAL,21/02/2025,17:00,CLEAR,23.6,0.0,10000.0
WS-CENTRAL,21/02/2025,18:00,clear,20.0,0.0,10000.0
WS-CENTRAL,21/02/2025,19:00,Clear,20.2,0.0,10000.0
WS-CENTRAL,21/02/2025,20:00,Clear,18.3,0.0,10000.0
WS-CENTRAL,21/02/2025,21:00,Clear,15.9,0.0,10000.0
WS-CENTRAL,21/02/2025,22:00,clear,14.2,0.0,10000.0
WS-CENTRAL,21/02/2025,23:00,Clear,13.1,0.0,10000.0
WS-CENTRAL,22/02/2025,00:00,Overcast,12.9,0.0,10000.0
WS-CENTRAL,22/02/2025,01:00,cloudy,11.9,0.0,10000.0
WS-CENTRAL,22/02/2025,02:00,Cloudy,10.6,0.0,10000.0
WS-CENTRAL,22/02/2025,03:00,Clear,10.4,0.0,10000.0
WS-CENTRAL,22/02/2025,04:00,Clear,11.6,0.0,10000.0
WS-CENTRAL,22/02/2025,05:00,Clear,11.2,0.0,10000.0
WS-CENTRAL,22/02/2025,06:00,Clear,13.9,0.0,10000.0
WS-CENTRAL,22/02/2025,07:00,clear,15.8,0.0,10000.0
WS-CENTRAL,22/02/2025,08:00,Clear,14.1,0.0,10000.0
WS-CENTRAL,22/02/2025,09:00,Clear,16.4,0.0,10000.0
WS-CENTRAL,22/02/2025,10:00,Clear,16.9,0.0,10000.0
WS-CENTRAL,22/02/2025,11:00,clear,18.6,0.0,10000.0
WS-CENTRAL,22/02/2025,12:00,Clear,19.9,0.0,10000.0
WS-CENTRAL,22/02/2025,13:00,Clear,19.7,0.0,10000.0
WS-CENTRAL,22/02/2025,14:00,Clear,21.7,0.0,10000.0
WS-CENTRAL,22/02/2025,15:00,Clear,20.9,0.0,10000.0
WS-CENTRAL,22/02/2025,16:00,Clear,23.6,0.0,10000.0
WS-CENTRAL,22/02/2025,17:00,Clear,20.4,0.0,10000.0
WS-CENTRAL,22/02/2025,18:00,CLEAR,19.8,0.0,10000.0
WS-CENTRAL,22/02/2025,19:00,Clear,19.7,0.0,10000.0
WS-CENTRAL,22/02/2025,20:00,Clear,20.2,0.0,
WS-CENTRAL,22/02/2025,21:00,Clear,16.2,0.0,10000.0
WS-CENTRAL,22/02/2025,22:00,Clear,17.7,0.0,10000.0
WS-CENTRAL,22/02/2025,23:00,Clear,14.8,0.0,10000.0
WS-CENTRAL,23/02/2025,00:00,Clear,,0.0,10000.0
WS-CENTRAL,23/02/2025,01:00,Clear,10.5,0.0,10000.0
WS-CENTRAL,23/02/2025,02:00,Clear,13.8,0.0,10000.0
WS-CENTRAL,23/02/2025,03:00,Clear,11.8,0.0,10000.0
WS-CENTRAL,23/02/2025,04:00,Fog,11.8,0.0,1148.0
WS-CENTRAL,23/02/2025,05:00,Clear,11.9,0.0,10000.0
WS-CENTRAL,23/02/2025,06:00,Rain,12.4,5.7,2371.0
WS-CENTRAL,23/02/2025,07:00,clear,11.9,0.0,10000.0
WS-CENTRAL,23/02/2025,08:00,Clear,16.8,0.0,10000.0
WS-CENTRAL,23/02/2025,09:00,Cloudy,17.9,0.0,10000.0
WS-CENTRAL,23/02/2025,10:00,Cloudy,18.9,0.0,10000.0
WS-CENTRAL,23/02/2025,11:00,Cloudy,19.0,0.0,10000.0
WS-CENTRAL,23/02/2025,12:00,Cloudy,21.8,0.0,10000.0
WS-CENTRAL,23/02/2025,13:00,Cloudy,19.9,0.0,10000.0
WS-CENTRAL,23/02/2025,14:00,Overcast,22.1,0.0,10000.0
WS-CENTRAL,23/02/2025,15:00,CLEAR,24.1,0.0,10000.0
WS-CENTRAL,23/02/2025,16:00,Cloudy,,0.0,10000.0
WS-CENTRAL,23/02/2025,17:00,cloudy,21.0,0.0,10000.0
WS-CENTRAL,23/02/2025,18:00,Overcast,20.3,0.0,10000.0
WS-CENTRAL,23/02/2025,19:00,Cloudy,20.8,0.0,10000.0
WS-CENTRAL,23/02/2025,20:00,Cloudy,18.9,0.0,10000.0
WS-CENTRAL,23/02/2025,21:00,Cloudy,16.0,0.0,10000.0
WS-CENTRAL,23/02/2025,22:00,Cloudy,15.0,0.0,10000.0
WS-CENTRAL,23/02/2025,23:00,Clear,17.0,0.0,10000.0
WS-CENTRAL,24/02/2025,00:00,CLEAR,13.9,0.0,10000.0
WS-CENTRAL,24/02/2025,01:00,CLEAR,15.3,0.0,10000.0
WS-CENTRAL,24/02/2025,02:00,clear,12.8,0.0,10000.0
WS-CENTRAL,24/02/2025,03:00,Clear,12.4,0.0,10000.0
WS-CENTRAL,24/02/2025,04:00,Clear,13.6,0.0,10000.0
WS-CENTRAL,24/02/2025,05:00,Clear,12.6,0.0,10000.0
WS-CENTRAL,24/02/2025,06:00,Clear,14.7,0.0,10000.0
WS-CENTRAL,24/02/2025,07:00,Clear,15.9,0.0,10000.0
WS-CENTRAL,24/02/2025,08:00,Clear,15.2,0.0,10000.0
WS-CENTRAL,24/02/2025,09:00,CLEAR,18.8,0.0,10000.0
WS-CENTRAL,24/02/2025,10:00,Clear,19.8,0.0,10000.0
WS-CENTRAL,24/02/2025,11:00,clear,19.1,0.0,10000.0
WS-CENTRAL,24/02/2025,12:00,Clear,21.6,0.0,10000.0
WS-CENTRAL,24/02/2025,13:00,clear,22.3,0.0,10000.0
WS-CENTRAL,24/02/2025,14:00,Clear,20.5,0.0,10000.0
WS-CENTRAL,24/02/2025,15:00,Clear,21.6,0.0,10000.0
WS-CENTRAL,24/02/2025,16:00,Clear,22.0,0.0,10000.0
WS-CENTRAL,24/02/2025,17:00,Clear,21.7,0.0,10000.0
WS-CENTRAL,24/02/2025,18:00,CLEAR,18.4,0.0,10000.0
WS-CENTRAL,24/02/2025,19:00,clear,18.1,0.0,10000.0
WS-CENTRAL,24/02/2025,20:00,Cloudy,17.8,0.0,10000.0
WS-CENTRAL,24/02/2025,21:00,Cloudy,18.7,0.0,10000.0
WS-CENTRAL,24/02/2025,22:00,Cloudy,17.3,0.0,10000.0
WS-CENTRAL,24/02/2025,23:00,Cloudy,13.7,0.0,10000.0
WS-CENTRAL,25/02/2025,00:00,Overcast,13.5,0.0,10000.0
WS-CENTRAL,25/02/2025,01:00,Cloudy,12.4,0.0,10000.0
WS-CENTRAL,25/02/2025,02:00,Clear,11.7,0.0,10000.0
WS-CENTRAL,25/02/2025,03:00,Clear,11.1,0.0,10000.0
WS-CENTRAL,25/02/2025,04:00,Clear,12.5,0.0,10000.0
WS-CENTRAL,25/02/2025,05:00,FOG,,0.0,1186.0
WS-CENTRAL,25/02/2025,06:00,FOG,14.0,0.0,356.0
WS-CENTRAL,25/02/2025,07:00,Cloudy,15.5,0.0,10000.0
WS-CENTRAL,25/02/2025,08:00,CLEAR,13.9,0.0,10000.0
WS-CENTRAL,25/02/2025,09:00,clear,15.0,0.0,10000.0
WS-CENTRAL,25/02/2025,10:00,Clear,15.8,0.0,10000.0
WS-CENTRAL,25/02/2025,11:00,Clear,20.9,0.0,10000.0
WS-CENTRAL,25/02/2025,12:00,Clear,20.2,0.0,10000.0
WS-CENTRAL,25/02/2025,13:00,Clear,21.4,0.0,10000.0
WS-CENTRAL,25/02/2025,14:00,clear,22.1,0.0,10000.0
WS-CENTRAL,25/02/2025,15:00,Clear,20.8,0.0,10000.0
WS-CENTRAL,25/02/2025,16:00,Clear,22.5,0.0,10000.0
WS-CENTRAL,25/02/2025,17:00,Clear,23.2,0.0,10000.0
WS-CENTRAL,25/02/2025,18:00,Clear,21.4,0.0,10000.0
WS-CENTRAL,25/02/2025,19:00,clear,17.9,0.0,10000.0
WS-CENTRAL,25/02/2025,20:00,Clear,19.2,0.0,10000.0
WS-CENTRAL,25/02/2025,21:00,clear,16.5,0.0,10000.0
WS-CENTRAL,25/02/2025,22:00,Clear,16.0,0.0,10000.0
WS-CENTRAL,25/02/2025,23:00,Rain,14.8,1.9,4569.0
WS-CENTRAL,26/02/2025,00:00,Rain,14.1,2.4,4394.0
WS-CENTRAL,26/02/2025,01:00,rain ,11.8,5.7,1935.0
WS-CENTRAL,26/02/2025,02:00,rainy,14.1,8.9,2337.0
WS-CENTRAL,26/02/2025,03:00,rain ,10.2,1.9,4421.0
WS-CENTRAL,26/02/2025,04:00,Clear,11.3,0.0,10000.0
WS-CENTRAL,26/02/2025,05:00,Clear,10.5,0.0,10000.0
WS-CENTRAL,26/02/2025,06:00,clear,13.9,0.0,10000.0
WS-CENTRAL,26/02/2025,07:00,CLEAR,15.3,0.0,10000.0
WS-CENTRAL,26/02/2025,08:00,Clear,15.2,0.0,10000.0
WS-CENTRAL,26/02/2025,09:00,Clear,16.9,0.0,10000.0
WS-CENTRAL,26/02/2025,10:00,Clear,19.6,0.0,10000.0
WS-CENTRAL,26/02/2025,11:00,Clear,21.4,0.0,10000.0
WS-CENTRAL,26/02/2025,12:00,Clear,21.7,0.0,10000.0
WS-CENTRAL,26/02/2025,13:00,clear,21.0,0.0,10000.0
WS-CENTRAL,26/02/2025,14:00,Clear,22.2,0.0,10000.0
WS-CENTRAL,26/02/2025,15:00,Clear,21.1,0.0,10000.0
WS-CENTRAL,26/02/2025,16:00,Clear,22.3,0.0,10000.0
WS-CENTRAL,26/02/2025,17:00,CLEAR,20.0,0.0,10000.0
WS-CENTRAL,26/02/2025,18:00,CLEAR,18.2,0.0,10000.0
WS-CENTRAL,26/02/2025,19:00,Clear,19.0,0.0,10000.0
WS-CENTRAL,26/02/2025,20:00,Clear,17.2,0.0,10000.0
WS-CENTRAL,26/02/2025,21:00,Clear,17.1,0.0,10000.0
WS-CENTRAL,26/02/2025,22:00,CLEAR,16.3,0.0,10000.0
WS-CENTRAL,26/02/2025,23:00,CLEAR,16.2,0.0,10000.0
WS-CENTRAL,27/02/2025,00:00,Clear,14.9,0.0,10000.0
WS-CENTRAL,27/02/2025,01:00,Clear,13.8,0.0,10000.0
WS-CENTRAL,27/02/2025,02:00,Clear,11.7,0.0,10000.0
WS-CENTRAL,27/02/2025,03:00,Clear,9.5,0.0,10000.0
WS-CENTRAL,27/02/2025,04:00,Clear,11.7,0.0,10000.0
WS-CENTRAL,27/02/2025,05:00,Clear,11.9,0.0,10000.0
WS-CENTRAL,27/02/2025,06:00,Clear,13.5,0.0,10000.0
WS-CENTRAL,27/02/2025,07:00,Clear,12.4,0.0,10000.0
WS-CENTRAL,27/02/2025,08:00,Clear,16.2,0.0,10000.0
WS-CENTRAL,27/02/2025,09:00,Clear,17.2,0.0,10000.0
WS-CENTRAL,27/02/2025,10:00,CLEAR,17.8,0.0,10000.0
WS-CENTRAL,27/02/2025,11:00,clear,20.0,0.0,10000.0
WS-CENTRAL,27/02/2025,12:00,Clear,18.0,0.0,10000.0
WS-CENTRAL,27/02/2025,13:00,Rain,22.5,1.3,3215.0
WS-CENTRAL,27/02/2025,14:00,Rain,22.7,6.1,4951.0
WS-CENTRAL,27/02/2025,15:00,Rain,21.8,7.8,3447.0
WS-CENTRAL,27/02/2025,16:00,rain ,19.1,7.4,2893.0
WS-CENTRAL,27/02/2025,17:00,Rain,23.0,4.2,4001.0
WS-CENTRAL,27/02/2025,18:00,clear,20.2,0.0,10000.0
WS-CENTRAL,27/02/2025,19:00,Clear,21.0,0.0,10000.0
WS-CENTRAL,27/02/2025,20:00,CLEAR,18.7,0.0,10000.0
WS-CENTRAL,27/02/2025,21:00,Clear,16.2,0.0,10000.0
WS-CENTRAL,27/02/2025,22:00,clear,16.2,0.0,10000.0
WS-CENTRAL,27/02/2025,23:00,CLEAR,16.3,0.0,10000.0
WS-CENTRAL,28/02/2025,00:00,Clear,10.0,0.0,10000.0
WS-CENTRAL,28/02/2025,01:00,Clear,14.9,0.0,10000.0
WS-CENTRAL,28/02/2025,02:00,Clear,12.4,0.0,10000.0
WS-CENTRAL,28/02/2025,03:00,Clear,12.7,0.0,10000.0
WS-CENTRAL,28/02/2025,04:00,Clear,12.7,0.0,10000.0
WS-CENTRAL,28/02/2025,05:00,CLEAR,13.3,0.0,10000.0
WS-CENTRAL,28/02/2025,06:00,Clear,13.2,0.0,10000.0
WS-CENTRAL,28/02/2025,07:00,clear,14.6,0.0,10000.0
WS-CENTRAL,28/02/2025,08:00,Clear,16.7,0.0,10000.0
WS-CENTRAL,28/02/2025,09:00,Clear,19.0,0.0,10000.0
WS-CENTRAL,28/02/2025,10:00,Clear,15.2,0.0,10000.0
WS-CENTRAL,28/02/2025,11:00,clear,21.0,0.0,10000.0
WS-CENTRAL,28/02/2025,12:00,Clear,20.3,0.0,10000.0
WS-CENTRAL,28/02/2025,13:00,Clear,21.0,0.0,10000.0
WS-CENTRAL,28/02/2025,14:00,Clear,21.2,0.0,10000.0
WS-CENTRAL,28/02/2025,15:00,Clear,24.1,0.0,10000.0
WS-CENTRAL,28/02/2025,16:00,Clear,21.2,0.0,10000.0
WS-CENTRAL,28/02/2025,17:00,Clear,20.9,0.0,10000.0
WS-CENTRAL,28/02/2025,18:00,clear,20.3,0.0,10000.0
WS-CENTRAL,28/02/2025,19:00,clear,20.4,0.0,10000.0
WS-CENTRAL,28/02/2025,20:00,Cloudy,17.9,0.0,10000.0
WS-CENTRAL,28/02/2025,21:00,Cloudy,17.8,0.0,10000.0
WS-CENTRAL,28/02/2025,22:00,Rain,13.8,3.4,2422.0
WS-CENTRAL,28/02/2025,23:00,Rain,12.7,8.4,3345.0
WS-CENTRAL,01/03/2025,00:00,Rain,12.7,8.1,4206.0
WS-CENTRAL,01/03/2025,01:00,Rain,13.3,8.5,4129.0
WS-CENTRAL,01/03/2025,02:00,RAIN,13.0,2.6,2568.0
WS-CENTRAL,01/03/2025,03:00,clear,11.1,0.0,10000.0
WS-CENTRAL,01/03/2025,04:00,Clear,10.8,0.0,10000.0
WS-CENTRAL,01/03/2025,05:00,clear,11.5,0.0,10000.0
WS-CENTRAL,01/03/2025,06:00,Cloudy,13.3,0.0,10000.0
WS-CENTRAL,01/03/2025,07:00,cloudy,16.9,0.0,10000.0
WS-CENTRAL,01/03/2025,08:00,Cloudy,16.0,0.0,10000.0
WS-CENTRAL,01/03/2025,09:00,Cloudy,16.7,0.0,
WS-CENTRAL,01/03/2025,10:00,Overcast,16.9,0.0,10000.0
WS-CENTRAL,01/03/2025,11:00,CLEAR,18.7,0.0,10000.0
WS-CENTRAL,01/03/2025,12:00,Clear,20.5,0.0,10000.0
WS-CENTRAL,01/03/2025,13:00,Cloudy,19.3,0.0,10000.0
WS-CENTRAL,01/03/2025,14:00,Cloudy,20.8,0.0,10000.0
WS-CENTRAL,01/03/2025,15:00,Cloudy,21.7,0.0,10000.0
WS-CENTRAL,01/03/2025,16:00,cloudy,21.0,0.0,10000.0
WS-CENTRAL,01/03/2025,17:00,Cloudy,20.8,0.0,10000.0
WS-CENTRAL,01/03/2025,18:00,Clear,21.9,0.0,10000.0
WS-CENTRAL,01/03/2025,19:00,Clear,21.1,0.0,10000.0
WS-CENTRAL,01/03/2025,20:00,Clear,16.5,0.0,10000.0
WS-CENTRAL,01/03/2025,21:00,Clear,16.4,0.0,10000.0
WS-CENTRAL,01/03/2025,22:00,Overcast,16.8,0.0,10000.0
WS-CENTRAL,01/03/2025,23:00,Cloudy,12.9,0.0,10000.0
WS-CENTRAL,02/03/2025,00:00,Cloudy,14.8,0.0,10000.0
WS-CENTRAL,02/03/2025,01:00,Clear,12.4,0.0,10000.0
WS-CENTRAL,02/03/2025,02:00,Clear,11.3,0.0,10000.0
WS-CENTRAL,02/03/2025,03:00,clear,13.3,0.0,10000.0
WS-CENTRAL,02/03/2025,04:00,Clear,11.7,0.0,10000.0
WS-CENTRAL,02/03/2025,05:00,Clear,13.0,0.0,10000.0
WS-CENTRAL,02/03/2025,06:00,Clear,12.1,0.0,10000.0
WS-CENTRAL,02/03/2025,07:00,CLEAR,18.0,0.0,10000.0
WS-CENTRAL,02/03/2025,08:00,Clear,16.5,0.0,10000.0
WS-CENTRAL,02/03/2025,09:00,rainy,16.3,0.9,4798.0
WS-CENTRAL,02/03/2025,10:00,CLEAR,20.0,0.0,10000.0
WS-CENTRAL,02/03/2025,11:00,Clear,20.5,0.0,10000.0
WS-CENTRAL,02/03/2025,12:00,Clear,20.6,0.0,10000.0
WS-CENTRAL,02/03/2025,13:00,CLEAR,21.5,0.0,10000.0
WS-CENTRAL,02/03/2025,14:00,CLEAR,21.6,0.0,10000.0
WS-CENTRAL,02/03/2025,15:00,CLEAR,21.9,0.0,10000.0
WS-CENTRAL,02/03/2025,16:00,Clear,23.3,0.0,10000.0
WS-CENTRAL,02/03/2025,17:00,Clear,22.0,0.0,10000.0
WS-CENTRAL,02/03/2025,18:00,CLEAR,20.9,0.0,10000.0
WS-CENTRAL,02/03/2025,19:00,Clear,20.5,0.0,10000.0
WS-CENTRAL,02/03/2025,20:00,Clear,19.0,0.0,10000.0
WS-CENTRAL,02/03/2025,21:00,CLEAR,19.3,0.0,10000.0
WS-CENTRAL,02/03/2025,22:00,Clear,15.7,0.0,10000.0
WS-CENTRAL,02/03/2025,23:00,Clear,15.4,0.0,10000.0
WS-CENTRAL,03/03/2025,00:00,clear,13.2,0.0,10000.0
WS-CENTRAL,03/03/2025,01:00,Clear,12.2,0.0,10000.0
WS-CENTRAL,03/03/2025,02:00,Clear,11.6,0.0,10000.0
WS-CENTRAL,03/03/2025,03:00,Clear,14.0,0.0,10000.0
WS-CENTRAL,03/03/2025,04:00,Fog,13.9,0.0,712.0
WS-CENTRAL,03/03/2025,05:00,Fog,11.0,0.0,970.0
WS-CENTRAL,03/03/2025,06:00,Cloudy,15.3,0.0,10000.0
WS-CENTRAL,03/03/2025,07:00,Cloudy,13.3,0.0,10000.0
WS-CENTRAL,03/03/2025,08:00,cloudy,15.2,0.0,10000.0
WS-CENTRAL,03/03/2025,09:00,cloudy,16.2,0.0,10000.0
WS-CENTRAL,03/03/2025,10:00,Cloudy,19.1,0.0,10000.0
WS-CENTRAL,03/03/2025,11:00,CLEAR,19.6,0.0,10000.0
WS-CENTRAL,03/03/2025,12:00,Clear,19.5,0.0,10000.0
WS-CENTRAL,03/03/2025,13:00,Clear,22.0,0.0,10000.0
WS-CENTRAL,03/03/2025,14:00,Clear,21.8,0.0,10000.0
WS-CENTRAL,03/03/2025,15:00,Clear,20.9,0.0,10000.0
WS-CENTRAL,03/03/2025,16:00,Clear,22.8,0.0,10000.0
WS-CENTRAL,03/03/2025,17:00,Clear,21.2,0.0,10000.0
WS-CENTRAL,03/03/2025,18:00,Clear,20.9,0.0,10000.0
WS-CENTRAL,03/03/2025,19:00,clear,19.8,0.0,10000.0
WS-CENTRAL,03/03/2025,20:00,Clear,19.2,0.0,10000.0
WS-CENTRAL,03/03/2025,21:00,Clear,16.6,0.0,10000.0
WS-CENTRAL,03/03/2025,22:00,clear,15.8,0.0,10000.0
WS-CENTRAL,03/03/2025,23:00,Clear,14.0,0.0,10000.0
WS-CENTRAL,04/03/2025,00:00,Clear,12.7,0.0,10000.0
WS-CENTRAL,04/03/2025,01:00,Clear,13.7,0.0,10000.0
WS-CENTRAL,04/03/2025,02:00,clear,13.5,0.0,10000.0
WS-CENTRAL,04/03/2025,03:00,Clear,11.5,0.0,
WS-CENTRAL,04/03/2025,04:00,Clear,13.0,0.0,10000.0
WS-CENTRAL,04/03/2025,05:00,Clear,12.1,0.0,10000.0
WS-CENTRAL,04/03/2025,06:00,Clear,12.9,0.0,10000.0
WS-CENTRAL,04/03/2025,07:00,CLEAR,15.6,0.0,10000.0
WS-CENTRAL,04/03/2025,08:00,Clear,16.4,0.0,10000.0
WS-CENTRAL,04/03/2025,09:00,Clear,17.6,0.0,10000.0
WS-CENTRAL,04/03/2025,10:00,Clear,19.6,0.0,10000.0
WS-CENTRAL,04/03/2025,11:00,Clear,21.3,0.0,10000.0
WS-CENTRAL,04/03/2025,12:00,Clear,19.6,0.0,10000.0
WS-CENTRAL,04/03/2025,13:00,Clear,23.2,0.0,10000.0
WS-CENTRAL,04/03/2025,14:00,Clear,23.1,0.0,10000.0
WS-CENTRAL,04/03/2025,15:00,Clear,19.5,0.0,10000.0
WS-CENTRAL,04/03/2025,16:00,Clear,20.7,0.0,10000.0
WS-CENTRAL,04/03/2025,17:00,clear,23.7,0.0,10000.0
WS-CENTRAL,04/03/2025,18:00,CLEAR,22.5,0.0,10000.0
WS-CENTRAL,04/03/2025,19:00,CLEAR,20.0,0.0,10000.0
WS-CENTRAL,04/03/2025,20:00,clear,19.2,0.0,10000.0
WS-CENTRAL,04/03/2025,21:00,Clear,16.3,0.0,10000.0
WS-CENTRAL,04/03/2025,22:00,Clear,17.4,0.0,10000.0
WS-CENTRAL,04/03/2025,23:00,Clear,14.8,0.0,10000.0
WS-CENTRAL,05/03/2025,00:00,Clear,14.2,0.0,10000.0
WS-CENTRAL,05/03/2025,01:00,Clear,12.2,0.0,10000.0
WS-CENTRAL,05/03/2025,02:00,Clear,13.3,0.0,10000.0
WS-CENTRAL,05/03/2025,03:00,RAIN,13.4,5.6,2438.0
WS-CENTRAL,05/03/2025,04:00,Rain,13.3,5.2,1952.0
WS-CENTRAL,05/03/2025,05:00,Rain,13.0,3.5,3682.0
WS-CENTRAL,05/03/2025,06:00,CLEAR,13.2,0.0,10000.0
WS-CENTRAL,05/03/2025,07:00,clear,15.5,0.0,10000.0
WS-CENTRAL,05/03/2025,08:00,clear,14.6,0.0,10000.0
WS-CENTRAL,05/03/2025,09:00,Clear,19.6,0.0,10000.0
WS-CENTRAL,05/03/2025,10:00,Clear,17.7,0.0,10000.0
WS-CENTRAL,05/03/2025,11:00,Clear,20.8,0.0,10000.0
WS-CENTRAL,05/03/2025,12:00,Clear,20.7,0.0,10000.0
WS-CENTRAL,05/03/2025,13:00,Cloudy,21.9,0.0,10000.0
WS-CENTRAL,05/03/2025,14:00,Cloudy,23.0,0.0,10000.0
WS-CENTRAL,05/03/2025,15:00,Cloudy,23.2,0.0,10000.0
WS-CENTRAL,05/03/2025,16:00,clear,19.3,0.0,10000.0
WS-CENTRAL,05/03/2025,17:00,Clear,22.6,0.0,10000.0
WS-CENTRAL,05/03/2025,18:00,Clear,20.2,0.0,10000.0
WS-CENTRAL,05/03/2025,19:00,Clear,20.0,0.0,10000.0
WS-CENTRAL,05/03/2025,20:00,Clear,20.1,0.0,10000.0
WS-CENTRAL,05/03/2025,21:00,Clear,18.3,0.0,10000.0
WS-CENTRAL,05/03/2025,22:00,Clear,15.5,0.0,10000.0
WS-CENTRAL,05/03/2025,23:00,Clear,15.2,0.0,10000.0
WS-CENTRAL,06/03/2025,00:00,Clear,14.8,0.0,10000.0
WS-CENTRAL,06/03/2025,01:00,CLEAR,12.8,0.0,10000.0
WS-CENTRAL,06/03/2025,02:00,clear,12.6,0.0,10000.0
WS-CENTRAL,06/03/2025,03:00,CLEAR,11.1,0.0,10000.0
WS-CENTRAL,06/03/2025,04:00,Cloudy,12.6,0.0,10000.0
WS-CENTRAL,06/03/2025,05:00,cloudy,14.3,0.0,10000.0
WS-CENTRAL,06/03/2025,06:00,Overcast,14.0,0.0,10000.0
WS-CENTRAL,06/03/2025,07:00,Clear,13.4,0.0,10000.0
WS-CENTRAL,06/03/2025,08:00,clear,15.8,0.0,10000.0
WS-CENTRAL,06/03/2025,09:00,Clear,16.3,0.0,10000.0
WS-CENTRAL,06/03/2025,10:00,Rain,16.4,1.6,2308.0
WS-CENTRAL,06/03/2025,11:00,Rain,21.5,4.8,3360.0
WS-CENTRAL,06/03/2025,12:00,RAIN,19.8,5.6,3326.0
WS-CENTRAL,06/03/2025,13:00,rain ,22.6,1.0,3565.0
WS-CENTRAL,06/03/2025,14:00,Rain,20.4,3.8,3255.0
WS-CENTRAL,06/03/2025,15:00,CLEAR,22.5,0.0,10000.0
WS-CENTRAL,06/03/2025,16:00,Cloudy,21.2,0.0,10000.0
WS-CENTRAL,06/03/2025,17:00,Cloudy,20.9,0.0,10000.0
WS-CENTRAL,06/03/2025,18:00,Cloudy,20.1,0.0,10000.0
WS-CENTRAL,06/03/2025,19:00,Cloudy,19.9,0.0,10000.0
WS-CENTRAL,06/03/2025,20:00,Cloudy,19.5,0.0,10000.0
WS-CENTRAL,06/03/2025,21:00,clear,16.8,0.0,10000.0
WS-CENTRAL,06/03/2025,22:00,Clear,14.2,0.0,10000.0
WS-CENTRAL,06/03/2025,23:00,Cloudy,13.1,0.0,10000.0
WS-CENTRAL,07/03/2025,00:00,Cloudy,14.6,0.0,10000.0
WS-CENTRAL,07/03/2025,01:00,Cloudy,12.9,0.0,10000.0
WS-CENTRAL,07/03/2025,02:00,Cloudy,12.3,0.0,10000.0
WS-CENTRAL,07/03/2025,03:00,Clear,13.0,0.0,10000.0
WS-CENTRAL,07/03/2025,04:00,Clear,12.1,0.0,10000.0
WS-CENTRAL,07/03/2025,05:00,Clear,13.5,0.0,10000.0
WS-CENTRAL,07/03/2025,06:00,Clear,14.5,0.0,10000.0
WS-CENTRAL,07/03/2025,07:00,Cloudy,16.9,0.0,10000.0
WS-CENTRAL,07/03/2025,08:00,Cloudy,16.9,0.0,10000.0
WS-CENTRAL,07/03/2025,09:00,Cloudy,14.5,0.0,10000.0
WS-CENTRAL,07/03/2025,10:00,Cloudy,20.1,0.0,10000.0
WS-CENTRAL,07/03/2025,11:00,cloudy,19.7,0.0,10000.0
WS-CENTRAL,07/03/2025,12:00,Overcast,22.1,0.0,10000.0
WS-CENTRAL,07/03/2025,13:00,Clear,21.6,0.0,10000.0
WS-CENTRAL,07/03/2025,14:00,Cloudy,21.0,0.0,10000.0
WS-CENTRAL,07/03/2025,15:00,Cloudy,22.1,0.0,10000.0
WS-CENTRAL,07/03/2025,16:00,Overcast,22.2,0.0,10000.0
WS-CENTRAL,07/03/2025,17:00,Overcast,22.4,0.0,10000.0
WS-CENTRAL,07/03/2025,18:00,Cloudy,20.6,0.0,10000.0
WS-CENTRAL,07/03/2025,19:00,Cloudy,20.6,0.0,10000.0
WS-CENTRAL,07/03/2025,20:00,Clear,18.7,0.0,10000.0
WS-CENTRAL,07/03/2025,21:00,CLEAR,15.3,0.0,10000.0
WS-CENTRAL,07/03/2025,22:00,Clear,15.0,0.0,10000.0
WS-CENTRAL,07/03/2025,23:00,Clear,14.6,0.0,10000.0
WS-CENTRAL,08/03/2025,00:00,Rain,14.2,3.5,3791.0
WS-CENTRAL,08/03/2025,01:00,Rain,15.0,1.8,4595.0
WS-CENTRAL,08/03/2025,02:00,Rain,11.7,2.0,4509.0
WS-CENTRAL,08/03/2025,03:00,Rain,13.5,3.6,4981.0
WS-CENTRAL,08/03/2025,04:00,CLEAR,12.2,0.0,10000.0
WS-CENTRAL,08/03/2025,05:00,FOG,14.2,0.0,649.0
WS-CENTRAL,08/03/2025,06:00,Clear,14.2,0.0,10000.0
WS-CENTRAL,08/03/2025,07:00,Clear,14.7,0.0,10000.0
WS-CENTRAL,08/03/2025,08:00,Clear,14.9,0.0,10000.0
WS-CENTRAL,08/03/2025,09:00,CLEAR,16.8,0.0,10000.0
WS-CENTRAL,08/03/2025,10:00,Clear,19.4,0.0,10000.0
WS-CENTRAL,08/03/2025,11:00,Clear,19.0,0.0,10000.0
WS-CENTRAL,08/03/2025,12:00,Clear,21.8,0.0,10000.0
WS-CENTRAL,08/03/2025,13:00,CLEAR,22.5,0.0,10000.0
WS-CENTRAL,08/03/2025,14:00,Clear,20.4,0.0,10000.0
WS-CENTRAL,08/03/2025,15:00,CLEAR,21.7,0.0,10000.0
WS-CENTRAL,08/03/2025,16:00,Clear,21.8,0.0,10000.0
WS-CENTRAL,08/03/2025,17:00,clear,21.4,0.0,10000.0
WS-CENTRAL,08/03/2025,18:00,Clear,21.1,0.0,10000.0
WS-CENTRAL,08/03/2025,19:00,Clear,19.4,0.0,10000.0
WS-CENTRAL,08/03/2025,20:00,Clear,18.2,0.0,10000.0
WS-CENTRAL,08/03/2025,21:00,Clear,16.7,0.0,10000.0
WS-CENTRAL,08/03/2025,22:00,CLEAR,17.1,0.0,10000.0
WS-CENTRAL,08/03/2025,23:00,Clear,16.4,0.0,10000.0
WS-CENTRAL,09/03/2025,00:00,Clear,14.1,0.0,10000.0
WS-CENTRAL,09/03/2025,01:00,Clear,14.4,0.0,10000.0
WS-CENTRAL,09/03/2025,02:00,clear,13.1,0.0,10000.0
WS-CENTRAL,09/03/2025,03:00,CLEAR,11.7,0.0,10000.0
WS-CENTRAL,09/03/2025,04:00,Clear,11.5,0.0,10000.0
WS-CENTRAL,09/03/2025,05:00,Clear,11.9,0.0,10000.0
WS-CENTRAL,09/03/2025,06:00,clear,13.1,0.0,10000.0
WS-CENTRAL,09/03/2025,07:00,Clear,13.7,0.0,10000.0
WS-CENTRAL,09/03/2025,08:00,Clear,17.1,0.0,
WS-CENTRAL,09/03/2025,09:00,Clear,18.3,0.0,10000.0
WS-CENTRAL,09/03/2025,10:00,Clear,19.1,0.0,10000.0
WS-CENTRAL,09/03/2025,11:00,CLEAR,20.8,0.0,10000.0
WS-CENTRAL,09/03/2025,12:00,Clear,21.2,0.0,10000.0
WS-CENTRAL,09/03/2025,13:00,clear,22.7,0.0,10000.0
WS-CENTRAL,09/03/2025,14:00,Clear,21.8,0.0,10000.0
WS-CENTRAL,09/03/2025,15:00,Clear,21.0,0.0,10000.0
WS-CENTRAL,09/03/2025,16:00,Clear,21.5,0.0,10000.0
WS-CENTRAL,09/03/2025,17:00,Clear,21.8,0.0,10000.0
WS-CENTRAL,09/03/2025,18:00,clear,24.3,0.0,10000.0
WS-CENTRAL,09/03/2025,19:00,Clear,22.4,0.0,10000.0
WS-CENTRAL,09/03/2025,20:00,Clear,20.4,0.0,10000.0
WS-CENTRAL,09/03/2025,21:00,Clear,18.2,0.0,10000.0
WS-CENTRAL,09/03/2025,22:00,CLEAR,16.1,0.0,10000.0
WS-CENTRAL,09/03/2025,23:00,Clear,14.7,0.0,10000.0
WS-CENTRAL,10/03/2025,00:00,CLEAR,15.3,0.0,10000.0
WS-CENTRAL,10/03/2025,01:00,Clear,13.4,0.0,10000.0
WS-CENTRAL,10/03/2025,02:00,Clear,12.6,0.0,10000.0
WS-CENTRAL,10/03/2025,03:00,Clear,11.5,0.0,10000.0
WS-CENTRAL,10/03/2025,04:00,clear,11.9,0.0,10000.0
WS-CENTRAL,10/03/2025,05:00,Clear,14.0,0.0,10000.0
WS-CENTRAL,10/03/2025,06:00,CLEAR,14.8,0.0,10000.0
WS-CENTRAL,10/03/2025,07:00,Clear,12.7,0.0,10000.0
WS-CENTRAL,10/03/2025,08:00,Clear,17.9,0.0,10000.0
WS-CENTRAL,10/03/2025,09:00,Clear,16.7,0.0,10000.0
WS-CENTRAL,10/03/2025,10:00,Clear,17.7,0.0,10000.0
WS-CENTRAL,10/03/2025,11:00,clear,20.7,0.0,10000.0
WS-CENTRAL,10/03/2025,12:00,Clear,19.6,0.0,10000.0
WS-CENTRAL,10/03/2025,13:00,clear,21.7,0.0,10000.0
WS-CENTRAL,10/03/2025,14:00,Clear,22.4,0.0,10000.0
WS-CENTRAL,10/03/2025,15:00,Clear,21.8,0.0,10000.0
WS-CENTRAL,10/03/2025,16:00,Clear,21.2,0.0,10000.0
WS-CENTRAL,10/03/2025,17:00,CLEAR,22.2,0.0,10000.0
WS-CENTRAL,10/03/2025,18:00,clear,18.4,0.0,10000.0
WS-CENTRAL,10/03/2025,19:00,Clear,20.6,0.0,10000.0
WS-CENTRAL,10/03/2025,20:00,Clear,16.6,0.0,10000.0
WS-CENTRAL,10/03/2025,21:00,Cloudy,15.9,0.0,10000.0
WS-CENTRAL,10/03/2025,22:00,Overcast,17.6,0.0,10000.0
WS-CENTRAL,10/03/2025,23:00,Cloudy,14.3,0.0,10000.0
WS-CENTRAL,11/03/2025,00:00,Clear,14.2,0.0,10000.0
WS-CENTRAL,11/03/2025,01:00,Clear,13.8,0.0,10000.0
WS-CENTRAL,11/03/2025,02:00,Clear,,0.0,10000.0
WS-CENTRAL,11/03/2025,03:00,Cloudy,12.5,0.0,10000.0
WS-CENTRAL,11/03/2025,04:00,Cloudy,14.0,0.0,10000.0
WS-CENTRAL,11/03/2025,05:00,cloudy,14.5,0.0,10000.0
WS-CENTRAL,11/03/2025,06:00,Cloudy,15.9,0.0,10000.0
WS-CENTRAL,11/03/2025,07:00,Cloudy,13.4,0.0,10000.0
WS-CENTRAL,11/03/2025,08:00,Cloudy,15.4,0.0,10000.0
WS-CENTRAL,11/03/2025,09:00,Cloudy,15.7,0.0,10000.0
WS-CENTRAL,11/03/2025,10:00,Clear,21.0,0.0,10000.0
WS-CENTRAL,11/03/2025,11:00,Overcast,21.3,0.0,10000.0
WS-CENTRAL,11/03/2025,12:00,Cloudy,24.2,0.0,10000.0
WS-CENTRAL,11/03/2025,13:00,Cloudy,24.0,0.0,10000.0
WS-CENTRAL,11/03/2025,14:00,Overcast,23.2,0.0,10000.0
WS-CENTRAL,11/03/2025,15:00,Clear,22.8,0.0,10000.0
WS-CENTRAL,11/03/2025,16:00,CLEAR,23.7,0.0,10000.0
WS-CENTRAL,11/03/2025,17:00,Clear,23.5,0.0,10000.0
WS-CENTRAL,11/03/2025,18:00,Clear,19.9,0.0,10000.0
WS-CENTRAL,11/03/2025,19:00,Clear,20.5,0.0,10000.0
WS-CENTRAL,11/03/2025,20:00,Clear,17.2,0.0,10000.0
WS-CENTRAL,11/03/2025,21:00,Clear,16.8,0.0,10000.0
WS-CENTRAL,11/03/2025,22:00,Clear,15.8,0.0,10000.0
WS-CENTRAL,11/03/2025,23:00,Clear,,0.0,10000.0
WS-CENTRAL,12/03/2025,00:00,Cloudy,14.1,0.0,10000.0
WS-CENTRAL,12/03/2025,01:00,Cloudy,12.2,0.0,10000.0
WS-CENTRAL,12/03/2025,02:00,Cloudy,12.1,0.0,10000.0
WS-CENTRAL,12/03/2025,03:00,cloudy,11.2,0.0,10000.0
WS-CENTRAL,12/03/2025,04:00,Clear,10.1,0.0,10000.0
WS-CENTRAL,12/03/2025,05:00,Clear,14.3,0.0,10000.0
WS-CENTRAL,12/03/2025,06:00,Clear,15.0,0.0,10000.0
WS-CENTRAL,12/03/2025,07:00,Clear,13.5,0.0,10000.0
WS-CENTRAL,12/03/2025,08:00,cloudy,15.8,0.0,10000.0
WS-CENTRAL,12/03/2025,09:00,cloudy,16.8,0.0,10000.0
WS-CENTRAL,12/03/2025,10:00,Cloudy,17.8,0.0,10000.0
WS-CENTRAL,12/03/2025,11:00,Clear,19.2,0.0,10000.0
WS-CENTRAL,12/03/2025,12:00,Clear,22.1,0.0,10000.0
WS-CENTRAL,12/03/2025,13:00,Clear,22.5,0.0,10000.0
WS-CENTRAL,12/03/2025,14:00,Clear,22.6,0.0,10000.0
WS-CENTRAL,12/03/2025,15:00,clear,25.0,0.0,10000.0
WS-CENTRAL,12/03/2025,16:00,Clear,24.9,0.0,10000.0
WS-CENTRAL,12/03/2025,17:00,Clear,20.3,0.0,10000.0
WS-CENTRAL,12/03/2025,18:00,Clear,18.0,0.0,10000.0
WS-CENTRAL,12/03/2025,19:00,clear,20.8,0.0,10000.0
WS-CENTRAL,12/03/2025,20:00,Clear,18.8,0.0,10000.0
WS-CENTRAL,12/03/2025,21:00,Clear,18.1,0.0,10000.0
WS-CENTRAL,12/03/2025,22:00,Clear,16.8,0.0,10000.0
WS-CENTRAL,12/03/2025,23:00,clear,16.2,0.0,10000.0
WS-CENTRAL,13/03/2025,00:00,clear,14.2,0.0,10000.0
WS-CENTRAL,13/03/2025,01:00,Clear,14.2,0.0,10000.0
WS-CENTRAL,13/03/2025,02:00,CLEAR,11.7,0.0,10000.0
WS-CENTRAL,13/03/2025,03:00,Clear,16.1,0.0,10000.0
WS-CENTRAL,13/03/2025,04:00,Clear,9.9,0.0,10000.0
WS-CENTRAL,13/03/2025,05:00,Clear,14.3,0.0,10000.0
WS-CENTRAL,13/03/2025,06:00,Clear,14.7,0.0,10000.0
WS-CENTRAL,13/03/2025,07:00,Clear,14.0,0.0,10000.0
WS-CENTRAL,13/03/2025,08:00,clear,15.6,0.0,10000.0
WS-CENTRAL,13/03/2025,09:00,Clear,17.3,0.0,10000.0
WS-CENTRAL,13/03/2025,10:00,Clear,18.9,0.0,10000.0
WS-CENTRAL,13/03/2025,11:00,CLEAR,21.6,0.0,10000.0
WS-CENTRAL,13/03/2025,12:00,CLEAR,20.0,0.0,10000.0
WS-CENTRAL,13/03/2025,13:00,clear,21.6,0.0,10000.0
WS-CENTRAL,13/03/2025,14:00,CLEAR,21.6,0.0,10000.0
WS-CENTRAL,13/03/2025,15:00,Clear,23.4,0.0,10000.0
WS-CENTRAL,13/03/2025,16:00,Clear,20.9,0.0,10000.0
WS-CENTRAL,13/03/2025,17:00,Clear,21.1,0.0,10000.0
WS-CENTRAL,13/03/2025,18:00,Clear,20.5,0.0,10000.0
WS-CENTRAL,13/03/2025,19:00,Clear,19.1,0.0,10000.0
WS-CENTRAL,13/03/2025,20:00,Clear,18.8,0.0,10000.0
WS-CENTRAL,13/03/2025,21:00,clear,17.5,0.0,10000.0
WS-CENTRAL,13/03/2025,22:00,clear,16.8,0.0,10000.0
WS-CENTRAL,13/03/2025,23:00,clear,13.8,0.0,10000.0
WS-CENTRAL,14/03/2025,00:00,Clear,14.8,0.0,10000.0
WS-CENTRAL,14/03/2025,01:00,CLEAR,14.1,0.0,10000.0
WS-CENTRAL,14/03/2025,02:00,Cloudy,11.6,0.0,10000.0
WS-CENTRAL,14/03/2025,03:00,Cloudy,11.4,0.0,10000.0
WS-CENTRAL,14/03/2025,04:00,Overcast,12.7,0.0,10000.0
WS-CENTRAL,14/03/2025,05:00,Cloudy,13.7,0.0,10000.0
WS-CENTRAL,14/03/2025,06:00,Cloudy,9.7,0.0,10000.0
WS-CENTRAL,14/03/2025,07:00,Clear,16.4,0.0,10000.0
WS-CENTRAL,14/03/2025,08:00,cloudy,17.0,0.0,10000.0
WS-CENTRAL,14/03/2025,09:00,Cloudy,16.6,0.0,10000.0
WS-CENTRAL,14/03/2025,10:00,Clear,18.1,0.0,10000.0
WS-CENTRAL,14/03/2025,11:00,Rain,22.1,0.7,3577.0
WS-CENTRAL,14/03/2025,12:00,Clear,20.0,0.0,10000.0
WS-CENTRAL,14/03/2025,13:00,Clear,20.5,0.0,10000.0
WS-CENTRAL,14/03/2025,14:00,Clear,22.5,0.0,10000.0
WS-CENTRAL,14/03/2025,15:00,Overcast,21.1,0.0,10000.0
WS-CENTRAL,14/03/2025,16:00,Cloudy,23.4,0.0,10000.0
WS-CENTRAL,14/03/2025,17:00,Cloudy,22.4,0.0,10000.0
WS-CENTRAL,14/03/2025,18:00,Cloudy,20.8,0.0,10000.0
WS-CENTRAL,14/03/2025,19:00,Cloudy,21.9,0.0,10000.0
WS-CENTRAL,14/03/2025,20:00,cloudy,,0.0,10000.0
WS-CENTRAL,14/03/2025,21:00,Clear,18.2,0.0,10000.0
WS-CENTRAL,14/03/2025,22:00,CLEAR,,0.0,10000.0
WS-CENTRAL,14/03/2025,23:00,Clear,15.3,0.0,10000.0
WS-CENTRAL,15/03/2025,00:00,Clear,14.6,0.0,10000.0
WS-CENTRAL,15/03/2025,01:00,CLEAR,12.6,0.0,10000.0
WS-CENTRAL,15/03/2025,02:00,Clear,12.8,0.0,10000.0
WS-CENTRAL,15/03/2025,03:00,Clear,14.2,0.0,10000.0
WS-CENTRAL,15/03/2025,04:00,Clear,14.0,0.0,10000.0
WS-CENTRAL,15/03/2025,05:00,Clear,13.6,0.0,10000.0
WS-CENTRAL,15/03/2025,06:00,CLEAR,15.0,0.0,10000.0
WS-CENTRAL,15/03/2025,07:00,Clear,13.7,0.0,10000.0
WS-CENTRAL,15/03/2025,08:00,Clear,16.7,0.0,10000.0
WS-CENTRAL,15/03/2025,09:00,Overcast,17.4,0.0,10000.0
WS-CENTRAL,15/03/2025,10:00,Overcast,15.2,0.0,10000.0
WS-CENTRAL,15/03/2025,11:00,cloudy,20.1,0.0,10000.0
WS-CENTRAL,15/03/2025,12:00,Cloudy,22.8,0.0,10000.0
WS-CENTRAL,15/03/2025,13:00,Overcast,23.2,0.0,10000.0
WS-CENTRAL,15/03/2025,14:00,cloudy,23.8,0.0,10000.0
WS-CENTRAL,15/03/2025,15:00,CLEAR,23.1,0.0,10000.0
WS-CENTRAL,15/03/2025,16:00,Clear,20.4,0.0,10000.0
WS-CENTRAL,15/03/2025,17:00,Clear,21.0,0.0,10000.0
WS-CENTRAL,15/03/2025,18:00,Clear,20.9,0.0,10000.0
WS-CENTRAL,15/03/2025,19:00,CLEAR,18.8,0.0,10000.0
WS-CENTRAL,15/03/2025,20:00,Cloudy,22.2,0.0,10000.0
WS-CENTRAL,15/03/2025,21:00,Overcast,17.5,0.0,10000.0
WS-CENTRAL,15/03/2025,22:00,Cloudy,16.2,0.0,10000.0
WS-CENTRAL,15/03/2025,23:00,Clear,17.1,0.0,10000.0
WS-CENTRAL,16/03/2025,00:00,CLEAR,14.5,0.0,10000.0
WS-CENTRAL,16/03/2025,01:00,Clear,14.5,0.0,10000.0
WS-CENTRAL,16/03/2025,02:00,Clear,13.3,0.0,10000.0
WS-CENTRAL,16/03/2025,03:00,Clear,12.2,0.0,10000.0
WS-CENTRAL,16/03/2025,04:00,Clear,12.6,0.0,10000.0
WS-CENTRAL,16/03/2025,05:00,Clear,16.9,0.0,10000.0
WS-CENTRAL,16/03/2025,06:00,Clear,12.7,0.0,10000.0
WS-CENTRAL,16/03/2025,07:00,CLEAR,16.0,0.0,10000.0
WS-CENTRAL,16/03/2025,08:00,Clear,18.5,0.0,10000.0
WS-CENTRAL,16/03/2025,09:00,Overcast,17.8,0.0,10000.0
WS-CENTRAL,16/03/2025,10:00,cloudy,17.0,0.0,10000.0
WS-CENTRAL,16/03/2025,11:00,Clear,20.6,0.0,10000.0
WS-CENTRAL,16/03/2025,12:00,Clear,23.4,0.0,10000.0
WS-CENTRAL,16/03/2025,13:00,Clear,23.0,0.0,10000.0
WS-CENTRAL,16/03/2025,14:00,Clear,24.2,0.0,10000.0
WS-CENTRAL,16/03/2025,15:00,CLEAR,21.7,0.0,10000.0
WS-CENTRAL,16/03/2025,16:00,Clear,23.8,0.0,10000.0
WS-CENTRAL,16/03/2025,17:00,clear,20.9,0.0,10000.0
WS-CENTRAL,16/03/2025,18:00,Clear,20.2,0.0,10000.0
WS-CENTRAL,16/03/2025,19:00,Clear,19.4,0.0,10000.0
WS-CENTRAL,16/03/2025,20:00,Cloudy,19.1,0.0,10000.0
WS-CENTRAL,16/03/2025,21:00,Cloudy,15.9,0.0,10000.0
WS-CENTRAL,16/03/2025,22:00,Cloudy,16.8,0.0,10000.0
WS-CENTRAL,16/03/2025,23:00,Cloudy,15.2,0.0,10000.0
WS-CENTRAL,17/03/2025,00:00,Cloudy,16.1,0.0,10000.0
WS-CENTRAL,17/03/2025,01:00,Cloudy,12.1,0.0,10000.0
WS-CENTRAL,17/03/2025,02:00,Clear,11.9,0.0,
WS-CENTRAL,17/03/2025,03:00,Clear,11.4,0.0,10000.0
WS-CENTRAL,17/03/2025,04:00,Clear,15.4,0.0,10000.0
WS-CENTRAL,17/03/2025,05:00,Clear,12.3,0.0,10000.0
WS-CENTRAL,17/03/2025,06:00,clear,12.7,0.0,10000.0
WS-CENTRAL,17/03/2025,07:00,clear,14.4,0.0,10000.0
WS-CENTRAL,17/03/2025,08:00,Clear,16.0,0.0,10000.0
WS-CENTRAL,17/03/2025,09:00,Clear,17.9,0.0,10000.0
WS-CENTRAL,17/03/2025,10:00,Clear,19.9,0.0,10000.0
WS-CENTRAL,17/03/2025,11:00,cloudy,20.4,0.0,
WS-CENTRAL,17/03/2025,12:00,Overcast,21.4,0.0,10000.0
WS-CENTRAL,17/03/2025,13:00,Overcast,25.4,0.0,10000.0
WS-CENTRAL,17/03/2025,14:00,Cloudy,23.3,0.0,10000.0
WS-CENTRAL,17/03/2025,15:00,Cloudy,22.7,0.0,10000.0
WS-CENTRAL,17/03/2025,16:00,Cloudy,21.7,0.0,10000.0
WS-CENTRAL,17/03/2025,17:00,cloudy,22.4,0.0,10000.0
WS-CENTRAL,17/03/2025,18:00,Clear,23.1,0.0,10000.0
WS-CENTRAL,17/03/2025,19:00,Clear,19.3,0.0,10000.0
WS-CENTRAL,17/03/2025,20:00,Clear,17.9,0.0,10000.0
WS-CENTRAL,17/03/2025,21:00,clear,20.2,0.0,10000.0
WS-CENTRAL,17/03/2025,22:00,Clear,16.3,0.0,10000.0
WS-CENTRAL,17/03/2025,23:00,CLEAR,16.9,0.0,10000.0
WS-CENTRAL,18/03/2025,00:00,Clear,14.1,0.0,10000.0
WS-CENTRAL,18/03/2025,01:00,Clear,12.9,0.0,10000.0
WS-CENTRAL,18/03/2025,02:00,Clear,12.6,0.0,10000.0
WS-CENTRAL,18/03/2025,03:00,cloudy,11.5,0.0,10000.0
WS-CENTRAL,18/03/2025,04:00,Cloudy,13.2,0.0,10000.0
WS-CENTRAL,18/03/2025,05:00,Cloudy,16.9,0.0,10000.0
WS-CENTRAL,18/03/2025,06:00,Clear,14.0,0.0,10000.0
WS-CENTRAL,18/03/2025,07:00,Clear,14.7,0.0,10000.0
WS-CENTRAL,18/03/2025,08:00,Clear,17.8,0.0,10000.0
WS-CENTRAL,18/03/2025,09:00,Clear,17.0,0.0,10000.0
WS-CENTRAL,18/03/2025,10:00,Clear,18.3,0.0,10000.0
WS-CENTRAL,18/03/2025,11:00,Clear,20.1,0.0,10000.0
WS-CENTRAL,18/03/2025,12:00,Clear,21.5,0.0,10000.0
WS-CENTRAL,18/03/2025,13:00,Clear,22.1,0.0,10000.0
WS-CENTRAL,18/03/2025,14:00,Clear,23.5,0.0,10000.0
WS-CENTRAL,18/03/2025,15:00,Rain,24.6,1.5,4662.0
WS-CENTRAL,18/03/2025,16:00,Clear,23.1,0.0,10000.0
WS-CENTRAL,18/03/2025,17:00,Clear,22.9,0.0,10000.0
WS-CENTRAL,18/03/2025,18:00,Overcast,21.7,0.0,10000.0
WS-CENTRAL,18/03/2025,19:00,Cloudy,21.8,0.0,10000.0
WS-CENTRAL,18/03/2025,20:00,Cloudy,18.3,0.0,10000.0
WS-CENTRAL,18/03/2025,21:00,Clear,17.9,0.0,10000.0
WS-CENTRAL,18/03/2025,22:00,clear,17.2,0.0,10000.0
WS-CENTRAL,18/03/2025,23:00,Clear,14.2,0.0,10000.0
WS-CENTRAL,19/03/2025,00:00,CLEAR,14.9,0.0,10000.0
WS-CENTRAL,19/03/2025,01:00,Clear,14.3,0.0,10000.0
WS-CENTRAL,19/03/2025,02:00,Clear,12.4,0.0,10000.0
WS-CENTRAL,19/03/2025,03:00,CLEAR,13.3,0.0,10000.0
WS-CENTRAL,19/03/2025,04:00,Clear,13.8,0.0,10000.0
WS-CENTRAL,19/03/2025,05:00,CLEAR,12.7,0.0,10000.0
WS-CENTRAL,19/03/2025,06:00,Clear,15.5,0.0,10000.0
WS-CENTRAL,19/03/2025,07:00,clear,16.3,0.0,10000.0
WS-CENTRAL,19/03/2025,08:00,Clear,16.7,0.0,10000.0
WS-CENTRAL,19/03/2025,09:00,Clear,17.0,0.0,10000.0
WS-CENTRAL,19/03/2025,10:00,CLEAR,19.5,0.0,10000.0
WS-CENTRAL,19/03/2025,11:00,CLEAR,21.1,0.0,10000.0
WS-CENTRAL,19/03/2025,12:00,clear,20.6,0.0,10000.0
WS-CENTRAL,19/03/2025,13:00,Clear,22.1,0.0,10000.0
WS-CENTRAL,19/03/2025,14:00,Clear,24.6,0.0,10000.0
WS-CENTRAL,19/03/2025,15:00,Clear,24.1,0.0,10000.0
WS-CENTRAL,19/03/2025,16:00,Clear,20.8,0.0,10000.0
WS-CENTRAL,19/03/2025,17:00,Cloudy,21.7,0.0,10000.0
WS-CENTRAL,19/03/2025,18:00,Cloudy,20.0,0.0,10000.0
WS-CENTRAL,19/03/2025,19:00,Cloudy,20.8,0.0,10000.0
WS-CENTRAL,19/03/2025,20:00,Overcast,19.5,0.0,10000.0
WS-CENTRAL,19/03/2025,21:00,Clear,18.5,0.0,10000.0
WS-CENTRAL,19/03/2025,22:00,CLEAR,18.6,0.0,10000.0
WS-CENTRAL,19/03/2025,23:00,Clear,16.7,0.0,10000.0
WS-CENTRAL,20/03/2025,00:00,Clear,14.9,0.0,10000.0
WS-CENTRAL,20/03/2025,01:00,Clear,,0.0,10000.0
WS-CENTRAL,20/03/2025,02:00,Clear,14.1,0.0,10000.0
WS-CENTRAL,20/03/2025,03:00,CLEAR,12.2,0.0,10000.0
WS-CENTRAL,20/03/2025,04:00,Cloudy,12.6,0.0,10000.0
WS-CENTRAL,20/03/2025,05:00,Cloudy,13.4,0.0,10000.0
WS-CENTRAL,20/03/2025,06:00,Clear,15.2,0.0,10000.0
WS-CENTRAL,20/03/2025,07:00,CLEAR,16.2,0.0,10000.0
WS-CENTRAL,20/03/2025,08:00,CLEAR,16.2,0.0,10000.0
WS-CENTRAL,20/03/2025,09:00,Clear,19.4,0.0,10000.0
WS-CENTRAL,20/03/2025,10:00,Clear,20.2,0.0,
WS-CENTRAL,20/03/2025,11:00,CLEAR,21.6,0.0,10000.0
WS-CENTRAL,20/03/2025,12:00,Clear,21.8,0.0,10000.0
WS-CENTRAL,20/03/2025,13:00,Clear,21.7,0.0,10000.0
WS-CENTRAL,20/03/2025,14:00,cloudy,19.7,0.0,10000.0
WS-CENTRAL,20/03/2025,15:00,Cloudy,22.4,0.0,10000.0
WS-CENTRAL,20/03/2025,16:00,Cloudy,23.9,0.0,10000.0
WS-CENTRAL,20/03/2025,17:00,Cloudy,23.1,0.0,10000.0
WS-CENTRAL,20/03/2025,18:00,cloudy,22.0,0.0,10000.0
WS-CENTRAL,20/03/2025,19:00,Cloudy,19.4,0.0,10000.0
WS-CENTRAL,20/03/2025,20:00,Clear,20.4,0.0,10000.0
WS-CENTRAL,20/03/2025,21:00,clear,17.7,0.0,10000.0
WS-CENTRAL,20/03/2025,22:00,CLEAR,16.3,0.0,10000.0
WS-CENTRAL,20/03/2025,23:00,Clear,16.7,0.0,10000.0
WS-CENTRAL,21/03/2025,00:00,Clear,14.4,0.0,10000.0
WS-CENTRAL,21/03/2025,01:00,Clear,14.9,0.0,10000.0
WS-CENTRAL,21/03/2025,02:00,Clear,12.7,0.0,10000.0
WS-CENTRAL,21/03/2025,03:00,Clear,11.0,0.0,
WS-CENTRAL,21/03/2025,04:00,Clear,12.7,0.0,10000.0
WS-CENTRAL,21/03/2025,05:00,Clear,13.4,0.0,10000.0
WS-CENTRAL,21/03/2025,06:00,Clear,16.0,0.0,10000.0
WS-CENTRAL,21/03/2025,07:00,Clear,14.5,0.0,10000.0
WS-CENTRAL,21/03/2025,08:00,clear,16.0,0.0,10000.0
WS-CENTRAL,21/03/2025,09:00,Clear,18.4,0.0,10000.0
WS-CENTRAL,21/03/2025,10:00,clear,18.5,0.0,10000.0
WS-CENTRAL,21/03/2025,11:00,Clear,22.2,0.0,10000.0
WS-CENTRAL,21/03/2025,12:00,CLEAR,22.2,0.0,10000.0
WS-CENTRAL,21/03/2025,13:00,Clear,22.6,0.0,10000.0
WS-CENTRAL,21/03/2025,14:00,Clear,23.8,0.0,10000.0
WS-CENTRAL,21/03/2025,15:00,Clear,23.5,0.0,10000.0
WS-CENTRAL,21/03/2025,16:00,Clear,20.4,0.0,10000.0
WS-CENTRAL,21/03/2025,17:00,cloudy,23.6,0.0,10000.0
WS-CENTRAL,21/03/2025,18:00,cloudy,21.5,0.0,10000.0
WS-CENTRAL,21/03/2025,19:00,Clear,22.1,0.0,10000.0
WS-CENTRAL,21/03/2025,20:00,CLEAR,18.0,0.0,10000.0
WS-CENTRAL,21/03/2025,21:00,clear,18.6,0.0,
WS-CENTRAL,21/03/2025,22:00,clear,16.0,0.0,
WS-CENTRAL,21/03/2025,23:00,CLEAR,16.1,0.0,10000.0
WS-CENTRAL,22/03/2025,00:00,CLEAR,14.0,0.0,10000.0
WS-CENTRAL,22/03/2025,01:00,Clear,14.2,0.0,10000.0
WS-CENTRAL,22/03/2025,02:00,Clear,16.2,0.0,10000.0
WS-CENTRAL,22/03/2025,03:00,clear,11.0,0.0,10000.0
WS-CENTRAL,22/03/2025,04:00,CLEAR,13.1,0.0,10000.0
WS-CENTRAL,22/03/2025,05:00,clear,13.4,0.0,10000.0
WS-CENTRAL,22/03/2025,06:00,Clear,16.1,0.0,10000.0
WS-CENTRAL,22/03/2025,07:00,clear,16.7,0.0,10000.0
WS-CENTRAL,22/03/2025,08:00,CLEAR,15.8,0.0,10000.0
WS-CENTRAL,22/03/2025,09:00,Clear,19.9,0.0,10000.0
WS-CENTRAL,22/03/2025,10:00,Clear,19.6,0.0,10000.0
WS-CENTRAL,22/03/2025,11:00,Clear,20.5,0.0,10000.0
WS-CENTRAL,22/03/2025,12:00,Clear,21.1,0.0,10000.0
WS-CENTRAL,22/03/2025,13:00,Clear,21.1,0.0,10000.0
WS-CENTRAL,22/03/2025,14:00,Clear,22.3,0.0,10000.0
WS-CENTRAL,22/03/2025,15:00,Overcast,20.7,0.0,10000.0
WS-CENTRAL,22/03/2025,16:00,Cloudy,25.5,0.0,10000.0
WS-CENTRAL,22/03/2025,17:00,cloudy,22.6,0.0,10000.0
WS-CENTRAL,22/03/2025,18:00,Overcast,20.8,0.0,10000.0
WS-CENTRAL,22/03/2025,19:00,Cloudy,21.5,0.0,10000.0
WS-CENTRAL,22/03/2025,20:00,Cloudy,20.0,0.0,10000.0
WS-CENTRAL,22/03/2025,21:00,Clear,19.7,0.0,10000.0
WS-CENTRAL,22/03/2025,22:00,clear,15.0,0.0,10000.0
WS-CENTRAL,22/03/2025,23:00,Clear,14.5,0.0,10000.0
WS-CENTRAL,23/03/2025,00:00,Clear,16.0,0.0,10000.0
WS-CENTRAL,23/03/2025,01:00,Clear,13.6,0.0,10000.0
WS-CENTRAL,23/03/2025,02:00,Clear,11.9,0.0,10000.0
WS-CENTRAL,23/03/2025,03:00,Clear,13.3,0.0,10000.0
WS-CENTRAL,23/03/2025,04:00,Clear,14.0,0.0,10000.0
WS-CENTRAL,23/03/2025,05:00,CLEAR,13.5,0.0,10000.0
WS-CENTRAL,23/03/2025,06:00,Clear,15.7,0.0,10000.0
WS-CENTRAL,23/03/2025,07:00,Cloudy,16.8,0.0,10000.0
WS-CENTRAL,23/03/2025,08:00,cloudy,16.7,0.0,10000.0
WS-CENTRAL,23/03/2025,09:00,Cloudy,17.0,0.0,10000.0
WS-CENTRAL,23/03/2025,10:00,Overcast,19.5,0.0,10000.0
WS-CENTRAL,23/03/2025,11:00,Cloudy,20.8,0.0,10000.0
WS-CENTRAL,23/03/2025,12:00,cloudy,21.7,0.0,10000.0
WS-CENTRAL,23/03/2025,13:00,Cloudy,23.5,0.0,10000.0
WS-CENTRAL,23/03/2025,14:00,Clear,22.5,0.0,10000.0
WS-CENTRAL,23/03/2025,15:00,Clear,20.4,0.0,10000.0
WS-CENTRAL,23/03/2025,16:00,Clear,22.6,0.0,10000.0
WS-CENTRAL,23/03/2025,17:00,Clear,20.8,0.0,10000.0
WS-CENTRAL,23/03/2025,18:00,Clear,20.7,0.0,10000.0
WS-CENTRAL,23/03/2025,19:00,Clear,20.3,0.0,10000.0
WS-CENTRAL,23/03/2025,20:00,Clear,22.7,0.0,10000.0
WS-CENTRAL,23/03/2025,21:00,Clear,18.6,0.0,10000.0
WS-CENTRAL,23/03/2025,22:00,Clear,16.5,0.0,10000.0
WS-CENTRAL,23/03/2025,23:00,Clear,14.7,0.0,10000.0
WS-CENTRAL,24/03/2025,00:00,Clear,13.3,0.0,10000.0
WS-CENTRAL,24/03/2025,01:00,clear,10.3,0.0,10000.0
WS-CENTRAL,24/03/2025,02:00,Clear,14.3,0.0,10000.0
WS-CENTRAL,24/03/2025,03:00,Clear,13.7,0.0,10000.0
WS-CENTRAL,24/03/2025,04:00,CLEAR,13.4,0.0,10000.0
WS-CENTRAL,24/03/2025,05:00,rainy,12.0,7.5,2659.0
WS-CENTRAL,24/03/2025,06:00,Clear,13.9,0.0,10000.0
WS-CENTRAL,24/03/2025,07:00,Clear,14.9,0.0,10000.0
WS-CENTRAL,24/03/2025,08:00,clear,17.2,0.0,10000.0
WS-CENTRAL,24/03/2025,09:00,Clear,17.0,0.0,10000.0
WS-CENTRAL,24/03/2025,10:00,Clear,20.7,0.0,10000.0
WS-CENTRAL,24/03/2025,11:00,CLEAR,20.7,0.0,10000.0
WS-CENTRAL,24/03/2025,12:00,Clear,23.5,0.0,10000.0
WS-CENTRAL,24/03/2025,13:00,Clear,23.3,0.0,10000.0
WS-CENTRAL,24/03/2025,14:00,Clear,23.3,0.0,10000.0
WS-CENTRAL,24/03/2025,15:00,Clear,25.9,0.0,10000.0
WS-CENTRAL,24/03/2025,16:00,Clear,24.1,0.0,10000.0
WS-CENTRAL,24/03/2025,17:00,Clear,,0.0,10000.0
WS-CENTRAL,24/03/2025,18:00,Clear,22.0,0.0,10000.0
WS-CENTRAL,24/03/2025,19:00,Clear,21.7,0.0,10000.0
WS-CENTRAL,24/03/2025,20:00,Clear,19.1,0.0,10000.0
WS-CENTRAL,24/03/2025,21:00,CLEAR,19.0,0.0,10000.0
WS-CENTRAL,24/03/2025,22:00,Clear,,0.0,10000.0
WS-CENTRAL,24/03/2025,23:00,Clear,17.9,0.0,10000.0
WS-CENTRAL,25/03/2025,00:00,cloudy,15.7,0.0,10000.0
WS-CENTRAL,25/03/2025,01:00,Overcast,13.3,0.0,10000.0
WS-CENTRAL,25/03/2025,02:00,Cloudy,15.0,0.0,10000.0
WS-CENTRAL,25/03/2025,03:00,cloudy,13.9,0.0,10000.0
WS-CENTRAL,25/03/2025,04:00,Clear,13.2,0.0,10000.0
WS-CENTRAL,25/03/2025,05:00,Clear,,0.0,10000.0
WS-CENTRAL,25/03/2025,06:00,Clear,15.7,0.0,10000.0
WS-CENTRAL,25/03/2025,07:00,Clear,13.3,0.0,10000.0
WS-CENTRAL,25/03/2025,08:00,Rain,17.6,4.8,3674.0
WS-CENTRAL,25/03/2025,09:00,Rain,17.1,6.9,3786.0
WS-CENTRAL,25/03/2025,10:00,Rain,20.6,5.3,4928.0
WS-CENTRAL,25/03/2025,11:00,Clear,20.1,0.0,10000.0
WS-CENTRAL,25/03/2025,12:00,Clear,23.1,0.0,10000.0
WS-CENTRAL,25/03/2025,13:00,Cloudy,23.6,0.0,10000.0
WS-CENTRAL,25/03/2025,14:00,Cloudy,25.2,0.0,10000.0
WS-CENTRAL,25/03/2025,15:00,Cloudy,24.7,0.0,10000.0
WS-CENTRAL,25/03/2025,16:00,Clear,26.0,0.0,10000.0
WS-CENTRAL,25/03/2025,17:00,Clear,21.7,0.0,10000.0
WS-CENTRAL,25/03/2025,18:00,Clear,21.0,0.0,10000.0
WS-CENTRAL,25/03/2025,19:00,Clear,18.3,0.0,10000.0
WS-CENTRAL,25/03/2025,20:00,Clear,21.9,0.0,10000.0
WS-CENTRAL,25/03/2025,21:00,Clear,16.6,0.0,10000.0
WS-CENTRAL,25/03/2025,22:00,Clear,16.9,0.0,10000.0
WS-CENTRAL,25/03/2025,23:00,Clear,15.9,0.0,10000.0
WS-CENTRAL,26/03/2025,00:00,Cloudy,14.1,0.0,10000.0
WS-CENTRAL,26/03/2025,01:00,Cloudy,13.2,0.0,10000.0
WS-CENTRAL,26/03/2025,02:00,Cloudy,14.7,0.0,10000.0
WS-CENTRAL,26/03/2025,03:00,Cloudy,12.7,0.0,10000.0
WS-CENTRAL,26/03/2025,04:00,Overcast,13.8,0.0,10000.0
WS-CENTRAL,26/03/2025,05:00,Cloudy,13.4,0.0,10000.0
WS-CENTRAL,26/03/2025,06:00,Cloudy,14.9,0.0,10000.0
WS-CENTRAL,26/03/2025,07:00,Clear,15.8,0.0,10000.0
WS-CENTRAL,26/03/2025,08:00,Overcast,17.3,0.0,10000.0
WS-CENTRAL,26/03/2025,09:00,cloudy,19.7,0.0,10000.0
WS-CENTRAL,26/03/2025,10:00,Cloudy,20.1,0.0,10000.0
WS-CENTRAL,26/03/2025,11:00,Cloudy,21.0,0.0,10000.0
WS-CENTRAL,26/03/2025,12:00,Overcast,21.9,0.0,10000.0
WS-CENTRAL,26/03/2025,13:00,Cloudy,21.0,0.0,10000.0
WS-CENTRAL,26/03/2025,14:00,clear,24.5,0.0,10000.0
WS-CENTRAL,26/03/2025,15:00,Clear,23.4,0.0,10000.0
WS-CENTRAL,26/03/2025,16:00,CLEAR,22.3,0.0,10000.0
WS-CENTRAL,26/03/2025,17:00,Clear,22.0,0.0,10000.0
WS-CENTRAL,26/03/2025,18:00,Clear,22.2,0.0,10000.0
WS-CENTRAL,26/03/2025,19:00,clear,19.5,0.0,10000.0
WS-CENTRAL,26/03/2025,20:00,CLEAR,20.4,0.0,10000.0
WS-CENTRAL,26/03/2025,21:00,Clear,17.5,0.0,10000.0
WS-CENTRAL,26/03/2025,22:00,Clear,17.1,0.0,10000.0
WS-CENTRAL,26/03/2025,23:00,clear,14.9,0.0,10000.0
WS-CENTRAL,27/03/2025,00:00,clear,13.8,0.0,10000.0
WS-CENTRAL,27/03/2025,01:00,Clear,12.9,0.0,10000.0
WS-CENTRAL,27/03/2025,02:00,Clear,13.6,0.0,10000.0
WS-CENTRAL,27/03/2025,03:00,Clear,12.6,0.0,10000.0
WS-CENTRAL,27/03/2025,04:00,CLEAR,13.3,0.0,10000.0
WS-CENTRAL,27/03/2025,05:00,Clear,15.7,0.0,10000.0
WS-CENTRAL,27/03/2025,06:00,CLEAR,17.5,0.0,10000.0
WS-CENTRAL,27/03/2025,07:00,clear,15.4,0.0,10000.0
WS-CENTRAL,27/03/2025,08:00,Clear,16.6,0.0,10000.0
WS-CENTRAL,27/03/2025,09:00,clear,17.7,0.0,10000.0
WS-CENTRAL,27/03/2025,10:00,Clear,19.7,0.0,10000.0
WS-CENTRAL,27/03/2025,11:00,Clear,22.1,0.0,10000.0
WS-CENTRAL,27/03/2025,12:00,clear,21.4,0.0,10000.0
WS-CENTRAL,27/03/2025,13:00,CLEAR,23.5,0.0,10000.0
WS-CENTRAL,27/03/2025,14:00,CLEAR,25.5,0.0,10000.0
WS-CENTRAL,27/03/2025,15:00,Clear,21.5,0.0,10000.0
WS-CENTRAL,27/03/2025,16:00,Clear,22.0,0.0,10000.0
WS-CENTRAL,27/03/2025,17:00,Clear,23.9,0.0,10000.0
WS-CENTRAL,27/03/2025,18:00,Cloudy,21.1,0.0,10000.0
WS-CENTRAL,27/03/2025,19:00,cloudy,21.3,0.0,10000.0
WS-CENTRAL,27/03/2025,20:00,Clear,19.8,0.0,10000.0
WS-CENTRAL,27/03/2025,21:00,CLEAR,17.9,0.0,10000.0
WS-CENTRAL,27/03/2025,22:00,Clear,16.4,0.0,10000.0
WS-CENTRAL,27/03/2025,23:00,Clear,15.2,0.0,10000.0
WS-CENTRAL,28/03/2025,00:00,CLEAR,15.8,0.0,10000.0
WS-CENTRAL,28/03/2025,01:00,Clear,14.3,0.0,10000.0
WS-CENTRAL,28/03/2025,02:00,Clear,12.7,0.0,10000.0
WS-CENTRAL,28/03/2025,03:00,Clear,13.7,0.0,10000.0
WS-CENTRAL,28/03/2025,04:00,Clear,12.8,0.0,10000.0
WS-CENTRAL,28/03/2025,05:00,clear,12.8,0.0,10000.0
WS-CENTRAL,28/03/2025,06:00,Clear,13.1,0.0,10000.0
WS-CENTRAL,28/03/2025,07:00,Clear,15.4,0.0,10000.0
WS-CENTRAL,28/03/2025,08:00,Clear,16.1,0.0,10000.0
WS-CENTRAL,28/03/2025,09:00,Clear,18.7,0.0,10000.0
WS-CENTRAL,28/03/2025,10:00,Clear,21.4,0.0,10000.0
WS-CENTRAL,28/03/2025,11:00,Clear,20.1,0.0,10000.0
WS-CENTRAL,28/03/2025,12:00,clear,20.9,0.0,10000.0
WS-CENTRAL,28/03/2025,13:00,Clear,24.0,0.0,10000.0
WS-CENTRAL,28/03/2025,14:00,Clear,23.4,0.0,10000.0
WS-CENTRAL,28/03/2025,15:00,Clear,23.3,0.0,10000.0
WS-CENTRAL,28/03/2025,16:00,clear,24.0,0.0,
WS-CENTRAL,28/03/2025,17:00,Clear,23.6,0.0,10000.0
WS-CENTRAL,28/03/2025,18:00,CLEAR,23.2,0.0,10000.0
WS-CENTRAL,28/03/2025,19:00,Clear,22.0,0.0,10000.0
WS-CENTRAL,28/03/2025,20:00,CLEAR,18.9,0.0,10000.0
WS-CENTRAL,28/03/2025,21:00,CLEAR,19.8,0.0,10000.0
WS-CENTRAL,28/03/2025,22:00,Clear,14.1,0.0,10000.0
WS-CENTRAL,28/03/2025,23:00,Clear,17.9,0.0,10000.0
WS-CENTRAL,29/03/2025,00:00,Clear,15.2,0.0,10000.0
WS-CENTRAL,29/03/2025,01:00,Clear,15.1,0.0,10000.0
WS-CENTRAL,29/03/2025,02:00,clear,13.1,0.0,10000.0
WS-CENTRAL,29/03/2025,03:00,Rain,12.2,4.6,3328.0
WS-CENTRAL,29/03/2025,04:00,Rain,13.6,3.0,4721.0
WS-CENTRAL,29/03/2025,05:00,foggy,14.0,0.0,761.0
WS-CENTRAL,29/03/2025,06:00,Fog,15.1,0.0,516.0
WS-CENTRAL,29/03/2025,07:00,Clear,16.3,0.0,10000.0
WS-CENTRAL,29/03/2025,08:00,Clear,16.0,0.0,10000.0
WS-CENTRAL,29/03/2025,09:00,Clear,20.5,0.0,10000.0
WS-CENTRAL,29/03/2025,10:00,clear,21.9,0.0,10000.0
WS-CENTRAL,29/03/2025,11:00,Clear,22.1,0.0,
WS-CENTRAL,29/03/2025,12:00,Overcast,22.0,0.0,10000.0
WS-CENTRAL,29/03/2025,13:00,Cloudy,21.3,0.0,10000.0
WS-CENTRAL,29/03/2025,14:00,Cloudy,23.5,0.0,10000.0
WS-CENTRAL,29/03/2025,15:00,Cloudy,23.2,0.0,10000.0
WS-CENTRAL,29/03/2025,16:00,Cloudy,23.1,0.0,10000.0
WS-CENTRAL,29/03/2025,17:00,cloudy,23.5,0.0,10000.0
WS-CENTRAL,29/03/2025,18:00,Clear,23.7,0.0,10000.0
WS-CENTRAL,29/03/2025,19:00,CLEAR,21.5,0.0,10000.0
WS-CENTRAL,29/03/2025,20:00,Clear,20.5,0.0,10000.0
WS-CENTRAL,29/03/2025,21:00,Clear,19.1,0.0,10000.0
WS-CENTRAL,29/03/2025,22:00,clear,17.1,0.0,
WS-CENTRAL,29/03/2025,23:00,Clear,18.0,0.0,10000.0
WS-CENTRAL,30/03/2025,00:00,Clear,14.2,0.0,10000.0
WS-CENTRAL,30/03/2025,01:00,Clear,13.4,0.0,10000.0
WS-CENTRAL,30/03/2025,02:00,clear,14.5,0.0,10000.0
WS-CENTRAL,30/03/2025,03:00,Clear,15.1,0.0,10000.0
WS-CENTRAL,30/03/2025,04:00,Clear,13.4,0.0,10000.0
WS-CENTRAL,30/03/2025,05:00,Rain,15.7,5.1,3745.0
WS-CENTRAL,30/03/2025,06:00,Clear,16.4,0.0,10000.0
WS-CENTRAL,30/03/2025,07:00,CLEAR,14.6,0.0,10000.0
WS-CENTRAL,30/03/2025,08:00,clear,16.5,0.0,10000.0
WS-CENTRAL,30/03/2025,09:00,Clear,19.5,0.0,10000.0
WS-CENTRAL,30/03/2025,10:00,clear,21.1,0.0,10000.0
WS-CENTRAL,30/03/2025,11:00,Clear,20.4,0.0,10000.0
WS-CENTRAL,30/03/2025,12:00,Clear,22.3,0.0,10000.0
WS-CENTRAL,30/03/2025,13:00,CLEAR,24.5,0.0,10000.0
WS-CENTRAL,30/03/2025,14:00,clear,25.4,0.0,10000.0
WS-CENTRAL,30/03/2025,15:00,Clear,21.1,0.0,10000.0
WS-CENTRAL,30/03/2025,16:00,Clear,23.0,0.0,10000.0
WS-CENTRAL,30/03/2025,17:00,Clear,24.1,0.0,10000.0
WS-CENTRAL,30/03/2025,18:00,Clear,21.6,0.0,10000.0
WS-CENTRAL,30/03/2025,19:00,Rain,21.3,1.8,3097.0
WS-CENTRAL,30/03/2025,20:00,rain ,21.0,2.6,2768.0
WS-CENTRAL,30/03/2025,21:00,Rain,17.4,4.7,4401.0
WS-CENTRAL,30/03/2025,22:00,Rain,18.9,7.6,3727.0
WS-CENTRAL,30/03/2025,23:00,Clear,16.0,0.0,10000.0
WS-CENTRAL,31/03/2025,00:00,Clear,14.1,0.0,10000.0
WS-CENTRAL,31/03/2025,01:00,Clear,13.8,0.0,10000.0
WS-CENTRAL,31/03/2025,02:00,CLEAR,13.7,0.0,10000.0
WS-CENTRAL,31/03/2025,03:00,Cloudy,12.1,0.0,10000.0
WS-CENTRAL,31/03/2025,04:00,cloudy,12.6,0.0,10000.0
WS-CENTRAL,31/03/2025,05:00,cloudy,16.1,0.0,10000.0
WS-CENTRAL,31/03/2025,06:00,Overcast,14.1,0.0,10000.0
WS-CENTRAL,31/03/2025,07:00,cloudy,17.5,0.0,10000.0
WS-CENTRAL,31/03/2025,08:00,Cloudy,15.7,0.0,10000.0
WS-CENTRAL,31/03/2025,09:00,Clear,19.5,0.0,10000.0
WS-CENTRAL,31/03/2025,10:00,Clear,20.1,0.0,10000.0
WS-CENTRAL,31/03/2025,11:00,Clear,20.2,0.0,10000.0
WS-CENTRAL,31/03/2025,12:00,Clear,25.2,0.0,10000.0
WS-CENTRAL,31/03/2025,13:00,Clear,22.6,0.0,10000.0
WS-CENTRAL,31/03/2025,14:00,Clear,22.4,0.0,10000.0
WS-CENTRAL,31/03/2025,15:00,Clear,22.6,0.0,10000.0
WS-CENTRAL,31/03/2025,16:00,Clear,24.0,0.0,10000.0
WS-CENTRAL,31/03/2025,17:00,Clear,22.6,0.0,10000.0
WS-CENTRAL,31/03/2025,18:00,Clear,23.1,0.0,10000.0
WS-CENTRAL,31/03/2025,19:00,Clear,21.2,0.0,10000.0
WS-CENTRAL,31/03/2025,20:00,Clear,18.9,0.0,10000.0
WS-CENTRAL,31/03/2025,21:00,clear,19.2,0.0,10000.0
WS-CENTRAL,31/03/2025,22:00,clear,18.2,0.0,10000.0
WS-CENTRAL,31/03/2025,23:00,Clear,16.7,0.0,10000.0
WS-CENTRAL,01/04/2025,00:00,Cloudy,15.7,0.0,10000.0
WS-CENTRAL,01/04/2025,01:00,Cloudy,15.6,0.0,10000.0
WS-CENTRAL,01/04/2025,02:00,Clear,14.0,0.0,10000.0
WS-CENTRAL,01/04/2025,03:00,clear,14.0,0.0,10000.0
WS-CENTRAL,01/04/2025,04:00,Clear,14.6,0.0,10000.0
WS-CENTRAL,01/04/2025,05:00,Cloudy,14.6,0.0,10000.0
WS-CENTRAL,01/04/2025,06:00,Cloudy,12.4,0.0,10000.0
WS-CENTRAL,01/04/2025,07:00,Cloudy,16.8,0.0,10000.0
WS-CENTRAL,01/04/2025,08:00,Cloudy,15.5,0.0,10000.0
WS-CENTRAL,01/04/2025,09:00,Cloudy,18.1,0.0,10000.0
WS-CENTRAL,01/04/2025,10:00,Rain,20.1,3.1,2594.0
WS-CENTRAL,01/04/2025,11:00,Rain,21.1,5.3,3646.0
WS-CENTRAL,01/04/2025,12:00,Clear,23.2,0.0,10000.0
WS-CENTRAL,01/04/2025,13:00,Clear,25.5,0.0,10000.0
WS-CENTRAL,01/04/2025,14:00,Clear,23.3,0.0,10000.0
WS-CENTRAL,01/04/2025,15:00,clear,24.5,0.0,10000.0
WS-CENTRAL,01/04/2025,16:00,Clear,21.8,0.0,10000.0
WS-CENTRAL,01/04/2025,17:00,Clear,21.3,0.0,10000.0
WS-CENTRAL,01/04/2025,18:00,Clear,22.1,0.0,10000.0
WS-CENTRAL,01/04/2025,19:00,CLEAR,22.4,0.0,10000.0
WS-CENTRAL,01/04/2025,20:00,Clear,,0.0,10000.0
WS-CENTRAL,01/04/2025,21:00,Clear,16.6,0.0,10000.0
WS-CENTRAL,01/04/2025,22:00,clear,17.4,0.0,10000.0
WS-CENTRAL,01/04/2025,23:00,Clear,18.8,0.0,10000.0
WS-CENTRAL,02/04/2025,00:00,Clear,14.4,0.0,10000.0
WS-CENTRAL,02/04/2025,01:00,clear,13.6,0.0,10000.0
WS-CENTRAL,02/04/2025,02:00,Clear,14.9,0.0,10000.0
WS-CENTRAL,02/04/2025,03:00,CLEAR,13.7,0.0,10000.0
WS-CENTRAL,02/04/2025,04:00,clear,13.9,0.0,10000.0
WS-CENTRAL,02/04/2025,05:00,Fog,16.0,0.0,603.0
WS-CENTRAL,02/04/2025,06:00,Clear,13.1,0.0,10000.0
WS-CENTRAL,02/04/2025,07:00,Clear,18.1,0.0,10000.0
WS-CENTRAL,02/04/2025,08:00,Cloudy,17.1,0.0,10000.0
WS-CENTRAL,02/04/2025,09:00,Cloudy,18.9,0.0,10000.0
WS-CENTRAL,02/04/2025,10:00,Cloudy,19.8,0.0,10000.0
WS-CENTRAL,02/04/2025,11:00,Cloudy,22.5,0.0,10000.0
WS-CENTRAL,02/04/2025,12:00,Cloudy,21.1,0.0,10000.0
WS-CENTRAL,02/04/2025,13:00,Clear,22.9,0.0,10000.0
WS-CENTRAL,02/04/2025,14:00,clear,23.3,0.0,10000.0
WS-CENTRAL,02/04/2025,15:00,Clear,22.9,0.0,10000.0
WS-CENTRAL,02/04/2025,16:00,CLEAR,20.2,0.0,10000.0
WS-CENTRAL,02/04/2025,17:00,Cloudy,24.2,0.0,10000.0
WS-CENTRAL,02/04/2025,18:00,Cloudy,21.9,0.0,10000.0
WS-CENTRAL,02/04/2025,19:00,cloudy,21.6,0.0,10000.0
WS-CENTRAL,02/04/2025,20:00,Overcast,21.8,0.0,10000.0
WS-CENTRAL,02/04/2025,21:00,Cloudy,19.2,0.0,10000.0
WS-CENTRAL,02/04/2025,22:00,Cloudy,19.4,0.0,10000.0
WS-CENTRAL,02/04/2025,23:00,Clear,14.9,0.0,10000.0
WS-CENTRAL,03/04/2025,00:00,clear,13.7,0.0,10000.0
WS-CENTRAL,03/04/2025,01:00,Clear,14.2,0.0,10000.0
WS-CENTRAL,03/04/2025,02:00,Clear,14.6,0.0,10000.0
WS-CENTRAL,03/04/2025,03:00,Clear,13.1,0.0,10000.0
WS-CENTRAL,03/04/2025,04:00,CLEAR,12.7,0.0,10000.0
WS-CENTRAL,03/04/2025,05:00,Clear,14.0,0.0,10000.0
WS-CENTRAL,03/04/2025,06:00,Clear,16.9,0.0,10000.0
WS-CENTRAL,03/04/2025,07:00,clear,17.5,0.0,10000.0
WS-CENTRAL,03/04/2025,08:00,Clear,20.0,0.0,10000.0
WS-CENTRAL,03/04/2025,09:00,Clear,19.4,0.0,10000.0
WS-CENTRAL,03/04/2025,10:00,Clear,18.3,0.0,10000.0
WS-CENTRAL,03/04/2025,11:00,Clear,21.1,0.0,10000.0
WS-CENTRAL,03/04/2025,12:00,CLEAR,19.7,0.0,10000.0
WS-CENTRAL,03/04/2025,13:00,CLEAR,23.7,0.0,10000.0
WS-CENTRAL,03/04/2025,14:00,Clear,22.3,0.0,10000.0
WS-CENTRAL,03/04/2025,15:00,Clear,26.1,0.0,10000.0
WS-CENTRAL,03/04/2025,16:00,Clear,22.3,0.0,10000.0
WS-CENTRAL,03/04/2025,17:00,clear,25.0,0.0,10000.0
WS-CENTRAL,03/04/2025,18:00,Cloudy,21.4,0.0,10000.0
WS-CENTRAL,03/04/2025,19:00,cloudy,21.6,0.0,10000.0
WS-CENTRAL,03/04/2025,20:00,clear,19.5,0.0,10000.0
WS-CENTRAL,03/04/2025,21:00,Cloudy,18.8,0.0,10000.0
WS-CENTRAL,03/04/2025,22:00,Overcast,15.5,0.0,10000.0
WS-CENTRAL,03/04/2025,23:00,Cloudy,15.5,0.0,10000.0
WS-CENTRAL,04/04/2025,00:00,CLEAR,16.7,0.0,10000.0
WS-CENTRAL,04/04/2025,01:00,Clear,14.0,0.0,
WS-CENTRAL,04/04/2025,02:00,Clear,14.4,0.0,10000.0
WS-CENTRAL,04/04/2025,03:00,CLEAR,12.6,0.0,10000.0
WS-CENTRAL,04/04/2025,04:00,CLEAR,13.1,0.0,10000.0
WS-CENTRAL,04/04/2025,05:00,Clear,14.5,0.0,10000.0
WS-CENTRAL,04/04/2025,06:00,clear,16.8,0.0,10000.0
WS-CENTRAL,04/04/2025,07:00,Clear,17.5,0.0,10000.0
WS-CENTRAL,04/04/2025,08:00,Clear,18.8,0.0,10000.0
WS-CENTRAL,04/04/2025,09:00,Cloudy,18.4,0.0,10000.0
WS-CENTRAL,04/04/2025,10:00,Cloudy,20.2,0.0,10000.0
WS-CENTRAL,04/04/2025,11:00,Cloudy,22.7,0.0,10000.0
WS-CENTRAL,04/04/2025,12:00,Overcast,22.3,0.0,10000.0
WS-CENTRAL,04/04/2025,13:00,Clear,23.3,0.0,10000.0
WS-CENTRAL,04/04/2025,14:00,Clear,20.5,0.0,10000.0
WS-CENTRAL,04/04/2025,15:00,CLEAR,26.2,0.0,10000.0
WS-CENTRAL,04/04/2025,16:00,Clear,24.9,0.0,10000.0
WS-CENTRAL,04/04/2025,17:00,Cloudy,24.3,0.0,10000.0
WS-CENTRAL,04/04/2025,18:00,Rain,20.2,4.9,3990.0
WS-CENTRAL,04/04/2025,19:00,clear,22.1,0.0,10000.0
WS-CENTRAL,04/04/2025,20:00,CLEAR,19.8,0.0,10000.0
WS-CENTRAL,04/04/2025,21:00,clear,17.8,0.0,10000.0
WS-CENTRAL,04/04/2025,22:00,Clear,17.8,0.0,10000.0
WS-CENTRAL,04/04/2025,23:00,Clear,17.9,0.0,10000.0
WS-CENTRAL,05/04/2025,00:00,Clear,16.8,0.0,10000.0
WS-CENTRAL,05/04/2025,01:00,Clear,14.5,0.0,10000.0
WS-CENTRAL,05/04/2025,02:00,clear,13.7,0.0,10000.0
WS-CENTRAL,05/04/2025,03:00,Clear,15.2,0.0,10000.0
WS-CENTRAL,05/04/2025,04:00,Clear,14.3,0.0,10000.0
WS-CENTRAL,05/04/2025,05:00,Clear,15.3,0.0,10000.0
WS-CENTRAL,05/04/2025,06:00,CLEAR,16.2,0.0,10000.0
WS-CENTRAL,05/04/2025,07:00,Clear,18.5,0.0,10000.0
WS-CENTRAL,05/04/2025,08:00,Clear,17.8,0.0,10000.0
WS-CENTRAL,05/04/2025,09:00,Clear,19.8,0.0,10000.0
WS-CENTRAL,05/04/2025,10:00,Rain,20.4,1.4,2524.0
WS-CENTRAL,05/04/2025,11:00,Rain,20.4,8.3,4169.0
WS-CENTRAL,05/04/2025,12:00,Clear,23.7,0.0,10000.0
WS-CENTRAL,05/04/2025,13:00,CLEAR,24.8,0.0,10000.0
WS-CENTRAL,05/04/2025,14:00,Clear,25.1,0.0,10000.0
WS-CENTRAL,05/04/2025,15:00,CLEAR,22.2,0.0,10000.0
WS-CENTRAL,05/04/2025,16:00,CLEAR,23.7,0.0,10000.0
WS-CENTRAL,05/04/2025,17:00,clear,26.0,0.0,10000.0
WS-CENTRAL,05/04/2025,18:00,clear,24.3,0.0,10000.0
WS-CENTRAL,05/04/2025,19:00,Clear,21.3,0.0,10000.0
WS-CENTRAL,05/04/2025,20:00,clear,20.9,0.0,10000.0
WS-CENTRAL,05/04/2025,21:00,Clear,18.9,0.0,10000.0
WS-CENTRAL,05/04/2025,22:00,Clear,16.5,0.0,10000.0
WS-CENTRAL,05/04/2025,23:00,Clear,13.9,0.0,10000.0
WS-CENTRAL,06/04/2025,00:00,Clear,14.2,0.0,10000.0
WS-CENTRAL,06/04/2025,01:00,clear,14.1,0.0,10000.0
WS-CENTRAL,06/04/2025,02:00,CLEAR,17.2,0.0,10000.0
WS-CENTRAL,06/04/2025,03:00,CLEAR,16.6,0.0,10000.0
WS-CENTRAL,06/04/2025,04:00,Cloudy,12.0,0.0,10000.0
WS-CENTRAL,06/04/2025,05:00,Cloudy,14.8,0.0,10000.0
WS-CENTRAL,06/04/2025,06:00,Cloudy,15.9,0.0,10000.0
WS-CENTRAL,06/04/2025,07:00,Cloudy,18.8,0.0,10000.0
WS-CENTRAL,06/04/2025,08:00,Cloudy,18.2,0.0,10000.0
WS-CENTRAL,06/04/2025,09:00,Cloudy,18.8,0.0,10000.0
WS-CENTRAL,06/04/2025,10:00,Cloudy,20.2,0.0,10000.0
WS-CENTRAL,06/04/2025,11:00,Clear,21.2,0.0,10000.0
WS-CENTRAL,06/04/2025,12:00,Clear,21.7,0.0,10000.0
WS-CENTRAL,06/04/2025,13:00,Clear,22.3,0.0,10000.0
WS-CENTRAL,06/04/2025,14:00,CLEAR,23.3,0.0,10000.0
WS-CENTRAL,06/04/2025,15:00,clear,23.2,0.0,10000.0
WS-CENTRAL,06/04/2025,16:00,Clear,25.1,0.0,10000.0
WS-CENTRAL,06/04/2025,17:00,Clear,24.9,0.0,10000.0
WS-CENTRAL,06/04/2025,18:00,Clear,21.8,0.0,10000.0
WS-CENTRAL,06/04/2025,19:00,CLEAR,20.1,0.0,10000.0
WS-CENTRAL,06/04/2025,20:00,Clear,20.8,0.0,10000.0
WS-CENTRAL,06/04/2025,21:00,Clear,20.8,0.0,10000.0
WS-CENTRAL,06/04/2025,22:00,Clear,17.3,0.0,10000.0
WS-CENTRAL,06/04/2025,23:00,clear,15.8,0.0,10000.0
WS-CENTRAL,07/04/2025,00:00,Clear,15.2,0.0,10000.0
WS-CENTRAL,07/04/2025,01:00,Clear,14.1,0.0,10000.0
WS-CENTRAL,07/04/2025,02:00,clear,13.8,0.0,10000.0
WS-CENTRAL,07/04/2025,03:00,Clear,13.6,0.0,10000.0
WS-CENTRAL,07/04/2025,04:00,Clear,15.0,0.0,10000.0
WS-CENTRAL,07/04/2025,05:00,Clear,16.7,0.0,10000.0
WS-CENTRAL,07/04/2025,06:00,Clear,17.0,0.0,10000.0
WS-CENTRAL,07/04/2025,07:00,Clear,15.4,0.0,10000.0
WS-CENTRAL,07/04/2025,08:00,clear,17.1,0.0,10000.0
WS-CENTRAL,07/04/2025,09:00,Clear,18.2,0.0,10000.0
WS-CENTRAL,07/04/2025,10:00,clear,19.6,0.0,10000.0
WS-CENTRAL,07/04/2025,11:00,Clear,22.5,0.0,10000.0
WS-CENTRAL,07/04/2025,12:00,Clear,22.7,0.0,10000.0
WS-CENTRAL,07/04/2025,13:00,Clear,22.6,0.0,10000.0
WS-CENTRAL,07/04/2025,14:00,Clear,24.8,0.0,10000.0
WS-CENTRAL,07/04/2025,15:00,Clear,25.7,0.0,10000.0
WS-CENTRAL,07/04/2025,16:00,Rain,22.4,0.6,3271.0
WS-CENTRAL,07/04/2025,17:00,Rain,25.0,5.7,2887.0
WS-CENTRAL,07/04/2025,18:00,RAIN,23.9,5.2,4569.0
WS-CENTRAL,07/04/2025,19:00,RAIN,21.7,6.0,3108.0
WS-CENTRAL,07/04/2025,20:00,Clear,21.9,0.0,10000.0
WS-CENTRAL,07/04/2025,21:00,Clear,20.4,0.0,10000.0
WS-CENTRAL,07/04/2025,22:00,Clear,16.5,0.0,10000.0
WS-CENTRAL,07/04/2025,23:00,Clear,15.0,0.0,10000.0
WS-CENTRAL,08/04/2025,00:00,Clear,13.8,0.0,10000.0
WS-CENTRAL,08/04/2025,01:00,CLEAR,15.6,0.0,10000.0
WS-CENTRAL,08/04/2025,02:00,Clear,14.9,0.0,10000.0
WS-CENTRAL,08/04/2025,03:00,CLEAR,15.0,0.0,10000.0
WS-CENTRAL,08/04/2025,04:00,CLEAR,16.7,0.0,10000.0
WS-CENTRAL,08/04/2025,05:00,Clear,16.9,0.0,10000.0
WS-CENTRAL,08/04/2025,06:00,Clear,16.5,0.0,10000.0
WS-CENTRAL,08/04/2025,07:00,Clear,15.0,0.0,10000.0
WS-CENTRAL,08/04/2025,08:00,clear,16.8,0.0,10000.0
WS-CENTRAL,08/04/2025,09:00,Clear,17.8,0.0,10000.0
WS-CENTRAL,08/04/2025,10:00,Cloudy,17.1,0.0,10000.0
WS-CENTRAL,08/04/2025,11:00,Overcast,21.4,0.0,10000.0
WS-CENTRAL,08/04/2025,12:00,Cloudy,24.0,0.0,10000.0
WS-CENTRAL,08/04/2025,13:00,Overcast,23.9,0.0,10000.0
WS-CENTRAL,08/04/2025,14:00,Cloudy,25.9,0.0,10000.0
WS-CENTRAL,08/04/2025,15:00,Overcast,24.3,0.0,10000.0
WS-CENTRAL,08/04/2025,16:00,Clear,25.3,0.0,10000.0
WS-CENTRAL,08/04/2025,17:00,Clear,23.1,0.0,10000.0
WS-CENTRAL,08/04/2025,18:00,clear,22.9,0.0,10000.0
WS-CENTRAL,08/04/2025,19:00,Clear,22.2,0.0,10000.0
WS-CENTRAL,08/04/2025,20:00,clear,20.1,0.0,10000.0
WS-CENTRAL,08/04/2025,21:00,Clear,20.6,0.0,10000.0
WS-CENTRAL,08/04/2025,22:00,clear,17.6,0.0,10000.0
WS-CENTRAL,08/04/2025,23:00,Clear,16.2,0.0,10000.0
WS-CENTRAL,09/04/2025,00:00,Clear,16.8,0.0,10000.0
WS-CENTRAL,09/04/2025,01:00,CLEAR,14.4,0.0,10000.0
WS-CENTRAL,09/04/2025,02:00,Clear,15.4,0.0,10000.0
WS-CENTRAL,09/04/2025,03:00,Clear,11.2,0.0,10000.0
WS-CENTRAL,09/04/2025,04:00,Clear,12.9,0.0,10000.0
WS-CENTRAL,09/04/2025,05:00,clear,13.0,0.0,10000.0
WS-CENTRAL,09/04/2025,06:00,Clear,17.6,0.0,10000.0
WS-CENTRAL,09/04/2025,07:00,CLEAR,15.1,0.0,10000.0
WS-CENTRAL,09/04/2025,08:00,CLEAR,18.5,0.0,10000.0
WS-CENTRAL,09/04/2025,09:00,Overcast,20.4,0.0,10000.0
WS-CENTRAL,09/04/2025,10:00,cloudy,21.3,0.0,
WS-CENTRAL,09/04/2025,11:00,rain ,19.9,2.8,1885.0
WS-CENTRAL,09/04/2025,12:00,rainy,20.7,4.0,3977.0
WS-CENTRAL,09/04/2025,13:00,Rain,23.8,7.1,3666.0
WS-CENTRAL,09/04/2025,14:00,rain ,23.8,8.1,2446.0
WS-CENTRAL,09/04/2025,15:00,clear,22.9,0.0,10000.0
WS-CENTRAL,09/04/2025,16:00,Clear,24.9,0.0,10000.0
WS-CENTRAL,09/04/2025,17:00,Clear,21.5,0.0,10000.0
WS-CENTRAL,09/04/2025,18:00,CLEAR,22.8,0.0,10000.0
WS-CENTRAL,09/04/2025,19:00,Clear,23.0,0.0,10000.0
WS-CENTRAL,09/04/2025,20:00,Clear,18.7,0.0,10000.0
WS-CENTRAL,09/04/2025,21:00,Clear,20.8,0.0,10000.0
WS-CENTRAL,09/04/2025,22:00,clear,18.0,0.0,10000.0
WS-CENTRAL,09/04/2025,23:00,Clear,16.6,0.0,10000.0
WS-CENTRAL,10/04/2025,00:00,Clear,13.7,0.0,10000.0
WS-CENTRAL,10/04/2025,01:00,clear,17.2,0.0,10000.0
WS-CENTRAL,10/04/2025,02:00,Clear,13.0,0.0,10000.0
WS-CENTRAL,10/04/2025,03:00,CLEAR,13.9,0.0,10000.0
WS-CENTRAL,10/04/2025,04:00,Clear,13.0,0.0,10000.0
WS-CENTRAL,10/04/2025,05:00,Clear,14.1,0.0,10000.0
WS-CENTRAL,10/04/2025,06:00,Clear,15.9,0.0,10000.0
WS-CENTRAL,10/04/2025,07:00,clear,18.8,0.0,10000.0
WS-CENTRAL,10/04/2025,08:00,Clear,16.9,0.0,10000.0
WS-CENTRAL,10/04/2025,09:00,CLEAR,19.2,0.0,10000.0
WS-CENTRAL,10/04/2025,10:00,Clear,20.1,0.0,10000.0
WS-CENTRAL,10/04/2025,11:00,Clear,21.0,0.0,10000.0
WS-CENTRAL,10/04/2025,12:00,Clear,23.2,0.0,10000.0
WS-CENTRAL,10/04/2025,13:00,Clear,24.5,0.0,10000.0
WS-CENTRAL,10/04/2025,14:00,Cloudy,,0.0,10000.0
WS-CENTRAL,10/04/2025,15:00,cloudy,23.8,0.0,10000.0
WS-CENTRAL,10/04/2025,16:00,Cloudy,25.5,0.0,10000.0
WS-CENTRAL,10/04/2025,17:00,Cloudy,22.1,0.0,10000.0
WS-CENTRAL,10/04/2025,18:00,Cloudy,22.8,0.0,10000.0
WS-CENTRAL,10/04/2025,19:00,Cloudy,21.3,0.0,10000.0
WS-CENTRAL,10/04/2025,20:00,Cloudy,21.2,0.0,10000.0
WS-CENTRAL,10/04/2025,21:00,Clear,19.5,0.0,10000.0
WS-CENTRAL,10/04/2025,22:00,clear,18.0,0.0,10000.0
WS-CENTRAL,10/04/2025,23:00,Clear,15.5,0.0,10000.0
WS-CENTRAL,11/04/2025,00:00,CLEAR,16.0,0.0,10000.0
WS-CENTRAL,11/04/2025,01:00,CLEAR,15.5,0.0,10000.0
WS-CENTRAL,11/04/2025,02:00,Cloudy,13.0,0.0,10000.0
WS-CENTRAL,11/04/2025,03:00,Overcast,14.4,0.0,10000.0
WS-CENTRAL,11/04/2025,04:00,Cloudy,14.1,0.0,10000.0
WS-CENTRAL,11/04/2025,05:00,Cloudy,15.7,0.0,10000.0
WS-CENTRAL,11/04/2025,06:00,Overcast,16.6,0.0,10000.0
WS-CENTRAL,11/04/2025,07:00,Cloudy,16.1,0.0,10000.0
WS-CENTRAL,11/04/2025,08:00,Cloudy,17.8,0.0,10000.0
WS-CENTRAL,11/04/2025,09:00,Cloudy,18.3,0.0,10000.0
WS-CENTRAL,11/04/2025,10:00,Cloudy,21.7,0.0,10000.0
WS-CENTRAL,11/04/2025,11:00,Overcast,20.0,0.0,10000.0
WS-CENTRAL,11/04/2025,12:00,Cloudy,18.8,0.0,10000.0
WS-CENTRAL,11/04/2025,13:00,Clear,26.0,0.0,10000.0
WS-CENTRAL,11/04/2025,14:00,Clear,,0.0,10000.0
WS-CENTRAL,11/04/2025,15:00,Rain,23.1,7.8,2009.0
WS-CENTRAL,11/04/2025,16:00,Clear,25.7,0.0,10000.0
WS-CENTRAL,11/04/2025,17:00,Clear,22.5,0.0,10000.0
WS-CENTRAL,11/04/2025,18:00,Clear,23.3,0.0,10000.0
WS-CENTRAL,11/04/2025,19:00,CLEAR,22.5,0.0,10000.0
WS-CENTRAL,11/04/2025,20:00,Clear,21.4,0.0,10000.0
WS-CENTRAL,11/04/2025,21:00,clear,17.7,0.0,10000.0
WS-CENTRAL,11/04/2025,22:00,Clear,18.4,0.0,10000.0
WS-CENTRAL,11/04/2025,23:00,clear,16.3,0.0,10000.0
WS-CENTRAL,12/04/2025,00:00,CLEAR,16.2,0.0,10000.0
WS-CENTRAL,12/04/2025,01:00,Clear,16.6,0.0,10000.0
WS-CENTRAL,12/04/2025,02:00,CLEAR,16.5,0.0,10000.0
WS-CENTRAL,12/04/2025,03:00,Clear,14.0,0.0,10000.0
WS-CENTRAL,12/04/2025,04:00,Clear,16.5,0.0,10000.0
WS-CENTRAL,12/04/2025,05:00,Clear,17.0,0.0,10000.0
WS-CENTRAL,12/04/2025,06:00,Clear,16.7,0.0,10000.0
WS-CENTRAL,12/04/2025,07:00,Clear,15.0,0.0,10000.0
WS-CENTRAL,12/04/2025,08:00,Clear,18.5,0.0,10000.0
WS-CENTRAL,12/04/2025,09:00,CLEAR,,0.0,10000.0
WS-CENTRAL,12/04/2025,10:00,Clear,20.1,0.0,10000.0
WS-CENTRAL,12/04/2025,11:00,Clear,20.0,0.0,10000.0
WS-CENTRAL,12/04/2025,12:00,Clear,24.4,0.0,10000.0
WS-CENTRAL,12/04/2025,13:00,Clear,23.8,0.0,10000.0
WS-CENTRAL,12/04/2025,14:00,CLEAR,23.9,0.0,10000.0
WS-CENTRAL,12/04/2025,15:00,Clear,23.7,0.0,10000.0
WS-CENTRAL,12/04/2025,16:00,clear,24.1,0.0,10000.0
WS-CENTRAL,12/04/2025,17:00,CLEAR,26.8,0.0,10000.0
WS-CENTRAL,12/04/2025,18:00,Clear,22.5,0.0,10000.0
WS-CENTRAL,12/04/2025,19:00,Clear,23.1,0.0,10000.0
WS-CENTRAL,12/04/2025,20:00,Clear,19.0,0.0,10000.0
WS-CENTRAL,12/04/2025,21:00,cloudy,18.8,0.0,10000.0
WS-CENTRAL,12/04/2025,22:00,Cloudy,15.9,0.0,10000.0
WS-CENTRAL,12/04/2025,23:00,Overcast,15.1,0.0,10000.0
WS-CENTRAL,13/04/2025,00:00,Cloudy,15.5,0.0,10000.0
WS-CENTRAL,13/04/2025,01:00,cloudy,15.7,0.0,10000.0
WS-CENTRAL,13/04/2025,02:00,Cloudy,15.3,0.0,10000.0
WS-CENTRAL,13/04/2025,03:00,Cloudy,16.6,0.0,10000.0
WS-CENTRAL,13/04/2025,04:00,Clear,15.8,0.0,10000.0
WS-CENTRAL,13/04/2025,05:00,Clear,14.1,0.0,10000.0
WS-CENTRAL,13/04/2025,06:00,Clear,17.8,0.0,10000.0
WS-CENTRAL,13/04/2025,07:00,CLEAR,14.9,0.0,10000.0
WS-CENTRAL,13/04/2025,08:00,Clear,19.0,0.0,10000.0
WS-CENTRAL,13/04/2025,09:00,Clear,18.7,0.0,10000.0
WS-CENTRAL,13/04/2025,10:00,CLEAR,20.4,0.0,10000.0
WS-CENTRAL,13/04/2025,11:00,clear,20.4,0.0,10000.0
WS-CENTRAL,13/04/2025,12:00,Clear,22.3,0.0,10000.0
WS-CENTRAL,13/04/2025,13:00,Clear,20.5,0.0,10000.0
WS-CENTRAL,13/04/2025,14:00,CLEAR,23.7,0.0,10000.0
WS-CENTRAL,13/04/2025,15:00,Clear,23.8,0.0,10000.0
WS-CENTRAL,13/04/2025,16:00,Clear,22.2,0.0,10000.0
WS-CENTRAL,13/04/2025,17:00,clear,25.7,0.0,10000.0
WS-CENTRAL,13/04/2025,18:00,clear,22.0,0.0,10000.0
WS-CENTRAL,13/04/2025,19:00,CLEAR,19.9,0.0,10000.0
WS-CENTRAL,13/04/2025,20:00,Clear,20.9,0.0,10000.0
WS-CENTRAL,13/04/2025,21:00,CLEAR,20.0,0.0,10000.0
WS-CENTRAL,13/04/2025,22:00,clear,19.8,0.0,10000.0
WS-CENTRAL,13/04/2025,23:00,clear,17.7,0.0,10000.0
WS-CENTRAL,14/04/2025,00:00,Clear,14.9,0.0,10000.0
WS-CENTRAL,14/04/2025,01:00,Clear,13.4,0.0,10000.0
WS-CENTRAL,14/04/2025,02:00,Cloudy,16.5,0.0,10000.0
WS-CENTRAL,14/04/2025,03:00,Cloudy,14.8,0.0,10000.0
WS-CENTRAL,14/04/2025,04:00,cloudy,15.3,0.0,10000.0
WS-CENTRAL,14/04/2025,05:00,Clear,17.4,0.0,10000.0
WS-CENTRAL,14/04/2025,06:00,CLEAR,15.7,0.0,10000.0
WS-CENTRAL,14/04/2025,07:00,Clear,16.8,0.0,10000.0
WS-CENTRAL,14/04/2025,08:00,Clear,18.8,0.0,10000.0
WS-CENTRAL,14/04/2025,09:00,Clear,20.1,0.0,10000.0
WS-CENTRAL,14/04/2025,10:00,clear,21.2,0.0,10000.0
WS-CENTRAL,14/04/2025,11:00,clear,20.8,0.0,10000.0
WS-CENTRAL,14/04/2025,12:00,Clear,21.4,0.0,10000.0
WS-CENTRAL,14/04/2025,13:00,clear,24.6,0.0,10000.0
WS-CENTRAL,14/04/2025,14:00,CLEAR,24.4,0.0,10000.0
WS-CENTRAL,14/04/2025,15:00,clear,23.0,0.0,10000.0
WS-CENTRAL,14/04/2025,16:00,CLEAR,24.3,0.0,10000.0
WS-CENTRAL,14/04/2025,17:00,Clear,26.5,0.0,10000.0
WS-CENTRAL,14/04/2025,18:00,clear,22.2,0.0,10000.0
WS-CENTRAL,14/04/2025,19:00,Clear,21.3,0.0,10000.0
WS-CENTRAL,14/04/2025,20:00,Clear,19.5,0.0,10000.0
WS-CENTRAL,14/04/2025,21:00,Clear,21.6,0.0,10000.0
WS-CENTRAL,14/04/2025,22:00,Clear,15.6,0.0,10000.0
WS-CENTRAL,14/04/2025,23:00,Clear,17.7,0.0,10000.0
WS-CENTRAL,15/04/2025,00:00,clear,16.7,0.0,10000.0
WS-CENTRAL,15/04/2025,01:00,clear,14.9,0.0,10000.0
WS-CENTRAL,15/04/2025,02:00,Cloudy,14.7,0.0,10000.0
WS-CENTRAL,15/04/2025,03:00,Overcast,13.0,0.0,10000.0
WS-CENTRAL,15/04/2025,04:00,Cloudy,15.1,0.0,10000.0
WS-CENTRAL,15/04/2025,05:00,Cloudy,16.6,0.0,10000.0
WS-CENTRAL,15/04/2025,06:00,cloudy,16.2,0.0,10000.0
WS-CENTRAL,15/04/2025,07:00,Clear,17.0,0.0,10000.0
WS-CENTRAL,15/04/2025,08:00,Clear,18.6,0.0,10000.0
WS-CENTRAL,15/04/2025,09:00,Clear,17.5,0.0,10000.0
WS-CENTRAL,15/04/2025,10:00,Clear,19.8,0.0,10000.0
WS-CENTRAL,15/04/2025,11:00,Clear,,0.0,10000.0
WS-CENTRAL,15/04/2025,12:00,Clear,24.7,0.0,10000.0
WS-CENTRAL,15/04/2025,13:00,Clear,23.2,0.0,10000.0
WS-CENTRAL,15/04/2025,14:00,CLEAR,23.2,0.0,10000.0
WS-CENTRAL,15/04/2025,15:00,Clear,26.0,0.0,10000.0
WS-CENTRAL,15/04/2025,16:00,Clear,23.7,0.0,10000.0
WS-CENTRAL,15/04/2025,17:00,Clear,21.8,0.0,10000.0
WS-CENTRAL,15/04/2025,18:00,Cloudy,23.8,0.0,10000.0
WS-CENTRAL,15/04/2025,19:00,Cloudy,21.3,0.0,10000.0
WS-CENTRAL,15/04/2025,20:00,Overcast,20.0,0.0,10000.0
WS-CENTRAL,15/04/2025,21:00,Cloudy,20.2,0.0,10000.0
WS-CENTRAL,15/04/2025,22:00,Cloudy,18.3,0.0,10000.0
WS-CENTRAL,15/04/2025,23:00,Cloudy,17.7,0.0,10000.0
WS-CENTRAL,16/04/2025,00:00,Cloudy,14.8,0.0,10000.0
WS-CENTRAL,16/04/2025,01:00,Cloudy,14.6,0.0,10000.0
WS-CENTRAL,16/04/2025,02:00,Cloudy,13.5,0.0,10000.0
WS-CENTRAL,16/04/2025,03:00,Cloudy,13.4,0.0,10000.0
WS-CENTRAL,16/04/2025,04:00,Cloudy,14.5,0.0,10000.0
WS-CENTRAL,16/04/2025,05:00,Cloudy,12.8,0.0,10000.0
WS-CENTRAL,16/04/2025,06:00,Overcast,16.7,0.0,10000.0
WS-CENTRAL,16/04/2025,07:00,Clear,17.2,0.0,10000.0
WS-CENTRAL,16/04/2025,08:00,CLEAR,18.3,0.0,10000.0
WS-CENTRAL,16/04/2025,09:00,Clear,17.6,0.0,10000.0
WS-CENTRAL,16/04/2025,10:00,Clear,19.0,0.0,10000.0
WS-CENTRAL,16/04/2025,11:00,Clear,20.9,0.0,10000.0
WS-CENTRAL,16/04/2025,12:00,CLEAR,23.0,0.0,10000.0
WS-CENTRAL,16/04/2025,13:00,Overcast,23.1,0.0,10000.0
WS-CENTRAL,16/04/2025,14:00,Cloudy,22.5,0.0,10000.0
WS-CENTRAL,16/04/2025,15:00,Cloudy,25.8,0.0,10000.0
WS-CENTRAL,16/04/2025,16:00,Cloudy,24.7,0.0,10000.0
WS-CENTRAL,16/04/2025,17:00,Clear,22.1,0.0,10000.0
WS-CENTRAL,16/04/2025,18:00,Clear,22.3,0.0,10000.0
WS-CENTRAL,16/04/2025,19:00,Clear,21.0,0.0,10000.0
WS-CENTRAL,16/04/2025,20:00,CLEAR,20.3,0.0,10000.0
WS-CENTRAL,16/04/2025,21:00,Clear,19.7,0.0,10000.0
WS-CENTRAL,16/04/2025,22:00,Clear,19.2,0.0,10000.0
WS-CENTRAL,16/04/2025,23:00,clear,17.2,0.0,10000.0
WS-CENTRAL,17/04/2025,00:00,CLEAR,15.7,0.0,10000.0
WS-CENTRAL,17/04/2025,01:00,Clear,16.1,0.0,10000.0
WS-CENTRAL,17/04/2025,02:00,Clear,16.3,0.0,10000.0
WS-CENTRAL,17/04/2025,03:00,Clear,13.4,0.0,10000.0
WS-CENTRAL,17/04/2025,04:00,Clear,13.1,0.0,10000.0
WS-CENTRAL,17/04/2025,05:00,Clear,14.9,0.0,10000.0
WS-CENTRAL,17/04/2025,06:00,Clear,15.3,0.0,10000.0
WS-CENTRAL,17/04/2025,07:00,clear,17.7,0.0,10000.0
WS-CENTRAL,17/04/2025,08:00,Clear,18.7,0.0,10000.0
WS-CENTRAL,17/04/2025,09:00,Clear,20.9,0.0,10000.0
WS-CENTRAL,17/04/2025,10:00,Clear,19.7,0.0,10000.0
WS-CENTRAL,17/04/2025,11:00,Clear,24.0,0.0,10000.0
WS-CENTRAL,17/04/2025,12:00,clear,22.4,0.0,10000.0
WS-CENTRAL,17/04/2025,13:00,Cloudy,24.5,0.0,10000.0
WS-CENTRAL,17/04/2025,14:00,Cloudy,23.3,0.0,10000.0
WS-CENTRAL,17/04/2025,15:00,Cloudy,23.2,0.0,10000.0
WS-CENTRAL,17/04/2025,16:00,Cloudy,23.0,0.0,10000.0
WS-CENTRAL,17/04/2025,17:00,clear,25.0,0.0,10000.0
WS-CENTRAL,17/04/2025,18:00,Clear,22.8,0.0,10000.0
WS-CENTRAL,17/04/2025,19:00,Cloudy,21.2,0.0,10000.0
WS-CENTRAL,17/04/2025,20:00,Cloudy,21.5,0.0,10000.0
WS-CENTRAL,17/04/2025,21:00,Cloudy,19.5,0.0,10000.0
WS-CENTRAL,17/04/2025,22:00,Clear,18.3,0.0,10000.0
WS-CENTRAL,17/04/2025,23:00,CLEAR,17.1,0.0,10000.0
WS-CENTRAL,18/04/2025,00:00,Clear,16.0,0.0,10000.0
WS-CENTRAL,18/04/2025,01:00,CLEAR,16.4,0.0,10000.0
WS-CENTRAL,18/04/2025,02:00,Clear,15.1,0.0,10000.0
WS-CENTRAL,18/04/2025,03:00,Clear,15.7,0.0,10000.0
WS-CENTRAL,18/04/2025,04:00,Clear,17.5,0.0,10000.0
WS-CENTRAL,18/04/2025,05:00,Cloudy,15.1,0.0,10000.0
WS-CENTRAL,18/04/2025,06:00,Cloudy,16.6,0.0,10000.0
WS-CENTRAL,18/04/2025,07:00,Overcast,16.6,0.0,10000.0
WS-CENTRAL,18/04/2025,08:00,Cloudy,17.7,0.0,10000.0
WS-CENTRAL,18/04/2025,09:00,Cloudy,18.0,0.0,10000.0
WS-CENTRAL,18/04/2025,10:00,Cloudy,19.2,0.0,10000.0
WS-CENTRAL,18/04/2025,11:00,Clear,22.8,0.0,10000.0
WS-CENTRAL,18/04/2025,12:00,Clear,24.0,0.0,10000.0
WS-CENTRAL,18/04/2025,13:00,Clear,22.9,0.0,10000.0
WS-CENTRAL,18/04/2025,14:00,clear,22.8,0.0,10000.0
WS-CENTRAL,18/04/2025,15:00,Cloudy,24.6,0.0,10000.0
WS-CENTRAL,18/04/2025,16:00,Cloudy,23.9,0.0,10000.0
WS-CENTRAL,18/04/2025,17:00,cloudy,23.0,0.0,10000.0
WS-CENTRAL,18/04/2025,18:00,Overcast,21.2,0.0,10000.0
WS-CENTRAL,18/04/2025,19:00,Clear,22.2,0.0,10000.0
WS-CENTRAL,18/04/2025,20:00,Clear,21.9,0.0,10000.0
WS-CENTRAL,18/04/2025,21:00,Clear,17.3,0.0,10000.0
WS-CENTRAL,18/04/2025,22:00,Clear,20.2,0.0,10000.0
WS-CENTRAL,18/04/2025,23:00,Clear,18.2,0.0,10000.0
WS-CENTRAL,19/04/2025,00:00,CLEAR,14.8,0.0,10000.0
WS-CENTRAL,19/04/2025,01:00,Clear,16.1,0.0,10000.0
WS-CENTRAL,19/04/2025,02:00,clear,16.1,0.0,10000.0
WS-CENTRAL,19/04/2025,03:00,Clear,16.1,0.0,10000.0
WS-CENTRAL,19/04/2025,04:00,clear,14.6,0.0,10000.0
WS-CENTRAL,19/04/2025,05:00,Clear,14.9,0.0,10000.0
WS-CENTRAL,19/04/2025,06:00,Clear,14.9,0.0,10000.0
WS-CENTRAL,19/04/2025,07:00,Clear,17.6,0.0,10000.0
WS-CENTRAL,19/04/2025,08:00,clear,17.9,0.0,10000.0
WS-CENTRAL,19/04/2025,09:00,Overcast,18.6,0.0,10000.0
WS-CENTRAL,19/04/2025,10:00,Cloudy,23.6,0.0,10000.0
WS-CENTRAL,19/04/2025,11:00,Cloudy,23.8,0.0,10000.0
WS-CENTRAL,19/04/2025,12:00,Clear,21.9,0.0,10000.0
WS-CENTRAL,19/04/2025,13:00,CLEAR,25.5,0.0,10000.0
WS-CENTRAL,19/04/2025,14:00,CLEAR,24.7,0.0,10000.0
WS-CENTRAL,19/04/2025,15:00,Clear,25.4,0.0,10000.0
WS-CENTRAL,19/04/2025,16:00,CLEAR,24.9,0.0,10000.0
WS-CENTRAL,19/04/2025,17:00,Rain,24.0,5.1,3818.0
WS-CENTRAL,19/04/2025,18:00,rain ,23.3,5.6,4977.0
WS-CENTRAL,19/04/2025,19:00,CLEAR,22.9,0.0,10000.0
WS-CENTRAL,19/04/2025,20:00,CLEAR,20.3,0.0,10000.0
WS-CENTRAL,19/04/2025,21:00,Clear,21.2,0.0,10000.0
WS-CENTRAL,19/04/2025,22:00,Clear,17.6,0.0,10000.0
WS-CENTRAL,19/04/2025,23:00,CLEAR,17.4,0.0,10000.0
WS-CENTRAL,20/04/2025,00:00,Clear,17.0,0.0,10000.0
WS-CENTRAL,20/04/2025,01:00,Clear,14.4,0.0,10000.0
WS-CENTRAL,20/04/2025,02:00,Clear,15.9,0.0,
WS-CENTRAL,20/04/2025,03:00,Clear,13.2,0.0,10000.0
WS-CENTRAL,20/04/2025,04:00,Clear,16.8,0.0,10000.0
WS-CENTRAL,20/04/2025,05:00,Cloudy,14.7,0.0,10000.0
WS-CENTRAL,20/04/2025,06:00,Cloudy,17.0,0.0,10000.0
WS-CENTRAL,20/04/2025,07:00,Clear,17.6,0.0,10000.0
WS-CENTRAL,20/04/2025,08:00,Clear,18.7,0.0,10000.0
WS-CENTRAL,20/04/2025,09:00,Clear,19.8,0.0,10000.0
WS-CENTRAL,20/04/2025,10:00,Clear,21.1,0.0,10000.0
WS-CENTRAL,20/04/2025,11:00,CLEAR,23.7,0.0,10000.0
WS-CENTRAL,20/04/2025,12:00,clear,22.8,0.0,10000.0
WS-CENTRAL,20/04/2025,13:00,Clear,25.8,0.0,10000.0
WS-CENTRAL,20/04/2025,14:00,CLEAR,22.3,0.0,10000.0
WS-CENTRAL,20/04/2025,15:00,clear,24.4,0.0,10000.0
WS-CENTRAL,20/04/2025,16:00,Clear,24.7,0.0,10000.0
WS-CENTRAL,20/04/2025,17:00,Clear,26.6,0.0,10000.0
WS-CENTRAL,20/04/2025,18:00,Clear,23.6,0.0,10000.0
WS-CENTRAL,20/04/2025,19:00,clear,21.8,0.0,10000.0
WS-CENTRAL,20/04/2025,20:00,CLEAR,21.2,0.0,10000.0
WS-CENTRAL,20/04/2025,21:00,Clear,19.6,0.0,10000.0
WS-CENTRAL,20/04/2025,22:00,CLEAR,18.4,0.0,10000.0
WS-CENTRAL,20/04/2025,23:00,CLEAR,18.6,0.0,10000.0
WS-CENTRAL,21/04/2025,00:00,clear,18.0,0.0,10000.0
WS-CENTRAL,21/04/2025,01:00,clear,16.4,0.0,10000.0
WS-CENTRAL,21/04/2025,02:00,Clear,15.5,0.0,10000.0
WS-CENTRAL,21/04/2025,03:00,Clear,13.9,0.0,10000.0
WS-CENTRAL,21/04/2025,04:00,clear,14.5,0.0,10000.0
WS-CENTRAL,21/04/2025,05:00,Rain,14.1,6.1,3116.0
WS-CENTRAL,21/04/2025,06:00,rain ,14.9,2.6,4252.0
WS-CENTRAL,21/04/2025,07:00,Rain,16.5,5.2,2061.0
WS-CENTRAL,21/04/2025,08:00,Clear,18.9,0.0,10000.0
WS-CENTRAL,21/04/2025,09:00,clear,20.7,0.0,10000.0
WS-CENTRAL,21/04/2025,10:00,CLEAR,21.7,0.0,10000.0
WS-CENTRAL,21/04/2025,11:00,Clear,21.3,0.0,10000.0
WS-CENTRAL,21/04/2025,12:00,CLEAR,24.2,0.0,10000.0
WS-CENTRAL,21/04/2025,13:00,clear,23.1,0.0,10000.0
WS-CENTRAL,21/04/2025,14:00,Clear,25.1,0.0,10000.0
WS-CENTRAL,21/04/2025,15:00,clear,23.2,0.0,10000.0
WS-CENTRAL,21/04/2025,16:00,CLEAR,26.3,0.0,10000.0
WS-CENTRAL,21/04/2025,17:00,CLEAR,23.4,0.0,10000.0
WS-CENTRAL,21/04/2025,18:00,Clear,24.9,0.0,10000.0
WS-CENTRAL,21/04/2025,19:00,Clear,21.9,0.0,10000.0
WS-CENTRAL,21/04/2025,20:00,Clear,20.4,0.0,10000.0
WS-CENTRAL,21/04/2025,21:00,Clear,18.1,0.0,10000.0
WS-CENTRAL,21/04/2025,22:00,Clear,18.5,0.0,10000.0
WS-CENTRAL,21/04/2025,23:00,CLEAR,18.0,0.0,10000.0
WS-CENTRAL,22/04/2025,00:00,CLEAR,18.8,0.0,10000.0
WS-CENTRAL,22/04/2025,01:00,Clear,15.2,0.0,10000.0
WS-CENTRAL,22/04/2025,02:00,Clear,13.6,0.0,10000.0
WS-CENTRAL,22/04/2025,03:00,Clear,14.7,0.0,10000.0
WS-CENTRAL,22/04/2025,04:00,Clear,15.1,0.0,10000.0
WS-CENTRAL,22/04/2025,05:00,Clear,14.1,0.0,10000.0
WS-CENTRAL,22/04/2025,06:00,Clear,17.3,0.0,10000.0
WS-CENTRAL,22/04/2025,07:00,CLEAR,17.9,0.0,10000.0
WS-CENTRAL,22/04/2025,08:00,Clear,17.2,0.0,10000.0
WS-CENTRAL,22/04/2025,09:00,Clear,21.8,0.0,10000.0
WS-CENTRAL,22/04/2025,10:00,Clear,22.4,0.0,10000.0
WS-CENTRAL,22/04/2025,11:00,Clear,21.0,0.0,10000.0
WS-CENTRAL,22/04/2025,12:00,Clear,22.1,0.0,10000.0
WS-CENTRAL,22/04/2025,13:00,Clear,25.2,0.0,10000.0
WS-CENTRAL,22/04/2025,14:00,Clear,23.0,0.0,10000.0
WS-CENTRAL,22/04/2025,15:00,CLEAR,23.4,0.0,10000.0
WS-CENTRAL,22/04/2025,16:00,Clear,25.5,0.0,10000.0
WS-CENTRAL,22/04/2025,17:00,Clear,22.6,0.0,10000.0
WS-CENTRAL,22/04/2025,18:00,Cloudy,25.0,0.0,10000.0
WS-CENTRAL,22/04/2025,19:00,Cloudy,23.7,0.0,10000.0
WS-CENTRAL,22/04/2025,20:00,CLEAR,21.2,0.0,10000.0
WS-CENTRAL,22/04/2025,21:00,Clear,20.2,0.0,10000.0
WS-CENTRAL,22/04/2025,22:00,Clear,18.0,0.0,10000.0
WS-CENTRAL,22/04/2025,23:00,Clear,15.6,0.0,10000.0
WS-CENTRAL,23/04/2025,00:00,Clear,17.5,0.0,10000.0
WS-CENTRAL,23/04/2025,01:00,Clear,14.1,0.0,10000.0
WS-CENTRAL,23/04/2025,02:00,Clear,16.0,0.0,10000.0
WS-CENTRAL,23/04/2025,03:00,Clear,14.6,0.0,10000.0
WS-CENTRAL,23/04/2025,04:00,clear,17.2,0.0,10000.0
WS-CENTRAL,23/04/2025,05:00,Clear,15.8,0.0,10000.0
WS-CENTRAL,23/04/2025,06:00,Clear,15.4,0.0,10000.0
WS-CENTRAL,23/04/2025,07:00,Clear,17.6,0.0,10000.0
WS-CENTRAL,23/04/2025,08:00,Clear,18.9,0.0,10000.0
WS-CENTRAL,23/04/2025,09:00,clear,18.8,0.0,10000.0
WS-CENTRAL,23/04/2025,10:00,Clear,23.7,0.0,10000.0
WS-CENTRAL,23/04/2025,11:00,Clear,23.0,0.0,10000.0
WS-CENTRAL,23/04/2025,12:00,Clear,24.9,0.0,10000.0
WS-CENTRAL,23/04/2025,13:00,Clear,26.7,0.0,10000.0
WS-CENTRAL,23/04/2025,14:00,Clear,24.4,0.0,10000.0
WS-CENTRAL,23/04/2025,15:00,Clear,24.9,0.0,10000.0
WS-CENTRAL,23/04/2025,16:00,Clear,25.8,0.0,10000.0
WS-CENTRAL,23/04/2025,17:00,Clear,25.0,0.0,10000.0
WS-CENTRAL,23/04/2025,18:00,CLEAR,23.8,0.0,10000.0
WS-CENTRAL,23/04/2025,19:00,Clear,24.5,0.0,10000.0
WS-CENTRAL,23/04/2025,20:00,Clear,20.4,0.0,10000.0
WS-CENTRAL,23/04/2025,21:00,Clear,18.3,0.0,10000.0
WS-CENTRAL,23/04/2025,22:00,Clear,18.1,0.0,10000.0
WS-CENTRAL,23/04/2025,23:00,cloudy,17.1,0.0,10000.0
WS-CENTRAL,24/04/2025,00:00,Cloudy,15.5,0.0,10000.0
WS-CENTRAL,24/04/2025,01:00,Clear,15.4,0.0,10000.0
WS-CENTRAL,24/04/2025,02:00,Clear,14.2,0.0,10000.0
WS-CENTRAL,24/04/2025,03:00,Clear,13.5,0.0,10000.0
WS-CENTRAL,24/04/2025,04:00,Clear,16.5,0.0,10000.0
WS-CENTRAL,24/04/2025,05:00,Clear,16.7,0.0,10000.0
WS-CENTRAL,24/04/2025,06:00,Clear,18.0,0.0,10000.0
WS-CENTRAL,24/04/2025,07:00,Clear,18.5,0.0,10000.0
WS-CENTRAL,24/04/2025,08:00,Clear,16.1,0.0,10000.0
WS-CENTRAL,24/04/2025,09:00,Clear,18.8,0.0,10000.0
WS-CENTRAL,24/04/2025,10:00,Clear,23.4,0.0,10000.0
WS-CENTRAL,24/04/2025,11:00,clear,22.9,0.0,10000.0
WS-CENTRAL,24/04/2025,12:00,Clear,22.5,0.0,10000.0
WS-CENTRAL,24/04/2025,13:00,Clear,25.0,0.0,10000.0
WS-CENTRAL,24/04/2025,14:00,Clear,27.1,0.0,10000.0
WS-CENTRAL,24/04/2025,15:00,Clear,23.6,0.0,10000.0
WS-CENTRAL,24/04/2025,16:00,Clear,26.0,0.0,10000.0
WS-CENTRAL,24/04/2025,17:00,Clear,25.4,0.0,10000.0
WS-CENTRAL,24/04/2025,18:00,Clear,23.2,0.0,10000.0
WS-CENTRAL,24/04/2025,19:00,clear,20.1,0.0,10000.0
WS-CENTRAL,24/04/2025,20:00,CLEAR,21.1,0.0,10000.0
WS-CENTRAL,24/04/2025,21:00,rainy,20.0,1.9,3329.0
WS-CENTRAL,24/04/2025,22:00,rainy,19.7,4.8,3778.0
WS-CENTRAL,24/04/2025,23:00,Rain,19.5,5.7,1833.0
WS-CENTRAL,25/04/2025,00:00,Cloudy,17.4,0.0,10000.0
WS-CENTRAL,25/04/2025,01:00,Overcast,16.4,0.0,10000.0
WS-CENTRAL,25/04/2025,02:00,Cloudy,16.9,0.0,10000.0
WS-CENTRAL,25/04/2025,03:00,cloudy,15.1,0.0,10000.0
WS-CENTRAL,25/04/2025,04:00,Cloudy,14.0,0.0,10000.0
WS-CENTRAL,25/04/2025,05:00,CLEAR,15.4,0.0,10000.0
WS-CENTRAL,25/04/2025,06:00,Clear,16.9,0.0,10000.0
WS-CENTRAL,25/04/2025,07:00,clear,18.2,0.0,10000.0
WS-CENTRAL,25/04/2025,08:00,clear,19.1,0.0,10000.0
WS-CENTRAL,25/04/2025,09:00,Clear,21.8,0.0,10000.0
WS-CENTRAL,25/04/2025,10:00,Clear,20.6,0.0,10000.0
WS-CENTRAL,25/04/2025,11:00,Clear,21.6,0.0,10000.0
WS-CENTRAL,25/04/2025,12:00,Clear,25.9,0.0,10000.0
WS-CENTRAL,25/04/2025,13:00,Clear,23.9,0.0,10000.0
WS-CENTRAL,25/04/2025,14:00,Clear,24.8,0.0,10000.0
WS-CENTRAL,25/04/2025,15:00,cloudy,24.3,0.0,10000.0
WS-CENTRAL,25/04/2025,16:00,Cloudy,26.0,0.0,10000.0
WS-CENTRAL,25/04/2025,17:00,Clear,25.9,0.0,10000.0
WS-CENTRAL,25/04/2025,18:00,Clear,22.7,0.0,10000.0
WS-CENTRAL,25/04/2025,19:00,clear,21.5,0.0,10000.0
WS-CENTRAL,25/04/2025,20:00,Clear,22.6,0.0,10000.0
WS-CENTRAL,25/04/2025,21:00,CLEAR,20.4,0.0,10000.0
WS-CENTRAL,25/04/2025,22:00,clear,19.5,0.0,10000.0
WS-CENTRAL,25/04/2025,23:00,clear,18.6,0.0,10000.0
WS-CENTRAL,26/04/2025,00:00,Clear,18.4,0.0,10000.0
WS-CENTRAL,26/04/2025,01:00,clear,15.1,0.0,10000.0
WS-CENTRAL,26/04/2025,02:00,Clear,15.8,0.0,10000.0
WS-CENTRAL,26/04/2025,03:00,Clear,15.3,0.0,10000.0
WS-CENTRAL,26/04/2025,04:00,CLEAR,17.0,0.0,10000.0
WS-CENTRAL,26/04/2025,05:00,Clear,18.4,0.0,10000.0
WS-CENTRAL,26/04/2025,06:00,clear,,0.0,10000.0
WS-CENTRAL,26/04/2025,07:00,Clear,15.7,0.0,10000.0
WS-CENTRAL,26/04/2025,08:00,Clear,19.1,0.0,10000.0
WS-CENTRAL,26/04/2025,09:00,Clear,20.3,0.0,10000.0
WS-CENTRAL,26/04/2025,10:00,clear,23.0,0.0,10000.0
WS-CENTRAL,26/04/2025,11:00,Clear,21.6,0.0,10000.0
WS-CENTRAL,26/04/2025,12:00,Clear,23.6,0.0,10000.0
WS-CENTRAL,26/04/2025,13:00,Clear,23.1,0.0,10000.0
WS-CENTRAL,26/04/2025,14:00,Clear,26.2,0.0,10000.0
WS-CENTRAL,26/04/2025,15:00,Clear,25.1,0.0,10000.0
WS-CENTRAL,26/04/2025,16:00,Clear,22.7,0.0,10000.0
WS-CENTRAL,26/04/2025,17:00,CLEAR,23.5,0.0,10000.0
WS-CENTRAL,26/04/2025,18:00,Clear,24.0,0.0,10000.0
WS-CENTRAL,26/04/2025,19:00,Clear,22.4,0.0,10000.0
WS-CENTRAL,26/04/2025,20:00,Clear,21.6,0.0,10000.0
WS-CENTRAL,26/04/2025,21:00,clear,18.4,0.0,10000.0
WS-CENTRAL,26/04/2025,22:00,Clear,17.2,0.0,10000.0
WS-CENTRAL,26/04/2025,23:00,Clear,19.8,0.0,10000.0
WS-CENTRAL,27/04/2025,00:00,Clear,18.2,0.0,10000.0
WS-CENTRAL,27/04/2025,01:00,Cloudy,17.1,0.0,10000.0
WS-CENTRAL,27/04/2025,02:00,Overcast,15.4,0.0,10000.0
WS-CENTRAL,27/04/2025,03:00,Overcast,13.9,0.0,10000.0
WS-CENTRAL,27/04/2025,04:00,Overcast,15.3,0.0,10000.0
WS-CENTRAL,27/04/2025,05:00,cloudy,13.0,0.0,10000.0
WS-CENTRAL,27/04/2025,06:00,Cloudy,15.5,0.0,10000.0
WS-CENTRAL,27/04/2025,07:00,CLEAR,17.6,0.0,10000.0
WS-CENTRAL,27/04/2025,08:00,CLEAR,17.2,0.0,10000.0
WS-CENTRAL,27/04/2025,09:00,CLEAR,18.4,0.0,10000.0
WS-CENTRAL,27/04/2025,10:00,Clear,21.7,0.0,10000.0
WS-CENTRAL,27/04/2025,11:00,CLEAR,23.5,0.0,10000.0
WS-CENTRAL,27/04/2025,12:00,Clear,22.7,0.0,10000.0
WS-CENTRAL,27/04/2025,13:00,Clear,22.9,0.0,10000.0
WS-CENTRAL,27/04/2025,14:00,clear,25.9,0.0,10000.0
WS-CENTRAL,27/04/2025,15:00,Cloudy,23.9,0.0,10000.0
WS-CENTRAL,27/04/2025,16:00,Overcast,26.3,0.0,10000.0
WS-CENTRAL,27/04/2025,17:00,Cloudy,24.4,0.0,10000.0
WS-CENTRAL,27/04/2025,18:00,Cloudy,23.0,0.0,10000.0
WS-CENTRAL,27/04/2025,19:00,clear,23.7,0.0,10000.0
WS-CENTRAL,27/04/2025,20:00,Clear,21.1,0.0,10000.0
WS-CENTRAL,27/04/2025,21:00,Cloudy,21.1,0.0,10000.0
WS-CENTRAL,27/04/2025,22:00,Cloudy,19.2,0.0,10000.0
WS-CENTRAL,27/04/2025,23:00,Clear,16.6,0.0,10000.0
WS-CENTRAL,28/04/2025,00:00,CLEAR,17.1,0.0,10000.0
WS-CENTRAL,28/04/2025,01:00,Clear,13.9,0.0,10000.0
WS-CENTRAL,28/04/2025,02:00,CLEAR,14.3,0.0,10000.0
WS-CENTRAL,28/04/2025,03:00,Cloudy,13.3,0.0,10000.0
WS-CENTRAL,28/04/2025,04:00,cloudy,15.1,0.0,10000.0
WS-CENTRAL,28/04/2025,05:00,Overcast,16.5,0.0,10000.0
WS-CENTRAL,28/04/2025,06:00,Cloudy,16.6,0.0,10000.0
WS-CENTRAL,28/04/2025,07:00,Cloudy,18.5,0.0,10000.0
WS-CENTRAL,28/04/2025,08:00,Cloudy,20.6,0.0,10000.0
WS-CENTRAL,28/04/2025,09:00,cloudy,18.9,0.0,10000.0
WS-CENTRAL,28/04/2025,10:00,Clear,23.9,0.0,10000.0
WS-CENTRAL,28/04/2025,11:00,clear,23.2,0.0,10000.0
WS-CENTRAL,28/04/2025,12:00,CLEAR,25.0,0.0,10000.0
WS-CENTRAL,28/04/2025,13:00,Clear,24.3,0.0,10000.0
WS-CENTRAL,28/04/2025,14:00,CLEAR,26.5,0.0,10000.0
WS-CENTRAL,28/04/2025,15:00,Clear,27.3,0.0,10000.0
WS-CENTRAL,28/04/2025,16:00,clear,26.4,0.0,
WS-CENTRAL,28/04/2025,17:00,Clear,22.8,0.0,10000.0
WS-CENTRAL,28/04/2025,18:00,Clear,22.3,0.0,10000.0
WS-CENTRAL,28/04/2025,19:00,Clear,22.8,0.0,10000.0
WS-CENTRAL,28/04/2025,20:00,CLEAR,22.3,0.0,10000.0
WS-CENTRAL,28/04/2025,21:00,Clear,21.8,0.0,10000.0
WS-CENTRAL,28/04/2025,22:00,Clear,18.4,0.0,10000.0
WS-CENTRAL,28/04/2025,23:00,Cloudy,17.7,0.0,10000.0
WS-CENTRAL,29/04/2025,00:00,Cloudy,15.6,0.0,10000.0
WS-CENTRAL,29/04/2025,01:00,Cloudy,15.8,0.0,10000.0
WS-CENTRAL,29/04/2025,02:00,Cloudy,16.0,0.0,10000.0
WS-CENTRAL,29/04/2025,03:00,Overcast,17.7,0.0,10000.0
WS-CENTRAL,29/04/2025,04:00,Cloudy,15.3,0.0,10000.0
WS-CENTRAL,29/04/2025,05:00,cloudy,15.0,0.0,10000.0
WS-CENTRAL,29/04/2025,06:00,Clear,17.7,0.0,10000.0
WS-CENTRAL,29/04/2025,07:00,Clear,18.7,0.0,10000.0
WS-CENTRAL,29/04/2025,08:00,Clear,18.8,0.0,10000.0
WS-CENTRAL,29/04/2025,09:00,Clear,19.8,0.0,10000.0
WS-CENTRAL,29/04/2025,10:00,Clear,21.0,0.0,10000.0
WS-CENTRAL,29/04/2025,11:00,Clear,22.1,0.0,10000.0
WS-CENTRAL,29/04/2025,12:00,Clear,24.7,0.0,10000.0
WS-CENTRAL,29/04/2025,13:00,clear,22.5,0.0,10000.0
WS-CENTRAL,29/04/2025,14:00,CLEAR,27.0,0.0,10000.0
WS-CENTRAL,29/04/2025,15:00,CLEAR,24.9,0.0,10000.0
WS-CENTRAL,29/04/2025,16:00,Overcast,24.7,0.0,10000.0
WS-CENTRAL,29/04/2025,17:00,cloudy,23.1,0.0,10000.0
WS-CENTRAL,29/04/2025,18:00,Cloudy,24.5,0.0,10000.0
WS-CENTRAL,29/04/2025,19:00,cloudy,22.5,0.0,10000.0
WS-CENTRAL,29/04/2025,20:00,Cloudy,21.1,0.0,10000.0
WS-CENTRAL,29/04/2025,21:00,Clear,19.9,0.0,10000.0
WS-CENTRAL,29/04/2025,22:00,clear,17.9,0.0,10000.0
WS-CENTRAL,29/04/2025,23:00,Clear,17.3,0.0,10000.0
WS-CENTRAL,30/04/2025,00:00,Clear,,0.0,10000.0
WS-CENTRAL,30/04/2025,01:00,Clear,17.3,0.0,10000.0
WS-CENTRAL,30/04/2025,02:00,Clear,15.6,0.0,10000.0
WS-CENTRAL,30/04/2025,03:00,Clear,,0.0,10000.0
WS-CENTRAL,30/04/2025,04:00,Clear,14.1,0.0,10000.0
WS-CENTRAL,30/04/2025,05:00,Clear,15.2,0.0,10000.0
WS-CENTRAL,30/04/2025,06:00,CLEAR,15.7,0.0,10000.0
WS-CENTRAL,30/04/2025,07:00,Cloudy,17.1,0.0,10000.0
WS-CENTRAL,30/04/2025,08:00,Cloudy,17.8,0.0,
WS-CENTRAL,30/04/2025,09:00,clear,,0.0,10000.0
WS-CENTRAL,30/04/2025,10:00,Clear,23.7,0.0,10000.0
WS-CENTRAL,30/04/2025,11:00,CLEAR,23.6,0.0,10000.0
WS-CENTRAL,30/04/2025,12:00,Cloudy,23.9,0.0,10000.0
WS-CENTRAL,30/04/2025,13:00,Overcast,22.5,0.0,10000.0
WS-CENTRAL,30/04/2025,14:00,Cloudy,27.1,0.0,10000.0
WS-CENTRAL,30/04/2025,15:00,cloudy,25.6,0.0,
WS-CENTRAL,30/04/2025,16:00,cloudy,25.4,0.0,10000.0
WS-CENTRAL,30/04/2025,17:00,Cloudy,25.0,0.0,10000.0
WS-CENTRAL,30/04/2025,18:00,Cloudy,25.5,0.0,10000.0
WS-CENTRAL,30/04/2025,19:00,Clear,25.7,0.0,10000.0
WS-CENTRAL,30/04/2025,20:00,Clear,23.1,0.0,10000.0
WS-CENTRAL,30/04/2025,21:00,clear,19.7,0.0,10000.0
WS-CENTRAL,30/04/2025,22:00,Clear,20.3,0.0,10000.0
WS-CENTRAL,30/04/2025,23:00,Clear,18.6,0.0,10000.0
WS-CENTRAL,01/05/2025,00:00,Clear,17.5,0.0,10000.0
WS-CENTRAL,01/05/2025,01:00,Clear,16.0,0.0,10000.0
WS-CENTRAL,01/05/2025,02:00,CLEAR,,0.0,10000.0
WS-CENTRAL,01/05/2025,03:00,Cloudy,15.6,0.0,10000.0
WS-CENTRAL,01/05/2025,04:00,Cloudy,18.0,0.0,10000.0
WS-CENTRAL,01/05/2025,05:00,Fog,14.9,0.0,495.0
WS-CENTRAL,01/05/2025,06:00,Fog,15.2,0.0,595.0
WS-CENTRAL,01/05/2025,07:00,Cloudy,16.5,0.0,10000.0
WS-CENTRAL,01/05/2025,08:00,cloudy,19.0,0.0,10000.0
WS-CENTRAL,01/05/2025,09:00,Cloudy,18.6,0.0,10000.0
WS-CENTRAL,01/05/2025,10:00,Cloudy,22.1,0.0,10000.0
WS-CENTRAL,01/05/2025,11:00,Cloudy,22.5,0.0,10000.0
WS-CENTRAL,01/05/2025,12:00,Cloudy,22.6,0.0,10000.0
WS-CENTRAL,01/05/2025,13:00,CLEAR,24.9,0.0,10000.0
WS-CENTRAL,01/05/2025,14:00,CLEAR,26.2,0.0,10000.0
WS-CENTRAL,01/05/2025,15:00,Clear,26.3,0.0,10000.0
WS-CENTRAL,01/05/2025,16:00,Clear,25.4,0.0,10000.0
WS-CENTRAL,01/05/2025,17:00,Clear,24.9,0.0,10000.0
WS-CENTRAL,01/05/2025,18:00,Clear,22.1,0.0,10000.0
WS-CENTRAL,01/05/2025,19:00,clear,22.8,0.0,10000.0
WS-CENTRAL,01/05/2025,20:00,clear,22.9,0.0,10000.0
WS-CENTRAL,01/05/2025,21:00,Clear,21.0,0.0,10000.0
WS-CENTRAL,01/05/2025,22:00,Clear,18.7,0.0,10000.0
WS-CENTRAL,01/05/2025,23:00,CLEAR,16.6,0.0,10000.0
WS-CENTRAL,02/05/2025,00:00,clear,16.9,0.0,10000.0
WS-CENTRAL,02/05/2025,01:00,Clear,17.0,0.0,10000.0
WS-CENTRAL,02/05/2025,02:00,Clear,14.2,0.0,10000.0
WS-CENTRAL,02/05/2025,03:00,Clear,14.4,0.0,10000.0
WS-CENTRAL,02/05/2025,04:00,CLEAR,16.0,0.0,10000.0
WS-CENTRAL,02/05/2025,05:00,clear,15.9,0.0,10000.0
WS-CENTRAL,02/05/2025,06:00,clear,17.8,0.0,10000.0
WS-CENTRAL,02/05/2025,07:00,Clear,18.5,0.0,10000.0
WS-CENTRAL,02/05/2025,08:00,clear,19.8,0.0,10000.0
WS-CENTRAL,02/05/2025,09:00,clear,,0.0,10000.0
WS-CENTRAL,02/05/2025,10:00,CLEAR,21.8,0.0,10000.0
WS-CENTRAL,02/05/2025,11:00,Clear,22.6,0.0,10000.0
WS-CENTRAL,02/05/2025,12:00,Clear,23.3,0.0,10000.0
WS-CENTRAL,02/05/2025,13:00,Clear,24.5,0.0,10000.0
WS-CENTRAL,02/05/2025,14:00,Clear,25.2,0.0,10000.0
WS-CENTRAL,02/05/2025,15:00,Clear,24.7,0.0,10000.0
WS-CENTRAL,02/05/2025,16:00,Clear,25.0,0.0,10000.0
WS-CENTRAL,02/05/2025,17:00,Clear,24.8,0.0,10000.0
WS-CENTRAL,02/05/2025,18:00,Clear,24.0,0.0,10000.0
WS-CENTRAL,02/05/2025,19:00,Clear,24.0,0.0,10000.0
WS-CENTRAL,02/05/2025,20:00,Clear,20.4,0.0,10000.0
WS-CENTRAL,02/05/2025,21:00,Clear,22.0,0.0,10000.0
WS-CENTRAL,02/05/2025,22:00,Rain,20.4,8.8,2352.0
WS-CENTRAL,02/05/2025,23:00,clear,17.4,0.0,10000.0
WS-CENTRAL,03/05/2025,00:00,Clear,17.6,0.0,10000.0
WS-CENTRAL,03/05/2025,01:00,Clear,18.3,0.0,10000.0
WS-CENTRAL,03/05/2025,02:00,Clear,17.2,0.0,10000.0
WS-CENTRAL,03/05/2025,03:00,cloudy,17.4,0.0,10000.0
WS-CENTRAL,03/05/2025,04:00,cloudy,15.3,0.0,10000.0
WS-CENTRAL,03/05/2025,05:00,Cloudy,17.5,0.0,10000.0
WS-CENTRAL,03/05/2025,06:00,Cloudy,17.3,0.0,10000.0
WS-CENTRAL,03/05/2025,07:00,Cloudy,17.2,0.0,10000.0
WS-CENTRAL,03/05/2025,08:00,Cloudy,17.5,0.0,10000.0
WS-CENTRAL,03/05/2025,09:00,Clear,,0.0,10000.0
WS-CENTRAL,03/05/2025,10:00,CLEAR,20.5,0.0,10000.0
WS-CENTRAL,03/05/2025,11:00,Clear,21.3,0.0,10000.0
WS-CENTRAL,03/05/2025,12:00,CLEAR,21.4,0.0,10000.0
WS-CENTRAL,03/05/2025,13:00,Clear,24.3,0.0,10000.0
WS-CENTRAL,03/05/2025,14:00,Clear,25.0,0.0,10000.0
WS-CENTRAL,03/05/2025,15:00,CLEAR,23.2,0.0,10000.0
WS-CENTRAL,03/05/2025,16:00,Clear,24.9,0.0,10000.0
WS-CENTRAL,03/05/2025,17:00,Clear,24.6,0.0,10000.0
WS-CENTRAL,03/05/2025,18:00,CLEAR,24.2,0.0,10000.0
WS-CENTRAL,03/05/2025,19:00,Clear,23.8,0.0,10000.0
WS-CENTRAL,03/05/2025,20:00,Clear,20.1,0.0,10000.0
WS-CENTRAL,03/05/2025,21:00,Clear,19.9,0.0,10000.0
WS-CENTRAL,03/05/2025,22:00,Clear,20.3,0.0,10000.0
WS-CENTRAL,03/05/2025,23:00,clear,17.6,0.0,10000.0
WS-CENTRAL,04/05/2025,00:00,Clear,17.3,0.0,10000.0
WS-CENTRAL,04/05/2025,01:00,Clear,16.3,0.0,10000.0
WS-CENTRAL,04/05/2025,02:00,Clear,15.4,0.0,10000.0
WS-CENTRAL,04/05/2025,03:00,clear,16.2,0.0,10000.0
WS-CENTRAL,04/05/2025,04:00,Clear,15.5,0.0,10000.0
WS-CENTRAL,04/05/2025,05:00,Clear,18.3,0.0,10000.0
WS-CENTRAL,04/05/2025,06:00,CLEAR,15.2,0.0,10000.0
WS-CENTRAL,04/05/2025,07:00,Cloudy,20.5,0.0,10000.0
WS-CENTRAL,04/05/2025,08:00,cloudy,21.6,0.0,10000.0
WS-CENTRAL,04/05/2025,09:00,Clear,22.3,0.0,10000.0
WS-CENTRAL,04/05/2025,10:00,Overcast,22.6,0.0,10000.0
WS-CENTRAL,04/05/2025,11:00,Cloudy,21.3,0.0,10000.0
WS-CENTRAL,04/05/2025,12:00,Cloudy,23.0,0.0,10000.0
WS-CENTRAL,04/05/2025,13:00,Clear,26.0,0.0,10000.0
WS-CENTRAL,04/05/2025,14:00,Clear,,0.0,10000.0
WS-CENTRAL,04/05/2025,15:00,Clear,25.1,0.0,10000.0
WS-CENTRAL,04/05/2025,16:00,Cloudy,23.0,0.0,10000.0
WS-CENTRAL,04/05/2025,17:00,Cloudy,24.2,0.0,10000.0
WS-CENTRAL,04/05/2025,18:00,cloudy,26.1,0.0,10000.0
WS-CENTRAL,04/05/2025,19:00,Cloudy,23.5,0.0,10000.0
WS-CENTRAL,04/05/2025,20:00,Cloudy,21.5,0.0,10000.0
WS-CENTRAL,04/05/2025,21:00,Cloudy,21.7,0.0,10000.0
WS-CENTRAL,04/05/2025,22:00,clear,18.2,0.0,10000.0
WS-CENTRAL,04/05/2025,23:00,Clear,18.1,0.0,10000.0
WS-CENTRAL,05/05/2025,00:00,clear,17.0,0.0,10000.0
WS-CENTRAL,05/05/2025,01:00,clear,17.4,0.0,10000.0
WS-CENTRAL,05/05/2025,02:00,Clear,16.7,0.0,10000.0
WS-CENTRAL,05/05/2025,03:00,Overcast,15.0,0.0,10000.0
WS-CENTRAL,05/05/2025,04:00,Cloudy,16.8,0.0,10000.0
WS-CENTRAL,05/05/2025,05:00,Cloudy,14.1,0.0,10000.0
WS-CENTRAL,05/05/2025,06:00,Cloudy,17.4,0.0,10000.0
WS-CENTRAL,05/05/2025,07:00,cloudy,19.6,0.0,10000.0
WS-CENTRAL,05/05/2025,08:00,Clear,18.5,0.0,10000.0
WS-CENTRAL,05/05/2025,09:00,clear,21.8,0.0,10000.0
WS-CENTRAL,05/05/2025,10:00,Clear,21.7,0.0,10000.0
WS-CENTRAL,05/05/2025,11:00,CLEAR,22.2,0.0,10000.0
WS-CENTRAL,05/05/2025,12:00,CLEAR,25.5,0.0,10000.0
WS-CENTRAL,05/05/2025,13:00,Clear,24.7,0.0,10000.0
WS-CENTRAL,05/05/2025,14:00,rain ,23.6,6.3,2343.0
WS-CENTRAL,05/05/2025,15:00,Rain,27.2,1.0,2430.0
WS-CENTRAL,05/05/2025,16:00,Rain,25.3,0.9,3062.0
WS-CENTRAL,05/05/2025,17:00,CLEAR,25.5,0.0,10000.0
WS-CENTRAL,05/05/2025,18:00,Clear,24.4,0.0,10000.0
WS-CENTRAL,05/05/2025,19:00,Clear,24.7,0.0,10000.0
WS-CENTRAL,05/05/2025,20:00,Clear,21.1,0.0,10000.0
WS-CENTRAL,05/05/2025,21:00,Clear,21.2,0.0,10000.0
WS-CENTRAL,05/05/2025,22:00,Clear,20.0,0.0,10000.0
WS-CENTRAL,05/05/2025,23:00,clear,16.8,0.0,10000.0
WS-CENTRAL,06/05/2025,00:00,Clear,16.2,0.0,10000.0
WS-CENTRAL,06/05/2025,01:00,Clear,16.5,0.0,10000.0
WS-CENTRAL,06/05/2025,02:00,Clear,14.2,0.0,10000.0
WS-CENTRAL,06/05/2025,03:00,CLEAR,18.0,0.0,10000.0
WS-CENTRAL,06/05/2025,04:00,Rain,18.6,4.2,4006.0
WS-CENTRAL,06/05/2025,05:00,Clear,16.3,0.0,10000.0
WS-CENTRAL,06/05/2025,06:00,Clear,17.8,0.0,10000.0
WS-CENTRAL,06/05/2025,07:00,Clear,17.5,0.0,10000.0
WS-CENTRAL,06/05/2025,08:00,Clear,19.1,0.0,10000.0
WS-CENTRAL,06/05/2025,09:00,clear,20.0,0.0,10000.0
WS-CENTRAL,06/05/2025,10:00,Clear,21.0,0.0,10000.0
WS-CENTRAL,06/05/2025,11:00,clear,21.7,0.0,10000.0
WS-CENTRAL,06/05/2025,12:00,Clear,22.2,0.0,10000.0
WS-CENTRAL,06/05/2025,13:00,Clear,25.0,0.0,10000.0
WS-CENTRAL,06/05/2025,14:00,Clear,25.5,0.0,10000.0
WS-CENTRAL,06/05/2025,15:00,CLEAR,27.4,0.0,10000.0
WS-CENTRAL,06/05/2025,16:00,Clear,26.1,0.0,10000.0
WS-CENTRAL,06/05/2025,17:00,Clear,23.4,0.0,10000.0
WS-CENTRAL,06/05/2025,18:00,clear,22.5,0.0,10000.0
WS-CENTRAL,06/05/2025,19:00,clear,20.8,0.0,10000.0
WS-CENTRAL,06/05/2025,20:00,Clear,22.0,0.0,10000.0
WS-CENTRAL,06/05/2025,21:00,Clear,18.8,0.0,10000.0
WS-CENTRAL,06/05/2025,22:00,Clear,20.0,0.0,10000.0
WS-CENTRAL,06/05/2025,23:00,clear,18.7,0.0,10000.0
WS-CENTRAL,07/05/2025,00:00,Clear,16.7,0.0,10000.0
WS-CENTRAL,07/05/2025,01:00,Clear,17.9,0.0,10000.0
WS-CENTRAL,07/05/2025,02:00,clear,16.0,0.0,10000.0
WS-CENTRAL,07/05/2025,03:00,Overcast,14.1,0.0,10000.0
WS-CENTRAL,07/05/2025,04:00,cloudy,18.2,0.0,10000.0
WS-CENTRAL,07/05/2025,05:00,cloudy,17.2,0.0,10000.0
WS-CENTRAL,07/05/2025,06:00,Cloudy,17.8,0.0,10000.0
WS-CENTRAL,07/05/2025,07:00,Cloudy,17.7,0.0,10000.0
WS-CENTRAL,07/05/2025,08:00,Overcast,16.8,0.0,10000.0
WS-CENTRAL,07/05/2025,09:00,Cloudy,18.1,0.0,10000.0
WS-CENTRAL,07/05/2025,10:00,Clear,24.4,0.0,10000.0
WS-CENTRAL,07/05/2025,11:00,Clear,24.1,0.0,10000.0
WS-CENTRAL,07/05/2025,12:00,Clear,26.5,0.0,10000.0
WS-CENTRAL,07/05/2025,13:00,Cloudy,27.6,0.0,10000.0
WS-CENTRAL,07/05/2025,14:00,Cloudy,23.7,0.0,10000.0
WS-CENTRAL,07/05/2025,15:00,Cloudy,27.6,0.0,10000.0
WS-CENTRAL,07/05/2025,16:00,Cloudy,25.2,0.0,10000.0
WS-CENTRAL,07/05/2025,17:00,Clear,25.1,0.0,10000.0
WS-CENTRAL,07/05/2025,18:00,Clear,25.3,0.0,10000.0
WS-CENTRAL,07/05/2025,19:00,clear,20.7,0.0,10000.0
WS-CENTRAL,07/05/2025,20:00,Clear,21.2,0.0,10000.0
WS-CENTRAL,07/05/2025,21:00,Clear,22.1,0.0,10000.0
WS-CENTRAL,07/05/2025,22:00,CLEAR,18.9,0.0,10000.0
WS-CENTRAL,07/05/2025,23:00,Clear,18.3,0.0,10000.0
WS-CENTRAL,08/05/2025,00:00,clear,16.4,0.0,10000.0
WS-CENTRAL,08/05/2025,01:00,clear,14.2,0.0,10000.0
WS-CENTRAL,08/05/2025,02:00,clear,14.6,0.0,10000.0
WS-CENTRAL,08/05/2025,03:00,Clear,16.6,0.0,10000.0
WS-CENTRAL,08/05/2025,04:00,Clear,18.2,0.0,10000.0
WS-CENTRAL,08/05/2025,05:00,clear,18.0,0.0,10000.0
WS-CENTRAL,08/05/2025,06:00,clear,17.8,0.0,10000.0
WS-CENTRAL,08/05/2025,07:00,Clear,19.5,0.0,10000.0
WS-CENTRAL,08/05/2025,08:00,Clear,20.6,0.0,10000.0
WS-CENTRAL,08/05/2025,09:00,Clear,21.1,0.0,10000.0
WS-CENTRAL,08/05/2025,10:00,Clear,20.8,0.0,10000.0
WS-CENTRAL,08/05/2025,11:00,Clear,22.5,0.0,10000.0
WS-CENTRAL,08/05/2025,12:00,Clear,25.8,0.0,10000.0
WS-CENTRAL,08/05/2025,13:00,Clear,24.3,0.0,10000.0
WS-CENTRAL,08/05/2025,14:00,Clear,23.7,0.0,10000.0
WS-CENTRAL,08/05/2025,15:00,clear,25.8,0.0,10000.0
WS-CENTRAL,08/05/2025,16:00,Clear,24.0,0.0,10000.0
WS-CENTRAL,08/05/2025,17:00,Clear,24.9,0.0,10000.0
WS-CENTRAL,08/05/2025,18:00,Clear,24.1,0.0,10000.0
WS-CENTRAL,08/05/2025,19:00,Clear,21.3,0.0,10000.0
WS-CENTRAL,08/05/2025,20:00,CLEAR,22.5,0.0,10000.0
WS-CENTRAL,08/05/2025,21:00,CLEAR,20.7,0.0,10000.0
WS-CENTRAL,08/05/2025,22:00,Clear,19.3,0.0,10000.0
WS-CENTRAL,08/05/2025,23:00,CLEAR,18.6,0.0,10000.0
WS-CENTRAL,09/05/2025,00:00,Clear,16.6,0.0,10000.0
WS-CENTRAL,09/05/2025,01:00,clear,18.5,0.0,10000.0
WS-CENTRAL,09/05/2025,02:00,clear,13.5,0.0,10000.0
WS-CENTRAL,09/05/2025,03:00,CLEAR,17.7,0.0,10000.0
WS-CENTRAL,09/05/2025,04:00,clear,15.9,0.0,10000.0
WS-CENTRAL,09/05/2025,05:00,Clear,17.0,0.0,10000.0
WS-CENTRAL,09/05/2025,06:00,Clear,19.3,0.0,10000.0
WS-CENTRAL,09/05/2025,07:00,CLEAR,18.2,0.0,10000.0
WS-CENTRAL,09/05/2025,08:00,Clear,22.0,0.0,10000.0
WS-CENTRAL,09/05/2025,09:00,Clear,19.6,0.0,10000.0
WS-CENTRAL,09/05/2025,10:00,Clear,21.5,0.0,10000.0
WS-CENTRAL,09/05/2025,11:00,clear,22.2,0.0,10000.0
WS-CENTRAL,09/05/2025,12:00,CLEAR,24.3,0.0,10000.0
WS-CENTRAL,09/05/2025,13:00,Cloudy,26.3,0.0,10000.0
WS-CENTRAL,09/05/2025,14:00,Overcast,25.9,0.0,10000.0
WS-CENTRAL,09/05/2025,15:00,Cloudy,25.5,0.0,10000.0
WS-CENTRAL,09/05/2025,16:00,Cloudy,24.4,0.0,10000.0
WS-CENTRAL,09/05/2025,17:00,cloudy,25.8,0.0,10000.0
WS-CENTRAL,09/05/2025,18:00,Cloudy,25.0,0.0,10000.0
WS-CENTRAL,09/05/2025,19:00,Cloudy,25.3,0.0,10000.0
WS-CENTRAL,09/05/2025,20:00,Clear,24.7,0.0,10000.0
WS-CENTRAL,09/05/2025,21:00,Clear,21.9,0.0,10000.0
WS-CENTRAL,09/05/2025,22:00,Clear,18.0,0.0,10000.0
WS-CENTRAL,09/05/2025,23:00,Clear,17.6,0.0,10000.0
WS-CENTRAL,10/05/2025,00:00,Clear,17.7,0.0,10000.0
WS-CENTRAL,10/05/2025,01:00,CLEAR,16.7,0.0,10000.0
WS-CENTRAL,10/05/2025,02:00,Cloudy,15.2,0.0,10000.0
WS-CENTRAL,10/05/2025,03:00,Cloudy,15.5,0.0,10000.0
WS-CENTRAL,10/05/2025,04:00,cloudy,16.7,0.0,10000.0
WS-CENTRAL,10/05/2025,05:00,Cloudy,16.1,0.0,10000.0
WS-CENTRAL,10/05/2025,06:00,Cloudy,19.6,0.0,10000.0
WS-CENTRAL,10/05/2025,07:00,cloudy,17.6,0.0,10000.0
WS-CENTRAL,10/05/2025,08:00,clear,20.6,0.0,10000.0
WS-CENTRAL,10/05/2025,09:00,clear,19.6,0.0,10000.0
WS-CENTRAL,10/05/2025,10:00,CLEAR,22.3,0.0,10000.0
WS-CENTRAL,10/05/2025,11:00,Clear,21.4,0.0,10000.0
WS-CENTRAL,10/05/2025,12:00,Rain,,5.0,4813.0
WS-CENTRAL,10/05/2025,13:00,Rain,24.9,5.2,4555.0
WS-CENTRAL,10/05/2025,14:00,Rain,27.0,1.0,3021.0
WS-CENTRAL,10/05/2025,15:00,clear,25.0,0.0,10000.0
WS-CENTRAL,10/05/2025,16:00,Clear,26.2,0.0,10000.0
WS-CENTRAL,10/05/2025,17:00,Clear,26.2,0.0,10000.0
WS-CENTRAL,10/05/2025,18:00,Clear,22.9,0.0,10000.0
WS-CENTRAL,10/05/2025,19:00,Clear,24.5,0.0,10000.0
WS-CENTRAL,10/05/2025,20:00,Clear,22.0,0.0,
WS-CENTRAL,10/05/2025,21:00,clear,21.3,0.0,10000.0
WS-CENTRAL,10/05/2025,22:00,Clear,19.9,0.0,10000.0
WS-CENTRAL,10/05/2025,23:00,clear,17.8,0.0,10000.0
WS-CENTRAL,11/05/2025,00:00,Clear,18.3,0.0,10000.0
WS-CENTRAL,11/05/2025,01:00,CLEAR,16.7,0.0,10000.0
WS-CENTRAL,11/05/2025,02:00,CLEAR,14.7,0.0,10000.0
WS-CENTRAL,11/05/2025,03:00,Clear,16.8,0.0,10000.0
WS-CENTRAL,11/05/2025,04:00,Clear,16.2,0.0,10000.0
WS-CENTRAL,11/05/2025,05:00,CLEAR,,0.0,10000.0
WS-CENTRAL,11/05/2025,06:00,clear,18.3,0.0,10000.0
WS-CENTRAL,11/05/2025,07:00,Clear,17.1,0.0,10000.0
WS-CENTRAL,11/05/2025,08:00,cloudy,18.7,0.0,10000.0
WS-CENTRAL,11/05/2025,09:00,Cloudy,19.7,0.0,10000.0
WS-CENTRAL,11/05/2025,10:00,Cloudy,21.3,0.0,10000.0
WS-CENTRAL,11/05/2025,11:00,Rain,23.3,3.0,2408.0
WS-CENTRAL,11/05/2025,12:00,Overcast,24.9,0.0,10000.0
WS-CENTRAL,11/05/2025,13:00,Cloudy,,0.0,10000.0
WS-CENTRAL,11/05/2025,14:00,CLEAR,24.8,0.0,10000.0
WS-CENTRAL,11/05/2025,15:00,CLEAR,24.9,0.0,10000.0
WS-CENTRAL,11/05/2025,16:00,Clear,26.5,0.0,10000.0
WS-CENTRAL,11/05/2025,17:00,CLEAR,25.1,0.0,10000.0
WS-CENTRAL,11/05/2025,18:00,Clear,25.4,0.0,10000.0
WS-CENTRAL,11/05/2025,19:00,Clear,23.1,0.0,10000.0
WS-CENTRAL,11/05/2025,20:00,Clear,23.3,0.0,10000.0
WS-CENTRAL,11/05/2025,21:00,Clear,23.5,0.0,10000.0
WS-CENTRAL,11/05/2025,22:00,Clear,19.8,0.0,10000.0
WS-CENTRAL,11/05/2025,23:00,Clear,18.2,0.0,10000.0
WS-CENTRAL,12/05/2025,00:00,clear,15.9,0.0,10000.0
WS-CENTRAL,12/05/2025,01:00,Clear,17.0,0.0,10000.0
WS-CENTRAL,12/05/2025,02:00,Clear,15.0,0.0,10000.0
WS-CENTRAL,12/05/2025,03:00,Clear,17.1,0.0,10000.0
WS-CENTRAL,12/05/2025,04:00,clear,15.2,0.0,10000.0
WS-CENTRAL,12/05/2025,05:00,clear,16.4,0.0,10000.0
WS-CENTRAL,12/05/2025,06:00,Clear,17.9,0.0,10000.0
WS-CENTRAL,12/05/2025,07:00,Clear,17.7,0.0,10000.0
WS-CENTRAL,12/05/2025,08:00,Clear,18.6,0.0,10000.0
WS-CENTRAL,12/05/2025,09:00,CLEAR,21.8,0.0,10000.0
WS-CENTRAL,12/05/2025,10:00,CLEAR,21.5,0.0,10000.0
WS-CENTRAL,12/05/2025,11:00,Clear,24.2,0.0,10000.0
WS-CENTRAL,12/05/2025,12:00,clear,24.6,0.0,10000.0
WS-CENTRAL,12/05/2025,13:00,Clear,24.6,0.0,10000.0
WS-CENTRAL,12/05/2025,14:00,Clear,23.9,0.0,10000.0
WS-CENTRAL,12/05/2025,15:00,Clear,24.7,0.0,10000.0
WS-CENTRAL,12/05/2025,16:00,CLEAR,26.5,0.0,10000.0
WS-CENTRAL,12/05/2025,17:00,Clear,26.8,0.0,10000.0
WS-CENTRAL,12/05/2025,18:00,Clear,24.4,0.0,10000.0
WS-CENTRAL,12/05/2025,19:00,Clear,23.8,0.0,10000.0
WS-CENTRAL,12/05/2025,20:00,CLEAR,,0.0,10000.0
WS-CENTRAL,12/05/2025,21:00,Clear,22.3,0.0,10000.0
WS-CENTRAL,12/05/2025,22:00,Clear,20.2,0.0,10000.0
WS-CENTRAL,12/05/2025,23:00,Clear,17.7,0.0,10000.0
WS-CENTRAL,13/05/2025,00:00,Clear,18.3,0.0,10000.0
WS-CENTRAL,13/05/2025,01:00,Clear,14.6,0.0,10000.0
WS-CENTRAL,13/05/2025,02:00,Clear,14.3,0.0,10000.0
WS-CENTRAL,13/05/2025,03:00,Clear,18.7,0.0,10000.0
WS-CENTRAL,13/05/2025,04:00,Clear,15.4,0.0,10000.0
WS-CENTRAL,13/05/2025,05:00,Rain,17.5,6.5,2102.0
WS-CENTRAL,13/05/2025,06:00,rainy,17.6,1.3,2892.0
WS-CENTRAL,13/05/2025,07:00,Rain,18.5,5.0,3775.0
WS-CENTRAL,13/05/2025,08:00,Rain,20.5,1.3,2575.0
WS-CENTRAL,13/05/2025,09:00,Rain,23.1,7.3,4147.0
WS-CENTRAL,13/05/2025,10:00,CLEAR,22.6,0.0,10000.0
WS-CENTRAL,13/05/2025,11:00,Clear,,0.0,10000.0
WS-CENTRAL,13/05/2025,12:00,Clear,24.4,0.0,10000.0
WS-CENTRAL,13/05/2025,13:00,Clear,26.3,0.0,10000.0
WS-CENTRAL,13/05/2025,14:00,Clear,25.4,0.0,10000.0
WS-CENTRAL,13/05/2025,15:00,Clear,25.2,0.0,10000.0
WS-CENTRAL,13/05/2025,16:00,CLEAR,25.5,0.0,10000.0
WS-CENTRAL,13/05/2025,17:00,Clear,25.0,0.0,10000.0
WS-CENTRAL,13/05/2025,18:00,CLEAR,26.5,0.0,10000.0
WS-CENTRAL,13/05/2025,19:00,Clear,22.8,0.0,10000.0
WS-CENTRAL,13/05/2025,20:00,Clear,22.3,0.0,10000.0
WS-CENTRAL,13/05/2025,21:00,Clear,21.9,0.0,10000.0
WS-CENTRAL,13/05/2025,22:00,Clear,18.9,0.0,10000.0
WS-CENTRAL,13/05/2025,23:00,Clear,19.2,0.0,10000.0
WS-CENTRAL,14/05/2025,00:00,Clear,18.4,0.0,10000.0
WS-CENTRAL,14/05/2025,01:00,clear,16.8,0.0,10000.0
WS-CENTRAL,14/05/2025,02:00,Clear,16.9,0.0,10000.0
WS-CENTRAL,14/05/2025,03:00,CLEAR,16.7,0.0,10000.0
WS-CENTRAL,14/05/2025,04:00,Clear,16.7,0.0,10000.0
WS-CENTRAL,14/05/2025,05:00,Clear,16.6,0.0,10000.0
WS-CENTRAL,14/05/2025,06:00,Clear,15.8,0.0,10000.0
WS-CENTRAL,14/05/2025,07:00,Clear,19.5,0.0,10000.0
WS-CENTRAL,14/05/2025,08:00,Clear,21.1,0.0,10000.0
WS-CENTRAL,14/05/2025,09:00,Clear,21.2,0.0,10000.0
WS-CENTRAL,14/05/2025,10:00,Clear,22.9,0.0,10000.0
WS-CENTRAL,14/05/2025,11:00,Clear,23.3,0.0,10000.0
WS-CENTRAL,14/05/2025,12:00,Clear,24.0,0.0,10000.0
WS-CENTRAL,14/05/2025,13:00,Clear,23.1,0.0,10000.0
WS-CENTRAL,14/05/2025,14:00,Clear,24.8,0.0,10000.0
WS-CENTRAL,14/05/2025,15:00,Clear,26.1,0.0,10000.0
WS-CENTRAL,14/05/2025,16:00,Clear,25.8,0.0,10000.0
WS-CENTRAL,14/05/2025,17:00,Rain,24.2,8.3,3331.0
WS-CENTRAL,14/05/2025,18:00,clear,25.3,0.0,10000.0
WS-CENTRAL,14/05/2025,19:00,CLEAR,25.1,0.0,10000.0
WS-CENTRAL,14/05/2025,20:00,Clear,20.9,0.0,10000.0
WS-CENTRAL,14/05/2025,21:00,clear,21.3,0.0,10000.0
WS-CENTRAL,14/05/2025,22:00,CLEAR,18.7,0.0,10000.0
WS-CENTRAL,14/05/2025,23:00,Clear,17.9,0.0,10000.0
WS-CENTRAL,15/05/2025,00:00,Clear,16.5,0.0,10000.0
WS-CENTRAL,15/05/2025,01:00,clear,15.2,0.0,10000.0
WS-CENTRAL,15/05/2025,02:00,Clear,,0.0,10000.0
WS-CENTRAL,15/05/2025,03:00,Clear,16.7,0.0,10000.0
WS-CENTRAL,15/05/2025,04:00,Clear,16.0,0.0,10000.0
WS-CENTRAL,15/05/2025,05:00,Clear,17.1,0.0,10000.0
WS-CENTRAL,15/05/2025,06:00,CLEAR,16.8,0.0,10000.0
WS-CENTRAL,15/05/2025,07:00,Cloudy,17.5,0.0,10000.0
WS-CENTRAL,15/05/2025,08:00,Cloudy,19.0,0.0,10000.0
WS-CENTRAL,15/05/2025,09:00,Clear,21.1,0.0,10000.0
WS-CENTRAL,15/05/2025,10:00,CLEAR,21.8,0.0,10000.0
WS-CENTRAL,15/05/2025,11:00,clear,22.3,0.0,10000.0
WS-CENTRAL,15/05/2025,12:00,Clear,23.7,0.0,10000.0
WS-CENTRAL,15/05/2025,13:00,Clear,26.1,0.0,10000.0
WS-CENTRAL,15/05/2025,14:00,Clear,26.0,0.0,10000.0
WS-CENTRAL,15/05/2025,15:00,Clear,29.8,0.0,10000.0
WS-CENTRAL,15/05/2025,16:00,CLEAR,26.0,0.0,10000.0
WS-CENTRAL,15/05/2025,17:00,Clear,25.3,0.0,10000.0
WS-CENTRAL,15/05/2025,18:00,clear,24.3,0.0,10000.0
WS-CENTRAL,15/05/2025,19:00,Cloudy,26.3,0.0,10000.0
WS-CENTRAL,15/05/2025,20:00,Cloudy,21.5,0.0,10000.0
WS-CENTRAL,15/05/2025,21:00,Cloudy,21.7,0.0,10000.0
WS-CENTRAL,15/05/2025,22:00,Clear,19.4,0.0,10000.0
WS-CENTRAL,15/05/2025,23:00,Clear,18.3,0.0,10000.0
WS-CENTRAL,16/05/2025,00:00,Clear,20.9,0.0,10000.0
WS-CENTRAL,16/05/2025,01:00,Clear,15.7,0.0,10000.0
WS-CENTRAL,16/05/2025,02:00,clear,16.5,0.0,10000.0
WS-CENTRAL,16/05/2025,03:00,Clear,16.4,0.0,10000.0
WS-CENTRAL,16/05/2025,04:00,Clear,15.2,0.0,10000.0
WS-CENTRAL,16/05/2025,05:00,Clear,15.6,0.0,10000.0
WS-CENTRAL,16/05/2025,06:00,Clear,17.5,0.0,10000.0
WS-CENTRAL,16/05/2025,07:00,Clear,18.6,0.0,10000.0
WS-CENTRAL,16/05/2025,08:00,Overcast,18.9,0.0,10000.0
WS-CENTRAL,16/05/2025,09:00,Cloudy,21.0,0.0,10000.0
WS-CENTRAL,16/05/2025,10:00,cloudy,21.6,0.0,10000.0
WS-CENTRAL,16/05/2025,11:00,Cloudy,22.9,0.0,10000.0
WS-CENTRAL,16/05/2025,12:00,Clear,22.9,0.0,10000.0
WS-CENTRAL,16/05/2025,13:00,Cloudy,27.2,0.0,10000.0
WS-CENTRAL,16/05/2025,14:00,Cloudy,23.4,0.0,10000.0
WS-CENTRAL,16/05/2025,15:00,Clear,26.4,0.0,10000.0
WS-CENTRAL,16/05/2025,16:00,Clear,27.2,0.0,10000.0
WS-CENTRAL,16/05/2025,17:00,Clear,24.5,0.0,10000.0
WS-CENTRAL,16/05/2025,18:00,Clear,23.1,0.0,10000.0
WS-CENTRAL,16/05/2025,19:00,Clear,23.2,0.0,10000.0
WS-CENTRAL,16/05/2025,20:00,Clear,22.7,0.0,10000.0
WS-CENTRAL,16/05/2025,21:00,CLEAR,21.7,0.0,10000.0
WS-CENTRAL,16/05/2025,22:00,Clear,21.2,0.0,10000.0
WS-CENTRAL,16/05/2025,23:00,Cloudy,19.4,0.0,10000.0
WS-CENTRAL,17/05/2025,00:00,cloudy,18.2,0.0,10000.0
WS-CENTRAL,17/05/2025,01:00,Cloudy,17.6,0.0,10000.0
WS-CENTRAL,17/05/2025,02:00,Cloudy,15.6,0.0,10000.0
WS-CENTRAL,17/05/2025,03:00,Clear,16.2,0.0,10000.0
WS-CENTRAL,17/05/2025,04:00,clear,16.9,0.0,10000.0
WS-CENTRAL,17/05/2025,05:00,Clear,17.4,0.0,10000.0
WS-CENTRAL,17/05/2025,06:00,Fog,,0.0,674.0
WS-CENTRAL,17/05/2025,07:00,Fog,17.8,0.0,1023.0
WS-CENTRAL,17/05/2025,08:00,Clear,19.9,0.0,10000.0
WS-CENTRAL,17/05/2025,09:00,Clear,21.5,0.0,10000.0
WS-CENTRAL,17/05/2025,10:00,clear,24.0,0.0,10000.0
WS-CENTRAL,17/05/2025,11:00,CLEAR,24.3,0.0,10000.0
WS-CENTRAL,17/05/2025,12:00,Cloudy,26.0,0.0,10000.0
WS-CENTRAL,17/05/2025,13:00,Cloudy,26.2,0.0,10000.0
WS-CENTRAL,17/05/2025,14:00,Cloudy,26.9,0.0,10000.0
WS-CENTRAL,17/05/2025,15:00,Cloudy,24.0,0.0,10000.0
WS-CENTRAL,17/05/2025,16:00,Clear,26.1,0.0,10000.0
WS-CENTRAL,17/05/2025,17:00,Clear,25.6,0.0,10000.0
WS-CENTRAL,17/05/2025,18:00,Clear,23.0,0.0,10000.0
WS-CENTRAL,17/05/2025,19:00,Overcast,25.3,0.0,10000.0
WS-CENTRAL,17/05/2025,20:00,Cloudy,22.7,0.0,10000.0
WS-CENTRAL,17/05/2025,21:00,cloudy,21.4,0.0,10000.0
WS-CENTRAL,17/05/2025,22:00,Cloudy,22.6,0.0,10000.0
WS-CENTRAL,17/05/2025,23:00,Cloudy,16.4,0.0,10000.0
WS-CENTRAL,18/05/2025,00:00,Cloudy,19.3,0.0,10000.0
WS-CENTRAL,18/05/2025,01:00,cloudy,17.2,0.0,10000.0
WS-CENTRAL,18/05/2025,02:00,Clear,15.5,0.0,10000.0
WS-CENTRAL,18/05/2025,03:00,Clear,17.5,0.0,
WS-CENTRAL,18/05/2025,04:00,Clear,18.3,0.0,10000.0
WS-CENTRAL,18/05/2025,05:00,clear,16.2,0.0,10000.0
WS-CENTRAL,18/05/2025,06:00,Clear,17.2,0.0,10000.0
WS-CENTRAL,18/05/2025,07:00,CLEAR,16.3,0.0,10000.0
WS-CENTRAL,18/05/2025,08:00,Clear,21.3,0.0,10000.0
WS-CENTRAL,18/05/2025,09:00,Clear,22.5,0.0,10000.0
WS-CENTRAL,18/05/2025,10:00,Rain,22.2,7.7,3364.0
WS-CENTRAL,18/05/2025,11:00,rain ,23.9,8.5,4227.0
WS-CENTRAL,18/05/2025,12:00,Rain,25.1,0.6,4529.0
WS-CENTRAL,18/05/2025,13:00,rain ,25.5,1.2,4351.0
WS-CENTRAL,18/05/2025,14:00,Rain,25.6,6.0,2528.0
WS-CENTRAL,18/05/2025,15:00,Clear,26.6,0.0,10000.0
WS-CENTRAL,18/05/2025,16:00,clear,24.8,0.0,10000.0
WS-CENTRAL,18/05/2025,17:00,clear,25.2,0.0,10000.0
WS-CENTRAL,18/05/2025,18:00,Clear,25.8,0.0,10000.0
WS-CENTRAL,18/05/2025,19:00,Rain,22.7,8.9,4152.0
WS-CENTRAL,18/05/2025,20:00,Clear,20.7,0.0,10000.0
WS-CENTRAL,18/05/2025,21:00,Clear,23.2,0.0,10000.0
WS-CENTRAL,18/05/2025,22:00,Clear,20.4,0.0,10000.0
WS-CENTRAL,18/05/2025,23:00,Clear,17.9,0.0,10000.0
WS-CENTRAL,19/05/2025,00:00,CLEAR,17.5,0.0,10000.0
WS-CENTRAL,19/05/2025,01:00,Clear,16.4,0.0,10000.0
WS-CENTRAL,19/05/2025,02:00,Clear,17.0,0.0,10000.0
WS-CENTRAL,19/05/2025,03:00,Clear,16.3,0.0,10000.0
WS-CENTRAL,19/05/2025,04:00,clear,13.2,0.0,10000.0
WS-CENTRAL,19/05/2025,05:00,clear,15.8,0.0,10000.0
WS-CENTRAL,19/05/2025,06:00,Clear,17.5,0.0,10000.0
WS-CENTRAL,19/05/2025,07:00,Cloudy,19.0,0.0,10000.0
WS-CENTRAL,19/05/2025,08:00,cloudy,16.1,0.0,10000.0
WS-CENTRAL,19/05/2025,09:00,Cloudy,21.9,0.0,10000.0
WS-CENTRAL,19/05/2025,10:00,Cloudy,24.4,0.0,10000.0
WS-CENTRAL,19/05/2025,11:00,clear,25.2,0.0,10000.0
WS-CENTRAL,19/05/2025,12:00,clear,26.3,0.0,10000.0
WS-CENTRAL,19/05/2025,13:00,Overcast,25.4,0.0,10000.0
WS-CENTRAL,19/05/2025,14:00,Cloudy,24.9,0.0,10000.0
WS-CENTRAL,19/05/2025,15:00,cloudy,26.8,0.0,10000.0
WS-CENTRAL,19/05/2025,16:00,Cloudy,24.8,0.0,10000.0
WS-CENTRAL,19/05/2025,17:00,cloudy,25.7,0.0,10000.0
WS-CENTRAL,19/05/2025,18:00,Clear,25.4,0.0,10000.0
WS-CENTRAL,19/05/2025,19:00,Clear,26.4,0.0,10000.0
WS-CENTRAL,19/05/2025,20:00,CLEAR,21.5,0.0,10000.0
WS-CENTRAL,19/05/2025,21:00,CLEAR,21.4,0.0,10000.0
WS-CENTRAL,19/05/2025,22:00,Clear,19.0,0.0,10000.0
WS-CENTRAL,19/05/2025,23:00,Clear,19.6,0.0,10000.0
WS-CENTRAL,20/05/2025,00:00,Clear,18.3,0.0,10000.0
WS-CENTRAL,20/05/2025,01:00,Clear,18.3,0.0,10000.0
WS-CENTRAL,20/05/2025,02:00,Clear,17.7,0.0,10000.0
WS-CENTRAL,20/05/2025,03:00,Clear,16.8,0.0,10000.0
WS-CENTRAL,20/05/2025,04:00,Clear,14.3,0.0,10000.0
WS-CENTRAL,20/05/2025,05:00,CLEAR,16.5,0.0,10000.0
WS-CENTRAL,20/05/2025,06:00,Clear,18.6,0.0,10000.0
WS-CENTRAL,20/05/2025,07:00,Clear,18.4,0.0,10000.0
WS-CENTRAL,20/05/2025,08:00,Clear,19.2,0.0,10000.0
WS-CENTRAL,20/05/2025,09:00,clear,23.0,0.0,10000.0
WS-CENTRAL,20/05/2025,10:00,Clear,23.4,0.0,10000.0
WS-CENTRAL,20/05/2025,11:00,CLEAR,23.6,0.0,10000.0
WS-CENTRAL,20/05/2025,12:00,Clear,24.6,0.0,10000.0
WS-CENTRAL,20/05/2025,13:00,Clear,25.4,0.0,10000.0
WS-CENTRAL,20/05/2025,14:00,CLEAR,23.7,0.0,10000.0
WS-CENTRAL,20/05/2025,15:00,Clear,25.6,0.0,10000.0
WS-CENTRAL,20/05/2025,16:00,CLEAR,26.8,0.0,10000.0
WS-CENTRAL,20/05/2025,17:00,Clear,27.2,0.0,10000.0
WS-CENTRAL,20/05/2025,18:00,Cloudy,23.9,0.0,10000.0
WS-CENTRAL,20/05/2025,19:00,Cloudy,22.6,0.0,10000.0
WS-CENTRAL,20/05/2025,20:00,CLEAR,22.8,0.0,10000.0
WS-CENTRAL,20/05/2025,21:00,Clear,23.0,0.0,10000.0
WS-CENTRAL,20/05/2025,22:00,Clear,19.0,0.0,10000.0
WS-CENTRAL,20/05/2025,23:00,Clear,19.2,0.0,10000.0
WS-CENTRAL,21/05/2025,00:00,Clear,15.5,0.0,10000.0
WS-CENTRAL,21/05/2025,01:00,Clear,18.2,0.0,10000.0
WS-CENTRAL,21/05/2025,02:00,Clear,16.1,0.0,10000.0
WS-CENTRAL,21/05/2025,03:00,Clear,19.1,0.0,10000.0
WS-CENTRAL,21/05/2025,04:00,Clear,17.6,0.0,10000.0
WS-CENTRAL,21/05/2025,05:00,Clear,17.3,0.0,10000.0
WS-CENTRAL,21/05/2025,06:00,Clear,16.6,0.0,10000.0
WS-CENTRAL,21/05/2025,07:00,Clear,18.3,0.0,10000.0
WS-CENTRAL,21/05/2025,08:00,clear,20.2,0.0,10000.0
WS-CENTRAL,21/05/2025,09:00,Clear,21.6,0.0,10000.0
WS-CENTRAL,21/05/2025,10:00,Clear,23.2,0.0,10000.0
WS-CENTRAL,21/05/2025,11:00,clear,23.4,0.0,10000.0
WS-CENTRAL,21/05/2025,12:00,Clear,24.0,0.0,10000.0
WS-CENTRAL,21/05/2025,13:00,Clear,24.3,0.0,10000.0
WS-CENTRAL,21/05/2025,14:00,Clear,26.2,0.0,10000.0
WS-CENTRAL,21/05/2025,15:00,Clear,22.9,0.0,10000.0
WS-CENTRAL,21/05/2025,16:00,Cloudy,27.4,0.0,10000.0
WS-CENTRAL,21/05/2025,17:00,Cloudy,25.6,0.0,10000.0
WS-CENTRAL,21/05/2025,18:00,Cloudy,24.9,0.0,10000.0
WS-CENTRAL,21/05/2025,19:00,Cloudy,,0.0,10000.0
WS-CENTRAL,21/05/2025,20:00,cloudy,23.5,0.0,10000.0
WS-CENTRAL,21/05/2025,21:00,Rain,20.0,6.0,4496.0
WS-CENTRAL,21/05/2025,22:00,Clear,20.1,0.0,10000.0
WS-CENTRAL,21/05/2025,23:00,Clear,17.2,0.0,10000.0
WS-CENTRAL,22/05/2025,00:00,Clear,16.4,0.0,10000.0
WS-CENTRAL,22/05/2025,01:00,Clear,18.4,0.0,10000.0
WS-CENTRAL,22/05/2025,02:00,Clear,13.8,0.0,10000.0
WS-CENTRAL,22/05/2025,03:00,clear,14.9,0.0,10000.0
WS-CENTRAL,22/05/2025,04:00,Clear,16.6,0.0,10000.0
WS-CENTRAL,22/05/2025,05:00,Clear,16.9,0.0,10000.0
WS-CENTRAL,22/05/2025,06:00,Clear,17.7,0.0,10000.0
WS-CENTRAL,22/05/2025,07:00,clear,19.9,0.0,10000.0
WS-CENTRAL,22/05/2025,08:00,Clear,21.1,0.0,10000.0
WS-CENTRAL,22/05/2025,09:00,Clear,21.9,0.0,10000.0
WS-CENTRAL,22/05/2025,10:00,CLEAR,22.6,0.0,10000.0
WS-CENTRAL,22/05/2025,11:00,Clear,23.2,0.0,10000.0
WS-CENTRAL,22/05/2025,12:00,Cloudy,21.7,0.0,10000.0
WS-CENTRAL,22/05/2025,13:00,Cloudy,26.5,0.0,10000.0
WS-CENTRAL,22/05/2025,14:00,Cloudy,25.1,0.0,10000.0
WS-CENTRAL,22/05/2025,15:00,Cloudy,28.7,0.0,10000.0
WS-CENTRAL,22/05/2025,16:00,Cloudy,27.5,0.0,10000.0
WS-CENTRAL,22/05/2025,17:00,CLEAR,25.8,0.0,10000.0
WS-CENTRAL,22/05/2025,18:00,Clear,26.1,0.0,10000.0
WS-CENTRAL,22/05/2025,19:00,Cloudy,23.0,0.0,10000.0
WS-CENTRAL,22/05/2025,20:00,Cloudy,23.2,0.0,10000.0
WS-CENTRAL,22/05/2025,21:00,cloudy,22.7,0.0,10000.0
WS-CENTRAL,22/05/2025,22:00,Cloudy,21.9,0.0,10000.0
WS-CENTRAL,22/05/2025,23:00,Cloudy,19.8,0.0,10000.0
WS-CENTRAL,23/05/2025,00:00,cloudy,17.1,0.0,10000.0
WS-CENTRAL,23/05/2025,01:00,cloudy,18.0,0.0,10000.0
WS-CENTRAL,23/05/2025,02:00,Clear,16.2,0.0,10000.0
WS-CENTRAL,23/05/2025,03:00,Clear,17.5,0.0,10000.0
WS-CENTRAL,23/05/2025,04:00,Clear,16.4,0.0,10000.0
WS-CENTRAL,23/05/2025,05:00,Clear,17.4,0.0,10000.0
WS-CENTRAL,23/05/2025,06:00,Clear,17.1,0.0,10000.0
WS-CENTRAL,23/05/2025,07:00,Clear,18.5,0.0,10000.0
WS-CENTRAL,23/05/2025,08:00,CLEAR,18.7,0.0,10000.0
WS-CENTRAL,23/05/2025,09:00,Rain,20.7,8.3,4739.0
WS-CENTRAL,23/05/2025,10:00,Rain,23.3,3.3,3773.0
WS-CENTRAL,23/05/2025,11:00,Rain,22.8,2.9,3691.0
WS-CENTRAL,23/05/2025,12:00,rain ,23.2,3.4,3364.0
WS-CENTRAL,23/05/2025,13:00,Rain,25.1,5.9,2115.0
WS-CENTRAL,23/05/2025,14:00,Clear,24.4,0.0,10000.0
WS-CENTRAL,23/05/2025,15:00,Clear,28.1,0.0,10000.0
WS-CENTRAL,23/05/2025,16:00,Clear,29.2,0.0,10000.0
WS-CENTRAL,23/05/2025,17:00,CLEAR,27.3,0.0,10000.0
WS-CENTRAL,23/05/2025,18:00,Clear,23.7,0.0,10000.0
WS-CENTRAL,23/05/2025,19:00,Clear,23.4,0.0,10000.0
WS-CENTRAL,23/05/2025,20:00,Clear,21.3,0.0,10000.0
WS-CENTRAL,23/05/2025,21:00,Cloudy,20.1,0.0,10000.0
WS-CENTRAL,23/05/2025,22:00,Cloudy,16.8,0.0,10000.0
WS-CENTRAL,23/05/2025,23:00,Overcast,18.8,0.0,10000.0
WS-CENTRAL,24/05/2025,00:00,Cloudy,18.3,0.0,10000.0
WS-CENTRAL,24/05/2025,01:00,Cloudy,17.4,0.0,10000.0
WS-CENTRAL,24/05/2025,02:00,Overcast,17.4,0.0,10000.0
WS-CENTRAL,24/05/2025,03:00,Clear,16.5,0.0,10000.0
WS-CENTRAL,24/05/2025,04:00,Clear,18.2,0.0,10000.0
WS-CENTRAL,24/05/2025,05:00,clear,19.2,0.0,10000.0
WS-CENTRAL,24/05/2025,06:00,clear,18.6,0.0,10000.0
WS-CENTRAL,24/05/2025,07:00,Clear,17.7,0.0,10000.0
WS-CENTRAL,24/05/2025,08:00,Clear,22.1,0.0,10000.0
WS-CENTRAL,24/05/2025,09:00,Clear,20.1,0.0,10000.0
WS-CENTRAL,24/05/2025,10:00,Clear,22.1,0.0,10000.0
WS-CENTRAL,24/05/2025,11:00,Clear,23.8,0.0,10000.0
WS-CENTRAL,24/05/2025,12:00,Cloudy,24.8,0.0,10000.0
WS-CENTRAL,24/05/2025,13:00,Cloudy,25.4,0.0,10000.0
WS-CENTRAL,24/05/2025,14:00,Cloudy,26.8,0.0,10000.0
WS-CENTRAL,24/05/2025,15:00,Cloudy,26.6,0.0,10000.0
WS-CENTRAL,24/05/2025,16:00,Overcast,25.2,0.0,10000.0
WS-CENTRAL,24/05/2025,17:00,Clear,24.7,0.0,10000.0
WS-CENTRAL,24/05/2025,18:00,CLEAR,25.2,0.0,10000.0
WS-CENTRAL,24/05/2025,19:00,Clear,24.9,0.0,10000.0
WS-CENTRAL,24/05/2025,20:00,Clear,23.5,0.0,10000.0
WS-CENTRAL,24/05/2025,21:00,Clear,20.1,0.0,10000.0
WS-CENTRAL,24/05/2025,22:00,Clear,21.2,0.0,10000.0
WS-CENTRAL,24/05/2025,23:00,Clear,17.0,0.0,10000.0
WS-CENTRAL,25/05/2025,00:00,Clear,17.4,0.0,10000.0
WS-CENTRAL,25/05/2025,01:00,Clear,17.9,0.0,10000.0
WS-CENTRAL,25/05/2025,02:00,Clear,17.3,0.0,10000.0
WS-CENTRAL,25/05/2025,03:00,clear,17.8,0.0,10000.0
WS-CENTRAL,25/05/2025,04:00,clear,14.3,0.0,10000.0
WS-CENTRAL,25/05/2025,05:00,clear,18.8,0.0,10000.0
WS-CENTRAL,25/05/2025,06:00,Clear,17.4,0.0,10000.0
WS-CENTRAL,25/05/2025,07:00,Clear,18.8,0.0,10000.0
WS-CENTRAL,25/05/2025,08:00,clear,19.0,0.0,10000.0
WS-CENTRAL,25/05/2025,09:00,Clear,22.8,0.0,10000.0
WS-CENTRAL,25/05/2025,10:00,Clear,22.1,0.0,10000.0
WS-CENTRAL,25/05/2025,11:00,Clear,25.4,0.0,10000.0
WS-CENTRAL,25/05/2025,12:00,Clear,26.2,0.0,10000.0
WS-CENTRAL,25/05/2025,13:00,CLEAR,24.1,0.0,10000.0
WS-CENTRAL,25/05/2025,14:00,Clear,25.7,0.0,10000.0
WS-CENTRAL,25/05/2025,15:00,Clear,28.7,0.0,10000.0
WS-CENTRAL,25/05/2025,16:00,Clear,24.7,0.0,10000.0
WS-CENTRAL,25/05/2025,17:00,Clear,25.6,0.0,10000.0
WS-CENTRAL,25/05/2025,18:00,CLEAR,26.4,0.0,10000.0
WS-CENTRAL,25/05/2025,19:00,CLEAR,23.8,0.0,10000.0
WS-CENTRAL,25/05/2025,20:00,Clear,22.1,0.0,10000.0
WS-CENTRAL,25/05/2025,21:00,CLEAR,22.5,0.0,10000.0
WS-CENTRAL,25/05/2025,22:00,clear,21.0,0.0,10000.0
WS-CENTRAL,25/05/2025,23:00,CLEAR,18.4,0.0,10000.0
WS-CENTRAL,26/05/2025,00:00,Clear,19.2,0.0,10000.0
WS-CENTRAL,26/05/2025,01:00,CLEAR,20.0,0.0,10000.0
WS-CENTRAL,26/05/2025,02:00,Clear,18.1,0.0,10000.0
WS-CENTRAL,26/05/2025,03:00,Clear,13.5,0.0,10000.0
WS-CENTRAL,26/05/2025,04:00,Clear,16.9,0.0,10000.0
WS-CENTRAL,26/05/2025,05:00,Overcast,16.4,0.0,10000.0
WS-CENTRAL,26/05/2025,06:00,Cloudy,19.7,0.0,10000.0
WS-CENTRAL,26/05/2025,07:00,Clear,21.0,0.0,10000.0
WS-CENTRAL,26/05/2025,08:00,Clear,20.6,0.0,10000.0
WS-CENTRAL,26/05/2025,09:00,Clear,,0.0,10000.0
WS-CENTRAL,26/05/2025,10:00,Clear,22.8,0.0,10000.0
WS-CENTRAL,26/05/2025,11:00,Clear,21.8,0.0,10000.0
WS-CENTRAL,26/05/2025,12:00,Clear,25.6,0.0,
WS-CENTRAL,26/05/2025,13:00,Clear,27.1,0.0,10000.0
WS-CENTRAL,26/05/2025,14:00,Clear,26.5,0.0,10000.0
WS-CENTRAL,26/05/2025,15:00,clear,27.3,0.0,10000.0
WS-CENTRAL,26/05/2025,16:00,Clear,26.2,0.0,10000.0
WS-CENTRAL,26/05/2025,17:00,Cloudy,25.3,0.0,10000.0
WS-CENTRAL,26/05/2025,18:00,Cloudy,26.4,0.0,10000.0
WS-CENTRAL,26/05/2025,19:00,Cloudy,25.1,0.0,10000.0
WS-CENTRAL,26/05/2025,20:00,cloudy,22.2,0.0,10000.0
WS-CENTRAL,26/05/2025,21:00,clear,20.0,0.0,10000.0
WS-CENTRAL,26/05/2025,22:00,Clear,20.3,0.0,10000.0
WS-CENTRAL,26/05/2025,23:00,Clear,16.9,0.0,10000.0
WS-CENTRAL,27/05/2025,00:00,Clear,18.4,0.0,10000.0
WS-CENTRAL,27/05/2025,01:00,CLEAR,18.2,0.0,10000.0
WS-CENTRAL,27/05/2025,02:00,Clear,17.9,0.0,10000.0
WS-CENTRAL,27/05/2025,03:00,CLEAR,15.7,0.0,
WS-CENTRAL,27/05/2025,04:00,clear,17.6,0.0,10000.0
WS-CENTRAL,27/05/2025,05:00,CLEAR,18.4,0.0,10000.0
WS-CENTRAL,27/05/2025,06:00,Cloudy,19.4,0.0,10000.0
WS-CENTRAL,27/05/2025,07:00,cloudy,18.6,0.0,10000.0
WS-CENTRAL,27/05/2025,08:00,cloudy,20.4,0.0,10000.0
WS-CENTRAL,27/05/2025,09:00,Cloudy,20.2,0.0,10000.0
WS-CENTRAL,27/05/2025,10:00,Cloudy,,0.0,10000.0
WS-CENTRAL,27/05/2025,11:00,Overcast,25.2,0.0,10000.0
WS-CENTRAL,27/05/2025,12:00,Overcast,23.9,0.0,10000.0
WS-CENTRAL,27/05/2025,13:00,Clear,28.5,0.0,10000.0
WS-CENTRAL,27/05/2025,14:00,clear,26.3,0.0,10000.0
WS-CENTRAL,27/05/2025,15:00,Clear,25.9,0.0,10000.0
WS-CENTRAL,27/05/2025,16:00,Cloudy,27.3,0.0,10000.0
WS-CENTRAL,27/05/2025,17:00,Overcast,24.7,0.0,10000.0
WS-CENTRAL,27/05/2025,18:00,Overcast,23.7,0.0,10000.0
WS-CENTRAL,27/05/2025,19:00,Clear,23.8,0.0,10000.0
WS-CENTRAL,27/05/2025,20:00,clear,22.6,0.0,10000.0
WS-CENTRAL,27/05/2025,21:00,Clear,22.5,0.0,10000.0
WS-CENTRAL,27/05/2025,22:00,Clear,21.6,0.0,10000.0
WS-CENTRAL,27/05/2025,23:00,CLEAR,20.1,0.0,10000.0
WS-CENTRAL,28/05/2025,00:00,Clear,17.7,0.0,10000.0
WS-CENTRAL,28/05/2025,01:00,clear,16.9,0.0,10000.0
WS-CENTRAL,28/05/2025,02:00,CLEAR,18.7,0.0,10000.0
WS-CENTRAL,28/05/2025,03:00,Clear,16.5,0.0,10000.0
WS-CENTRAL,28/05/2025,04:00,Clear,17.0,0.0,10000.0
WS-CENTRAL,28/05/2025,05:00,CLEAR,18.5,0.0,10000.0
WS-CENTRAL,28/05/2025,06:00,Clear,18.5,0.0,10000.0
WS-CENTRAL,28/05/2025,07:00,Clear,19.3,0.0,10000.0
WS-CENTRAL,28/05/2025,08:00,clear,20.1,0.0,10000.0
WS-CENTRAL,28/05/2025,09:00,Clear,22.9,0.0,10000.0
WS-CENTRAL,28/05/2025,10:00,Clear,21.0,0.0,10000.0
WS-CENTRAL,28/05/2025,11:00,clear,23.1,0.0,10000.0
WS-CENTRAL,28/05/2025,12:00,CLEAR,26.3,0.0,10000.0
WS-CENTRAL,28/05/2025,13:00,Clear,26.5,0.0,10000.0
WS-CENTRAL,28/05/2025,14:00,clear,25.9,0.0,10000.0
WS-CENTRAL,28/05/2025,15:00,Clear,28.3,0.0,
WS-CENTRAL,28/05/2025,16:00,Clear,25.8,0.0,10000.0
WS-CENTRAL,28/05/2025,17:00,Clear,26.6,0.0,10000.0
WS-CENTRAL,28/05/2025,18:00,clear,25.0,0.0,10000.0
WS-CENTRAL,28/05/2025,19:00,Clear,25.4,0.0,10000.0
WS-CENTRAL,28/05/2025,20:00,Clear,23.5,0.0,10000.0
WS-CENTRAL,28/05/2025,21:00,Clear,20.4,0.0,10000.0
WS-CENTRAL,28/05/2025,22:00,CLEAR,20.0,0.0,10000.0
WS-CENTRAL,28/05/2025,23:00,Clear,20.1,0.0,10000.0
WS-CENTRAL,29/05/2025,00:00,Clear,18.2,0.0,10000.0
WS-CENTRAL,29/05/2025,01:00,clear,18.6,0.0,10000.0
WS-CENTRAL,29/05/2025,02:00,clear,17.8,0.0,10000.0
WS-CENTRAL,29/05/2025,03:00,CLEAR,16.1,0.0,10000.0
WS-CENTRAL,29/05/2025,04:00,CLEAR,18.1,0.0,10000.0
WS-CENTRAL,29/05/2025,05:00,Cloudy,16.6,0.0,10000.0
WS-CENTRAL,29/05/2025,06:00,Cloudy,18.3,0.0,10000.0
WS-CENTRAL,29/05/2025,07:00,cloudy,17.9,0.0,10000.0
WS-CENTRAL,29/05/2025,08:00,Cloudy,21.1,0.0,10000.0
WS-CENTRAL,29/05/2025,09:00,cloudy,20.5,0.0,10000.0
WS-CENTRAL,29/05/2025,10:00,Cloudy,21.4,0.0,10000.0
WS-CENTRAL,29/05/2025,11:00,Overcast,23.2,0.0,10000.0
WS-CENTRAL,29/05/2025,12:00,CLEAR,24.8,0.0,10000.0
WS-CENTRAL,29/05/2025,13:00,clear,23.6,0.0,10000.0
WS-CENTRAL,29/05/2025,14:00,CLEAR,26.6,0.0,10000.0
WS-CENTRAL,29/05/2025,15:00,Clear,26.0,0.0,10000.0
WS-CENTRAL,29/05/2025,16:00,CLEAR,26.9,0.0,10000.0
WS-CENTRAL,29/05/2025,17:00,Clear,28.5,0.0,10000.0
WS-CENTRAL,29/05/2025,18:00,Clear,26.1,0.0,10000.0
WS-CENTRAL,29/05/2025,19:00,Clear,22.9,0.0,10000.0
WS-CENTRAL,29/05/2025,20:00,CLEAR,23.8,0.0,10000.0
WS-CENTRAL,29/05/2025,21:00,Clear,23.5,0.0,10000.0
WS-CENTRAL,29/05/2025,22:00,Clear,20.1,0.0,10000.0
WS-CENTRAL,29/05/2025,23:00,Clear,18.5,0.0,10000.0
WS-CENTRAL,30/05/2025,00:00,Clear,18.2,0.0,10000.0
WS-CENTRAL,30/05/2025,01:00,clear,17.1,0.0,10000.0
WS-CENTRAL,30/05/2025,02:00,CLEAR,16.7,0.0,10000.0
WS-CENTRAL,30/05/2025,03:00,clear,18.1,0.0,10000.0
WS-CENTRAL,30/05/2025,04:00,Clear,17.2,0.0,10000.0
WS-CENTRAL,30/05/2025,05:00,Clear,17.8,0.0,10000.0
WS-CENTRAL,30/05/2025,06:00,CLEAR,19.4,0.0,10000.0
WS-CENTRAL,30/05/2025,07:00,Clear,19.5,0.0,10000.0
WS-CENTRAL,30/05/2025,08:00,clear,22.3,0.0,10000.0
WS-CENTRAL,30/05/2025,09:00,Clear,22.8,0.0,10000.0
WS-CENTRAL,30/05/2025,10:00,Clear,18.8,0.0,10000.0
WS-CENTRAL,30/05/2025,11:00,clear,22.0,0.0,10000.0
WS-CENTRAL,30/05/2025,12:00,clear,25.6,0.0,10000.0
WS-CENTRAL,30/05/2025,13:00,Clear,27.7,0.0,10000.0
WS-CENTRAL,30/05/2025,14:00,CLEAR,26.2,0.0,10000.0
WS-CENTRAL,30/05/2025,15:00,Clear,25.4,0.0,10000.0
WS-CENTRAL,30/05/2025,16:00,CLEAR,28.5,0.0,10000.0
WS-CENTRAL,30/05/2025,17:00,CLEAR,25.4,0.0,10000.0
WS-CENTRAL,30/05/2025,18:00,Clear,25.0,0.0,10000.0
WS-CENTRAL,30/05/2025,19:00,Clear,24.0,0.0,10000.0
WS-CENTRAL,30/05/2025,20:00,Cloudy,23.3,0.0,10000.0
WS-CENTRAL,30/05/2025,21:00,Cloudy,20.8,0.0,10000.0
WS-CENTRAL,30/05/2025,22:00,Cloudy,21.5,0.0,10000.0
WS-CENTRAL,30/05/2025,23:00,Clear,19.5,0.0,10000.0
WS-CENTRAL,31/05/2025,00:00,Clear,19.7,0.0,
WS-CENTRAL,31/05/2025,01:00,Clear,16.9,0.0,10000.0
WS-CENTRAL,31/05/2025,02:00,Clear,18.3,0.0,10000.0
WS-CENTRAL,31/05/2025,03:00,CLEAR,16.8,0.0,10000.0
WS-CENTRAL,31/05/2025,04:00,Clear,15.4,0.0,10000.0
WS-CENTRAL,31/05/2025,05:00,CLEAR,18.8,0.0,10000.0
WS-CENTRAL,31/05/2025,06:00,clear,17.7,0.0,10000.0
WS-CENTRAL,31/05/2025,07:00,Clear,19.2,0.0,10000.0
WS-CENTRAL,31/05/2025,08:00,Clear,24.3,0.0,10000.0
WS-CENTRAL,31/05/2025,09:00,CLEAR,20.7,0.0,10000.0
WS-CENTRAL,31/05/2025,10:00,CLEAR,24.1,0.0,10000.0
WS-CENTRAL,31/05/2025,11:00,Clear,24.2,0.0,10000.0
WS-CENTRAL,31/05/2025,12:00,Clear,24.4,0.0,10000.0
WS-CENTRAL,31/05/2025,13:00,Rain,28.1,8.7,2309.0
WS-CENTRAL,31/05/2025,14:00,rainy,27.9,3.9,3395.0
WS-CENTRAL,31/05/2025,15:00,Rain,27.8,8.0,2575.0
WS-CENTRAL,31/05/2025,16:00,Clear,25.4,0.0,10000.0
WS-CENTRAL,31/05/2025,17:00,Clear,27.0,0.0,10000.0
WS-CENTRAL,31/05/2025,18:00,CLEAR,25.5,0.0,10000.0
WS-CENTRAL,31/05/2025,19:00,clear,25.1,0.0,10000.0
WS-CENTRAL,31/05/2025,20:00,Cloudy,24.3,0.0,10000.0
WS-CENTRAL,31/05/2025,21:00,Cloudy,23.1,0.0,10000.0
WS-CENTRAL,31/05/2025,22:00,Cloudy,20.5,0.0,10000.0
WS-CENTRAL,31/05/2025,23:00,Cloudy,18.3,0.0,10000.0
WS-SOUTH,01/01/2025,00:00,Clear,7.6,0.0,10000.0
WS-SOUTH,01/01/2025,01:00,clear,7.6,0.0,10000.0
WS-SOUTH,01/01/2025,02:00,Clear,8.4,0.0,10000.0
WS-SOUTH,01/01/2025,03:00,Clear,7.9,0.0,10000.0
WS-SOUTH,01/01/2025,04:00,Clear,8.8,0.0,10000.0
WS-SOUTH,01/01/2025,05:00,Clear,10.3,0.0,10000.0
WS-SOUTH,01/01/2025,06:00,clear,9.4,0.0,10000.0
WS-SOUTH,01/01/2025,07:00,clear,13.7,0.0,
WS-SOUTH,01/01/2025,08:00,CLEAR,12.8,0.0,10000.0
WS-SOUTH,01/01/2025,09:00,CLEAR,14.3,0.0,10000.0
WS-SOUTH,01/01/2025,10:00,Clear,13.2,0.0,10000.0
WS-SOUTH,01/01/2025,11:00,Clear,18.2,0.0,10000.0
WS-SOUTH,01/01/2025,12:00,Clear,18.1,0.0,10000.0
WS-SOUTH,01/01/2025,13:00,Clear,18.0,0.0,10000.0
WS-SOUTH,01/01/2025,14:00,Clear,21.3,0.0,10000.0
WS-SOUTH,01/01/2025,15:00,Clear,19.5,0.0,10000.0
WS-SOUTH,01/01/2025,16:00,CLEAR,,0.0,10000.0
WS-SOUTH,01/01/2025,17:00,clear,18.1,0.0,10000.0
WS-SOUTH,01/01/2025,18:00,Clear,16.0,0.0,10000.0
WS-SOUTH,01/01/2025,19:00,Clear,17.9,0.0,10000.0
WS-SOUTH,01/01/2025,20:00,clear,14.5,0.0,10000.0
WS-SOUTH,01/01/2025,21:00,CLEAR,16.4,0.0,10000.0
WS-SOUTH,01/01/2025,22:00,Clear,13.2,0.0,10000.0
WS-SOUTH,01/01/2025,23:00,Clear,11.4,0.0,10000.0
WS-SOUTH,02/01/2025,00:00,Clear,11.6,0.0,10000.0
WS-SOUTH,02/01/2025,01:00,clear,12.2,0.0,10000.0
WS-SOUTH,02/01/2025,02:00,clear,9.4,0.0,10000.0
WS-SOUTH,02/01/2025,03:00,Clear,8.0,0.0,10000.0
WS-SOUTH,02/01/2025,04:00,Clear,10.5,0.0,10000.0
WS-SOUTH,02/01/2025,05:00,CLEAR,11.1,0.0,10000.0
WS-SOUTH,02/01/2025,06:00,Fog,9.4,0.0,960.0
WS-SOUTH,02/01/2025,07:00,Cloudy,10.3,0.0,10000.0
WS-SOUTH,02/01/2025,08:00,Cloudy,12.1,0.0,10000.0
WS-SOUTH,02/01/2025,09:00,Cloudy,12.6,0.0,10000.0
WS-SOUTH,02/01/2025,10:00,Clear,17.4,0.0,10000.0
WS-SOUTH,02/01/2025,11:00,Clear,15.2,0.0,10000.0
WS-SOUTH,02/01/2025,12:00,Clear,16.1,0.0,10000.0
WS-SOUTH,02/01/2025,13:00,Clear,19.0,0.0,10000.0
WS-SOUTH,02/01/2025,14:00,Clear,19.1,0.0,10000.0
WS-SOUTH,02/01/2025,15:00,Clear,19.0,0.0,10000.0
WS-SOUTH,02/01/2025,16:00,Clear,21.0,0.0,10000.0
WS-SOUTH,02/01/2025,17:00,Clear,21.6,0.0,10000.0
WS-SOUTH,02/01/2025,18:00,Clear,18.5,0.0,10000.0
WS-SOUTH,02/01/2025,19:00,clear,17.0,0.0,10000.0
WS-SOUTH,02/01/2025,20:00,Clear,16.4,0.0,10000.0
WS-SOUTH,02/01/2025,21:00,Clear,13.2,0.0,10000.0
WS-SOUTH,02/01/2025,22:00,clear,12.3,0.0,10000.0
WS-SOUTH,02/01/2025,23:00,Clear,12.4,0.0,10000.0
WS-SOUTH,03/01/2025,00:00,Clear,10.3,0.0,10000.0
WS-SOUTH,03/01/2025,01:00,CLEAR,10.4,0.0,10000.0
WS-SOUTH,03/01/2025,02:00,clear,10.4,0.0,10000.0
WS-SOUTH,03/01/2025,03:00,Cloudy,9.0,0.0,10000.0
WS-SOUTH,03/01/2025,04:00,Cloudy,8.2,0.0,10000.0
WS-SOUTH,03/01/2025,05:00,clear,8.2,0.0,10000.0
WS-SOUTH,03/01/2025,06:00,Clear,9.7,0.0,10000.0
WS-SOUTH,03/01/2025,07:00,Clear,11.4,0.0,10000.0
WS-SOUTH,03/01/2025,08:00,Cloudy,12.4,0.0,10000.0
WS-SOUTH,03/01/2025,09:00,Cloudy,13.6,0.0,10000.0
WS-SOUTH,03/01/2025,10:00,Clear,15.3,0.0,10000.0
WS-SOUTH,03/01/2025,11:00,CLEAR,18.4,0.0,10000.0
WS-SOUTH,03/01/2025,12:00,Clear,16.9,0.0,10000.0
WS-SOUTH,03/01/2025,13:00,Clear,,0.0,10000.0
WS-SOUTH,03/01/2025,14:00,Clear,18.4,0.0,10000.0
WS-SOUTH,03/01/2025,15:00,CLEAR,18.1,0.0,10000.0
WS-SOUTH,03/01/2025,16:00,clear,18.7,0.0,10000.0
WS-SOUTH,03/01/2025,17:00,Clear,17.6,0.0,10000.0
WS-SOUTH,03/01/2025,18:00,Clear,17.0,0.0,10000.0
WS-SOUTH,03/01/2025,19:00,Cloudy,16.2,0.0,10000.0
WS-SOUTH,03/01/2025,20:00,cloudy,14.7,0.0,10000.0
WS-SOUTH,03/01/2025,21:00,Clear,15.0,0.0,10000.0
WS-SOUTH,03/01/2025,22:00,CLEAR,15.8,0.0,10000.0
WS-SOUTH,03/01/2025,23:00,Clear,13.6,0.0,10000.0
WS-SOUTH,04/01/2025,00:00,clear,10.9,0.0,10000.0
WS-SOUTH,04/01/2025,01:00,Clear,8.8,0.0,10000.0
WS-SOUTH,04/01/2025,02:00,Clear,9.8,0.0,10000.0
WS-SOUTH,04/01/2025,03:00,Clear,8.7,0.0,10000.0
WS-SOUTH,04/01/2025,04:00,Clear,8.6,0.0,10000.0
WS-SOUTH,04/01/2025,05:00,clear,8.6,0.0,10000.0
WS-SOUTH,04/01/2025,06:00,Clear,11.5,0.0,10000.0
WS-SOUTH,04/01/2025,07:00,CLEAR,10.5,0.0,10000.0
WS-SOUTH,04/01/2025,08:00,Clear,11.0,0.0,10000.0
WS-SOUTH,04/01/2025,09:00,Clear,12.6,0.0,10000.0
WS-SOUTH,04/01/2025,10:00,rainy,,8.5,4953.0
WS-SOUTH,04/01/2025,11:00,clear,13.8,0.0,10000.0
WS-SOUTH,04/01/2025,12:00,Clear,17.3,0.0,10000.0
WS-SOUTH,04/01/2025,13:00,Clear,18.7,0.0,10000.0
WS-SOUTH,04/01/2025,14:00,Clear,17.7,0.0,10000.0
WS-SOUTH,04/01/2025,15:00,Clear,21.0,0.0,10000.0
WS-SOUTH,04/01/2025,16:00,Clear,20.1,0.0,10000.0
WS-SOUTH,04/01/2025,17:00,Clear,20.0,0.0,10000.0
WS-SOUTH,04/01/2025,18:00,CLEAR,15.8,0.0,10000.0
WS-SOUTH,04/01/2025,19:00,clear,19.4,0.0,10000.0
WS-SOUTH,04/01/2025,20:00,Clear,14.3,0.0,10000.0
WS-SOUTH,04/01/2025,21:00,Clear,15.0,0.0,10000.0
WS-SOUTH,04/01/2025,22:00,Clear,11.7,0.0,10000.0
WS-SOUTH,04/01/2025,23:00,Clear,12.9,0.0,10000.0
WS-SOUTH,05/01/2025,00:00,Clear,9.8,0.0,10000.0
WS-SOUTH,05/01/2025,01:00,Clear,11.1,0.0,10000.0
WS-SOUTH,05/01/2025,02:00,Clear,10.9,0.0,
WS-SOUTH,05/01/2025,03:00,Cloudy,7.2,0.0,10000.0
WS-SOUTH,05/01/2025,04:00,Cloudy,11.3,0.0,10000.0
WS-SOUTH,05/01/2025,05:00,Cloudy,9.1,0.0,10000.0
WS-SOUTH,05/01/2025,06:00,Cloudy,11.2,0.0,10000.0
WS-SOUTH,05/01/2025,07:00,Clear,12.2,0.0,10000.0
WS-SOUTH,05/01/2025,08:00,clear,15.0,0.0,10000.0
WS-SOUTH,05/01/2025,09:00,rain ,15.2,8.3,2502.0
WS-SOUTH,05/01/2025,10:00,Clear,15.2,0.0,10000.0
WS-SOUTH,05/01/2025,11:00,Clear,15.6,0.0,10000.0
WS-SOUTH,05/01/2025,12:00,Clear,17.9,0.0,10000.0
WS-SOUTH,05/01/2025,13:00,Clear,18.4,0.0,10000.0
WS-SOUTH,05/01/2025,14:00,Cloudy,17.5,0.0,10000.0
WS-SOUTH,05/01/2025,15:00,Overcast,19.2,0.0,10000.0
WS-SOUTH,05/01/2025,16:00,Clear,18.7,0.0,10000.0
WS-SOUTH,05/01/2025,17:00,Clear,19.2,0.0,10000.0
WS-SOUTH,05/01/2025,18:00,clear,18.2,0.0,10000.0
WS-SOUTH,05/01/2025,19:00,clear,18.5,0.0,10000.0
WS-SOUTH,05/01/2025,20:00,Overcast,14.5,0.0,10000.0
WS-SOUTH,05/01/2025,21:00,Overcast,14.5,0.0,10000.0
WS-SOUTH,05/01/2025,22:00,Cloudy,14.2,0.0,10000.0
WS-SOUTH,05/01/2025,23:00,Overcast,12.3,0.0,10000.0
WS-SOUTH,06/01/2025,00:00,Cloudy,10.5,0.0,10000.0
WS-SOUTH,06/01/2025,01:00,clear,11.3,0.0,10000.0
WS-SOUTH,06/01/2025,02:00,Clear,10.6,0.0,10000.0
WS-SOUTH,06/01/2025,03:00,Clear,10.0,0.0,10000.0
WS-SOUTH,06/01/2025,04:00,CLEAR,10.1,0.0,10000.0
WS-SOUTH,06/01/2025,05:00,Clear,11.1,0.0,10000.0
WS-SOUTH,06/01/2025,06:00,Clear,9.1,0.0,10000.0
WS-SOUTH,06/01/2025,07:00,CLEAR,12.9,0.0,10000.0
WS-SOUTH,06/01/2025,08:00,clear,13.8,0.0,10000.0
WS-SOUTH,06/01/2025,09:00,cloudy,14.3,0.0,10000.0
WS-SOUTH,06/01/2025,10:00,Cloudy,15.3,0.0,10000.0
WS-SOUTH,06/01/2025,11:00,CLEAR,19.4,0.0,10000.0
WS-SOUTH,06/01/2025,12:00,Clear,17.4,0.0,10000.0
WS-SOUTH,06/01/2025,13:00,Clear,19.9,0.0,10000.0
WS-SOUTH,06/01/2025,14:00,Clear,19.2,0.0,10000.0
WS-SOUTH,06/01/2025,15:00,Clear,19.7,0.0,10000.0
WS-SOUTH,06/01/2025,16:00,CLEAR,18.7,0.0,10000.0
WS-SOUTH,06/01/2025,17:00,Clear,18.1,0.0,10000.0
WS-SOUTH,06/01/2025,18:00,clear,18.9,0.0,10000.0
WS-SOUTH,06/01/2025,19:00,clear,15.9,0.0,10000.0
WS-SOUTH,06/01/2025,20:00,Clear,16.0,0.0,10000.0
WS-SOUTH,06/01/2025,21:00,Clear,14.3,0.0,10000.0
WS-SOUTH,06/01/2025,22:00,Clear,12.6,0.0,10000.0
WS-SOUTH,06/01/2025,23:00,Clear,11.7,0.0,10000.0
WS-SOUTH,07/01/2025,00:00,Clear,11.7,0.0,10000.0
WS-SOUTH,07/01/2025,01:00,Clear,9.2,0.0,10000.0
WS-SOUTH,07/01/2025,02:00,clear,9.1,0.0,10000.0
WS-SOUTH,07/01/2025,03:00,Clear,8.3,0.0,
WS-SOUTH,07/01/2025,04:00,Clear,9.7,0.0,10000.0
WS-SOUTH,07/01/2025,05:00,Clear,13.2,0.0,10000.0
WS-SOUTH,07/01/2025,06:00,clear,10.3,0.0,10000.0
WS-SOUTH,07/01/2025,07:00,Overcast,11.0,0.0,10000.0
WS-SOUTH,07/01/2025,08:00,Cloudy,13.9,0.0,10000.0
WS-SOUTH,07/01/2025,09:00,Rain,13.8,8.8,3372.0
WS-SOUTH,07/01/2025,10:00,Rain,17.6,2.2,2604.0
WS-SOUTH,07/01/2025,11:00,RAIN,18.4,5.5,4267.0
WS-SOUTH,07/01/2025,12:00,rainy,16.7,7.0,3655.0
WS-SOUTH,07/01/2025,13:00,Clear,17.7,0.0,10000.0
WS-SOUTH,07/01/2025,14:00,CLEAR,20.9,0.0,10000.0
WS-SOUTH,07/01/2025,15:00,CLEAR,18.8,0.0,10000.0
WS-SOUTH,07/01/2025,16:00,CLEAR,17.5,0.0,10000.0
WS-SOUTH,07/01/2025,17:00,Clear,17.2,0.0,10000.0
WS-SOUTH,07/01/2025,18:00,Clear,18.1,0.0,10000.0
WS-SOUTH,07/01/2025,19:00,Clear,14.4,0.0,10000.0
WS-SOUTH,07/01/2025,20:00,Clear,13.3,0.0,10000.0
WS-SOUTH,07/01/2025,21:00,CLEAR,15.3,0.0,10000.0
WS-SOUTH,07/01/2025,22:00,Clear,12.9,0.0,10000.0
WS-SOUTH,07/01/2025,23:00,clear,10.8,0.0,10000.0
WS-SOUTH,08/01/2025,00:00,CLEAR,12.3,0.0,10000.0
WS-SOUTH,08/01/2025,01:00,Clear,9.0,0.0,10000.0
WS-SOUTH,08/01/2025,02:00,Clear,8.4,0.0,10000.0
WS-SOUTH,08/01/2025,03:00,Clear,11.4,0.0,10000.0
WS-SOUTH,08/01/2025,04:00,CLEAR,,0.0,10000.0
WS-SOUTH,08/01/2025,05:00,Clear,9.5,0.0,10000.0
WS-SOUTH,08/01/2025,06:00,Fog,11.3,0.0,452.0
WS-SOUTH,08/01/2025,07:00,Fog,12.5,0.0,659.0
WS-SOUTH,08/01/2025,08:00,Clear,13.9,0.0,10000.0
WS-SOUTH,08/01/2025,09:00,clear,16.2,0.0,10000.0
WS-SOUTH,08/01/2025,10:00,Clear,15.9,0.0,10000.0
WS-SOUTH,08/01/2025,11:00,Clear,17.5,0.0,10000.0
WS-SOUTH,08/01/2025,12:00,clear,16.9,0.0,10000.0
WS-SOUTH,08/01/2025,13:00,Clear,18.6,0.0,10000.0
WS-SOUTH,08/01/2025,14:00,CLEAR,19.8,0.0,10000.0
WS-SOUTH,08/01/2025,15:00,Clear,16.9,0.0,10000.0
WS-SOUTH,08/01/2025,16:00,Clear,18.2,0.0,10000.0
WS-SOUTH,08/01/2025,17:00,Clear,17.3,0.0,10000.0
WS-SOUTH,08/01/2025,18:00,CLEAR,20.7,0.0,10000.0
WS-SOUTH,08/01/2025,19:00,Clear,16.7,0.0,10000.0
WS-SOUTH,08/01/2025,20:00,Clear,16.0,0.0,10000.0
WS-SOUTH,08/01/2025,21:00,Rain,13.7,5.8,3171.0
WS-SOUTH,08/01/2025,22:00,Rain,13.7,6.9,3406.0
WS-SOUTH,08/01/2025,23:00,RAIN,10.8,7.7,3193.0
WS-SOUTH,09/01/2025,00:00,Rain,11.5,2.6,3316.0
WS-SOUTH,09/01/2025,01:00,rain ,11.6,2.3,3164.0
WS-SOUTH,09/01/2025,02:00,Clear,11.7,0.0,10000.0
WS-SOUTH,09/01/2025,03:00,clear,7.9,0.0,10000.0
WS-SOUTH,09/01/2025,04:00,Clear,9.4,0.0,10000.0
WS-SOUTH,09/01/2025,05:00,Fog,11.4,0.0,430.0
WS-SOUTH,09/01/2025,06:00,CLEAR,10.4,0.0,10000.0
WS-SOUTH,09/01/2025,07:00,Clear,12.7,0.0,10000.0
WS-SOUTH,09/01/2025,08:00,CLEAR,14.0,0.0,10000.0
WS-SOUTH,09/01/2025,09:00,CLEAR,14.2,0.0,10000.0
WS-SOUTH,09/01/2025,10:00,Clear,15.8,0.0,10000.0
WS-SOUTH,09/01/2025,11:00,Clear,19.4,0.0,10000.0
WS-SOUTH,09/01/2025,12:00,Clear,19.7,0.0,10000.0
WS-SOUTH,09/01/2025,13:00,Clear,16.6,0.0,10000.0
WS-SOUTH,09/01/2025,14:00,Clear,20.0,0.0,10000.0
WS-SOUTH,09/01/2025,15:00,Clear,19.3,0.0,10000.0
WS-SOUTH,09/01/2025,16:00,Clear,20.0,0.0,10000.0
WS-SOUTH,09/01/2025,17:00,clear,19.5,0.0,10000.0
WS-SOUTH,09/01/2025,18:00,clear,19.6,0.0,10000.0
WS-SOUTH,09/01/2025,19:00,Clear,18.4,0.0,10000.0
WS-SOUTH,09/01/2025,20:00,Clear,15.1,0.0,10000.0
WS-SOUTH,09/01/2025,21:00,Clear,14.1,0.0,10000.0
WS-SOUTH,09/01/2025,22:00,Clear,12.9,0.0,10000.0
WS-SOUTH,09/01/2025,23:00,Clear,10.3,0.0,10000.0
WS-SOUTH,10/01/2025,00:00,Rain,12.6,3.5,2247.0
WS-SOUTH,10/01/2025,01:00,Clear,9.6,0.0,10000.0
WS-SOUTH,10/01/2025,02:00,Clear,9.6,0.0,10000.0
WS-SOUTH,10/01/2025,03:00,Clear,9.6,0.0,10000.0
WS-SOUTH,10/01/2025,04:00,Clear,9.1,0.0,10000.0
WS-SOUTH,10/01/2025,05:00,Clear,9.2,0.0,10000.0
WS-SOUTH,10/01/2025,06:00,Clear,10.3,0.0,10000.0
WS-SOUTH,10/01/2025,07:00,Clear,12.4,0.0,10000.0
WS-SOUTH,10/01/2025,08:00,Clear,11.3,0.0,10000.0
WS-SOUTH,10/01/2025,09:00,clear,13.9,0.0,10000.0
WS-SOUTH,10/01/2025,10:00,Clear,14.0,0.0,10000.0
WS-SOUTH,10/01/2025,11:00,Cloudy,16.2,0.0,10000.0
WS-SOUTH,10/01/2025,12:00,cloudy,17.8,0.0,10000.0
WS-SOUTH,10/01/2025,13:00,Cloudy,20.3,0.0,10000.0
WS-SOUTH,10/01/2025,14:00,cloudy,17.6,0.0,10000.0
WS-SOUTH,10/01/2025,15:00,Cloudy,18.3,0.0,10000.0
WS-SOUTH,10/01/2025,16:00,Clear,19.6,0.0,10000.0
WS-SOUTH,10/01/2025,17:00,Clear,17.1,0.0,10000.0
WS-SOUTH,10/01/2025,18:00,Clear,16.7,0.0,10000.0
WS-SOUTH,10/01/2025,19:00,Clear,17.7,0.0,10000.0
WS-SOUTH,10/01/2025,20:00,clear,16.0,0.0,10000.0
WS-SOUTH,10/01/2025,21:00,CLEAR,,0.0,10000.0
WS-SOUTH,10/01/2025,22:00,Clear,12.3,0.0,10000.0
WS-SOUTH,10/01/2025,23:00,Clear,13.7,0.0,10000.0
WS-SOUTH,11/01/2025,00:00,cloudy,10.1,0.0,10000.0
WS-SOUTH,11/01/2025,01:00,cloudy,11.7,0.0,10000.0
WS-SOUTH,11/01/2025,02:00,CLEAR,11.8,0.0,10000.0
WS-SOUTH,11/01/2025,03:00,clear,10.1,0.0,10000.0
WS-SOUTH,11/01/2025,04:00,CLEAR,7.5,0.0,10000.0
WS-SOUTH,11/01/2025,05:00,CLEAR,10.7,0.0,10000.0
WS-SOUTH,11/01/2025,06:00,clear,,0.0,10000.0
WS-SOUTH,11/01/2025,07:00,Clear,14.8,0.0,10000.0
WS-SOUTH,11/01/2025,08:00,Clear,10.7,0.0,10000.0
WS-SOUTH,11/01/2025,09:00,CLEAR,14.4,0.0,10000.0
WS-SOUTH,11/01/2025,10:00,Clear,15.4,0.0,10000.0
WS-SOUTH,11/01/2025,11:00,Clear,16.1,0.0,10000.0
WS-SOUTH,11/01/2025,12:00,clear,18.0,0.0,10000.0
WS-SOUTH,11/01/2025,13:00,CLEAR,21.1,0.0,10000.0
WS-SOUTH,11/01/2025,14:00,Clear,19.9,0.0,10000.0
WS-SOUTH,11/01/2025,15:00,Clear,20.6,0.0,10000.0
WS-SOUTH,11/01/2025,16:00,clear,16.2,0.0,10000.0
WS-SOUTH,11/01/2025,17:00,Clear,18.5,0.0,10000.0
WS-SOUTH,11/01/2025,18:00,Clear,17.4,0.0,10000.0
WS-SOUTH,11/01/2025,19:00,Clear,16.8,0.0,10000.0
WS-SOUTH,11/01/2025,20:00,Clear,14.2,0.0,10000.0
WS-SOUTH,11/01/2025,21:00,Clear,15.3,0.0,10000.0
WS-SOUTH,11/01/2025,22:00,Overcast,14.2,0.0,10000.0
WS-SOUTH,11/01/2025,23:00,Cloudy,12.0,0.0,10000.0
WS-SOUTH,12/01/2025,00:00,Cloudy,9.5,0.0,10000.0
WS-SOUTH,12/01/2025,01:00,Rain,8.7,3.9,2847.0
WS-SOUTH,12/01/2025,02:00,Rain,10.4,1.7,3309.0
WS-SOUTH,12/01/2025,03:00,rainy,9.0,6.0,2784.0
WS-SOUTH,12/01/2025,04:00,Rain,8.4,2.2,3416.0
WS-SOUTH,12/01/2025,05:00,Cloudy,10.6,0.0,10000.0
WS-SOUTH,12/01/2025,06:00,Cloudy,11.6,0.0,10000.0
WS-SOUTH,12/01/2025,07:00,Clear,11.5,0.0,10000.0
WS-SOUTH,12/01/2025,08:00,Cloudy,15.6,0.0,10000.0
WS-SOUTH,12/01/2025,09:00,cloudy,14.6,0.0,
WS-SOUTH,12/01/2025,10:00,Cloudy,15.5,0.0,10000.0
WS-SOUTH,12/01/2025,11:00,Overcast,15.8,0.0,10000.0
WS-SOUTH,12/01/2025,12:00,cloudy,17.3,0.0,10000.0
WS-SOUTH,12/01/2025,13:00,cloudy,19.1,0.0,10000.0
WS-SOUTH,12/01/2025,14:00,Cloudy,19.5,0.0,10000.0
WS-SOUTH,12/01/2025,15:00,clear,20.9,0.0,10000.0
WS-SOUTH,12/01/2025,16:00,Clear,19.0,0.0,10000.0
WS-SOUTH,12/01/2025,17:00,Rain,19.9,5.0,3205.0
WS-SOUTH,12/01/2025,18:00,Clear,18.9,0.0,10000.0
WS-SOUTH,12/01/2025,19:00,Clear,19.3,0.0,10000.0
WS-SOUTH,12/01/2025,20:00,Clear,17.1,0.0,10000.0
WS-SOUTH,12/01/2025,21:00,clear,13.9,0.0,10000.0
WS-SOUTH,12/01/2025,22:00,Clear,13.4,0.0,10000.0
WS-SOUTH,12/01/2025,23:00,Clear,13.7,0.0,10000.0
WS-SOUTH,13/01/2025,00:00,Clear,8.8,0.0,10000.0
WS-SOUTH,13/01/2025,01:00,Clear,10.2,0.0,10000.0
WS-SOUTH,13/01/2025,02:00,Clear,12.0,0.0,10000.0
WS-SOUTH,13/01/2025,03:00,Clear,9.2,0.0,10000.0
WS-SOUTH,13/01/2025,04:00,Clear,9.3,0.0,10000.0
WS-SOUTH,13/01/2025,05:00,Fog,9.7,0.0,328.0
WS-SOUTH,13/01/2025,06:00,Fog,8.6,0.0,1081.0
WS-SOUTH,13/01/2025,07:00,clear,12.1,0.0,10000.0
WS-SOUTH,13/01/2025,08:00,Clear,15.2,0.0,10000.0
WS-SOUTH,13/01/2025,09:00,clear,13.3,0.0,10000.0
WS-SOUTH,13/01/2025,10:00,CLEAR,15.7,0.0,10000.0
WS-SOUTH,13/01/2025,11:00,clear,19.8,0.0,10000.0
WS-SOUTH,13/01/2025,12:00,clear,19.8,0.0,10000.0
WS-SOUTH,13/01/2025,13:00,clear,19.9,0.0,10000.0
WS-SOUTH,13/01/2025,14:00,Clear,21.3,0.0,10000.0
WS-SOUTH,13/01/2025,15:00,clear,20.1,0.0,10000.0
WS-SOUTH,13/01/2025,16:00,Cloudy,17.7,0.0,10000.0
WS-SOUTH,13/01/2025,17:00,Cloudy,19.8,0.0,10000.0
WS-SOUTH,13/01/2025,18:00,Cloudy,16.8,0.0,10000.0
WS-SOUTH,13/01/2025,19:00,Cloudy,17.1,0.0,10000.0
WS-SOUTH,13/01/2025,20:00,cloudy,14.7,0.0,10000.0
WS-SOUTH,13/01/2025,21:00,Cloudy,15.3,0.0,10000.0
WS-SOUTH,13/01/2025,22:00,cloudy,12.9,0.0,10000.0
WS-SOUTH,13/01/2025,23:00,Clear,10.3,0.0,10000.0
WS-SOUTH,14/01/2025,00:00,CLEAR,10.8,0.0,10000.0
WS-SOUTH,14/01/2025,01:00,Clear,9.4,0.0,10000.0
WS-SOUTH,14/01/2025,02:00,Clear,9.4,0.0,10000.0
WS-SOUTH,14/01/2025,03:00,Clear,11.3,0.0,10000.0
WS-SOUTH,14/01/2025,04:00,Cloudy,8.8,0.0,10000.0
WS-SOUTH,14/01/2025,05:00,Overcast,9.1,0.0,10000.0
WS-SOUTH,14/01/2025,06:00,Cloudy,9.4,0.0,10000.0
WS-SOUTH,14/01/2025,07:00,CLEAR,11.2,0.0,10000.0
WS-SOUTH,14/01/2025,08:00,Clear,12.2,0.0,10000.0
WS-SOUTH,14/01/2025,09:00,clear,15.2,0.0,10000.0
WS-SOUTH,14/01/2025,10:00,Clear,18.3,0.0,10000.0
WS-SOUTH,14/01/2025,11:00,Clear,16.2,0.0,10000.0
WS-SOUTH,14/01/2025,12:00,clear,19.8,0.0,10000.0
WS-SOUTH,14/01/2025,13:00,Clear,17.5,0.0,10000.0
WS-SOUTH,14/01/2025,14:00,Overcast,20.3,0.0,10000.0
WS-SOUTH,14/01/2025,15:00,Cloudy,20.8,0.0,10000.0
WS-SOUTH,14/01/2025,16:00,Clear,18.4,0.0,10000.0
WS-SOUTH,14/01/2025,17:00,Clear,20.2,0.0,10000.0
WS-SOUTH,14/01/2025,18:00,Clear,16.8,0.0,10000.0
WS-SOUTH,14/01/2025,19:00,clear,17.4,0.0,10000.0
WS-SOUTH,14/01/2025,20:00,clear,14.6,0.0,10000.0
WS-SOUTH,14/01/2025,21:00,Clear,16.2,0.0,10000.0
WS-SOUTH,14/01/2025,22:00,Clear,13.1,0.0,10000.0
WS-SOUTH,14/01/2025,23:00,Clear,10.1,0.0,10000.0
WS-SOUTH,15/01/2025,00:00,Clear,11.3,0.0,10000.0
WS-SOUTH,15/01/2025,01:00,Clear,11.3,0.0,10000.0
WS-SOUTH,15/01/2025,02:00,clear,8.9,0.0,10000.0
WS-SOUTH,15/01/2025,03:00,Clear,10.7,0.0,10000.0
WS-SOUTH,15/01/2025,04:00,CLEAR,10.3,0.0,10000.0
WS-SOUTH,15/01/2025,05:00,clear,10.1,0.0,10000.0
WS-SOUTH,15/01/2025,06:00,Fog,10.6,0.0,1007.0
WS-SOUTH,15/01/2025,07:00,FOG,11.4,0.0,991.0
WS-SOUTH,15/01/2025,08:00,Clear,13.5,0.0,10000.0
WS-SOUTH,15/01/2025,09:00,Clear,15.0,0.0,10000.0
WS-SOUTH,15/01/2025,10:00,clear,14.2,0.0,10000.0
WS-SOUTH,15/01/2025,11:00,Clear,18.0,0.0,10000.0
WS-SOUTH,15/01/2025,12:00,Clear,18.1,0.0,10000.0
WS-SOUTH,15/01/2025,13:00,Clear,18.9,0.0,10000.0
WS-SOUTH,15/01/2025,14:00,Cloudy,19.5,0.0,10000.0
WS-SOUTH,15/01/2025,15:00,Overcast,17.3,0.0,10000.0
WS-SOUTH,15/01/2025,16:00,cloudy,19.9,0.0,10000.0
WS-SOUTH,15/01/2025,17:00,Clear,18.8,0.0,10000.0
WS-SOUTH,15/01/2025,18:00,Clear,17.2,0.0,10000.0
WS-SOUTH,15/01/2025,19:00,Clear,17.4,0.0,10000.0
WS-SOUTH,15/01/2025,20:00,clear,,0.0,10000.0
WS-SOUTH,15/01/2025,21:00,clear,14.0,0.0,10000.0
WS-SOUTH,15/01/2025,22:00,Clear,14.0,0.0,10000.0
WS-SOUTH,15/01/2025,23:00,CLEAR,14.0,0.0,10000.0
WS-SOUTH,16/01/2025,00:00,Clear,12.0,0.0,10000.0
WS-SOUTH,16/01/2025,01:00,Clear,11.0,0.0,10000.0
WS-SOUTH,16/01/2025,02:00,Clear,9.5,0.0,10000.0
WS-SOUTH,16/01/2025,03:00,Clear,8.5,0.0,10000.0
WS-SOUTH,16/01/2025,04:00,Clear,7.6,0.0,10000.0
WS-SOUTH,16/01/2025,05:00,rain ,9.7,6.9,3261.0
WS-SOUTH,16/01/2025,06:00,RAIN,10.2,3.9,3380.0
WS-SOUTH,16/01/2025,07:00,Clear,12.0,0.0,10000.0
WS-SOUTH,16/01/2025,08:00,Clear,12.1,0.0,10000.0
WS-SOUTH,16/01/2025,09:00,CLEAR,15.3,0.0,10000.0
WS-SOUTH,16/01/2025,10:00,Clear,16.0,0.0,10000.0
WS-SOUTH,16/01/2025,11:00,clear,18.1,0.0,10000.0
WS-SOUTH,16/01/2025,12:00,Clear,19.0,0.0,10000.0
WS-SOUTH,16/01/2025,13:00,Clear,20.7,0.0,10000.0
WS-SOUTH,16/01/2025,14:00,Clear,19.3,0.0,10000.0
WS-SOUTH,16/01/2025,15:00,Clear,19.8,0.0,10000.0
WS-SOUTH,16/01/2025,16:00,Clear,21.2,0.0,10000.0
WS-SOUTH,16/01/2025,17:00,Clear,20.3,0.0,10000.0
WS-SOUTH,16/01/2025,18:00,Clear,19.6,0.0,10000.0
WS-SOUTH,16/01/2025,19:00,cloudy,16.9,0.0,10000.0
WS-SOUTH,16/01/2025,20:00,Overcast,16.4,0.0,10000.0
WS-SOUTH,16/01/2025,21:00,Cloudy,13.4,0.0,10000.0
WS-SOUTH,16/01/2025,22:00,Cloudy,12.6,0.0,10000.0
WS-SOUTH,16/01/2025,23:00,cloudy,10.9,0.0,10000.0
WS-SOUTH,17/01/2025,00:00,Clear,10.0,0.0,10000.0
WS-SOUTH,17/01/2025,01:00,CLEAR,10.5,0.0,10000.0
WS-SOUTH,17/01/2025,02:00,Clear,9.6,0.0,10000.0
WS-SOUTH,17/01/2025,03:00,Clear,9.8,0.0,10000.0
WS-SOUTH,17/01/2025,04:00,CLEAR,10.6,0.0,10000.0
WS-SOUTH,17/01/2025,05:00,clear,11.5,0.0,10000.0
WS-SOUTH,17/01/2025,06:00,Clear,11.4,0.0,10000.0
WS-SOUTH,17/01/2025,07:00,Clear,11.1,0.0,10000.0
WS-SOUTH,17/01/2025,08:00,clear,12.9,0.0,10000.0
WS-SOUTH,17/01/2025,09:00,Clear,13.0,0.0,10000.0
WS-SOUTH,17/01/2025,10:00,Clear,18.0,0.0,10000.0
WS-SOUTH,17/01/2025,11:00,Clear,20.3,0.0,10000.0
WS-SOUTH,17/01/2025,12:00,Clear,19.4,0.0,10000.0
WS-SOUTH,17/01/2025,13:00,Clear,19.9,0.0,10000.0
WS-SOUTH,17/01/2025,14:00,Clear,20.7,0.0,10000.0
WS-SOUTH,17/01/2025,15:00,clear,19.3,0.0,10000.0
WS-SOUTH,17/01/2025,16:00,Clear,20.4,0.0,10000.0
WS-SOUTH,17/01/2025,17:00,Clear,19.2,0.0,10000.0
WS-SOUTH,17/01/2025,18:00,Clear,16.1,0.0,10000.0
WS-SOUTH,17/01/2025,19:00,clear,16.9,0.0,10000.0
WS-SOUTH,17/01/2025,20:00,CLEAR,14.2,0.0,10000.0
WS-SOUTH,17/01/2025,21:00,Clear,14.0,0.0,10000.0
WS-SOUTH,17/01/2025,22:00,Clear,14.7,0.0,10000.0
WS-SOUTH,17/01/2025,23:00,Clear,11.2,0.0,10000.0
WS-SOUTH,18/01/2025,00:00,Cloudy,13.3,0.0,10000.0
WS-SOUTH,18/01/2025,01:00,Cloudy,12.8,0.0,10000.0
WS-SOUTH,18/01/2025,02:00,clear,9.2,0.0,10000.0
WS-SOUTH,18/01/2025,03:00,clear,8.4,0.0,10000.0
WS-SOUTH,18/01/2025,04:00,Clear,9.1,0.0,10000.0
WS-SOUTH,18/01/2025,05:00,Clear,10.5,0.0,10000.0
WS-SOUTH,18/01/2025,06:00,Clear,10.5,0.0,10000.0
WS-SOUTH,18/01/2025,07:00,clear,11.4,0.0,10000.0
WS-SOUTH,18/01/2025,08:00,Clear,16.9,0.0,10000.0
WS-SOUTH,18/01/2025,09:00,Clear,18.0,0.0,10000.0
WS-SOUTH,18/01/2025,10:00,clear,17.4,0.0,10000.0
WS-SOUTH,18/01/2025,11:00,Rain,18.9,7.5,2560.0
WS-SOUTH,18/01/2025,12:00,Rain,18.8,5.5,3394.0
WS-SOUTH,18/01/2025,13:00,Clear,18.7,0.0,10000.0
WS-SOUTH,18/01/2025,14:00,Clear,21.9,0.0,10000.0
WS-SOUTH,18/01/2025,15:00,clear,17.8,0.0,10000.0
WS-SOUTH,18/01/2025,16:00,Clear,18.8,0.0,10000.0
WS-SOUTH,18/01/2025,17:00,CLEAR,17.3,0.0,10000.0
WS-SOUTH,18/01/2025,18:00,clear,16.9,0.0,10000.0
WS-SOUTH,18/01/2025,19:00,CLEAR,17.7,0.0,10000.0
WS-SOUTH,18/01/2025,20:00,Clear,18.0,0.0,10000.0
WS-SOUTH,18/01/2025,21:00,Clear,18.8,0.0,10000.0
WS-SOUTH,18/01/2025,22:00,CLEAR,15.2,0.0,10000.0
WS-SOUTH,18/01/2025,23:00,Clear,12.6,0.0,10000.0
WS-SOUTH,19/01/2025,00:00,Cloudy,10.8,0.0,10000.0
WS-SOUTH,19/01/2025,01:00,Cloudy,13.4,0.0,10000.0
WS-SOUTH,19/01/2025,02:00,Clear,9.9,0.0,10000.0
WS-SOUTH,19/01/2025,03:00,Overcast,9.6,0.0,10000.0
WS-SOUTH,19/01/2025,04:00,Overcast,10.3,0.0,10000.0
WS-SOUTH,19/01/2025,05:00,Rain,12.4,7.6,3870.0
WS-SOUTH,19/01/2025,06:00,clear,10.1,0.0,10000.0
WS-SOUTH,19/01/2025,07:00,Clear,11.6,0.0,10000.0
WS-SOUTH,19/01/2025,08:00,Clear,12.3,0.0,10000.0
WS-SOUTH,19/01/2025,09:00,Clear,16.5,0.0,10000.0
WS-SOUTH,19/01/2025,10:00,CLEAR,16.7,0.0,10000.0
WS-SOUTH,19/01/2025,11:00,Clear,17.1,0.0,10000.0
WS-SOUTH,19/01/2025,12:00,CLEAR,18.2,0.0,10000.0
WS-SOUTH,19/01/2025,13:00,Clear,18.1,0.0,10000.0
WS-SOUTH,19/01/2025,14:00,Clear,18.7,0.0,10000.0
WS-SOUTH,19/01/2025,15:00,Clear,19.8,0.0,10000.0
WS-SOUTH,19/01/2025,16:00,Clear,20.9,0.0,10000.0
WS-SOUTH,19/01/2025,17:00,clear,16.9,0.0,10000.0
WS-SOUTH,19/01/2025,18:00,Clear,17.8,0.0,10000.0
WS-SOUTH,19/01/2025,19:00,Cloudy,17.9,0.0,10000.0
WS-SOUTH,19/01/2025,20:00,cloudy,18.5,0.0,10000.0
WS-SOUTH,19/01/2025,21:00,Cloudy,14.3,0.0,10000.0
WS-SOUTH,19/01/2025,22:00,Clear,,0.0,10000.0
WS-SOUTH,19/01/2025,23:00,Clear,10.9,0.0,10000.0
WS-SOUTH,20/01/2025,00:00,CLEAR,13.3,0.0,10000.0
WS-SOUTH,20/01/2025,01:00,Clear,11.1,0.0,10000.0
WS-SOUTH,20/01/2025,02:00,CLEAR,7.1,0.0,10000.0
WS-SOUTH,20/01/2025,03:00,Clear,10.3,0.0,10000.0
WS-SOUTH,20/01/2025,04:00,CLEAR,10.5,0.0,10000.0
WS-SOUTH,20/01/2025,05:00,clear,11.0,0.0,10000.0
WS-SOUTH,20/01/2025,06:00,clear,9.2,0.0,10000.0
WS-SOUTH,20/01/2025,07:00,Clear,10.9,0.0,10000.0
WS-SOUTH,20/01/2025,08:00,Clear,12.1,0.0,10000.0
WS-SOUTH,20/01/2025,09:00,Cloudy,15.1,0.0,10000.0
WS-SOUTH,20/01/2025,10:00,Overcast,17.0,0.0,10000.0
WS-SOUTH,20/01/2025,11:00,Cloudy,17.7,0.0,10000.0
WS-SOUTH,20/01/2025,12:00,Cloudy,18.8,0.0,10000.0
WS-SOUTH,20/01/2025,13:00,Clear,19.3,0.0,10000.0
WS-SOUTH,20/01/2025,14:00,Clear,19.3,0.0,10000.0
WS-SOUTH,20/01/2025,15:00,clear,21.0,0.0,10000.0
WS-SOUTH,20/01/2025,16:00,Clear,19.7,0.0,10000.0
WS-SOUTH,20/01/2025,17:00,Clear,19.5,0.0,10000.0
WS-SOUTH,20/01/2025,18:00,Clear,18.0,0.0,10000.0
WS-SOUTH,20/01/2025,19:00,Clear,18.0,0.0,10000.0
WS-SOUTH,20/01/2025,20:00,Clear,16.9,0.0,10000.0
WS-SOUTH,20/01/2025,21:00,Clear,15.3,0.0,10000.0
WS-SOUTH,20/01/2025,22:00,Clear,13.4,0.0,10000.0
WS-SOUTH,20/01/2025,23:00,CLEAR,14.0,0.0,10000.0
WS-SOUTH,21/01/2025,00:00,clear,10.5,0.0,10000.0
WS-SOUTH,21/01/2025,01:00,Clear,6.9,0.0,10000.0
WS-SOUTH,21/01/2025,02:00,clear,10.9,0.0,10000.0
WS-SOUTH,21/01/2025,03:00,CLEAR,8.9,0.0,10000.0
WS-SOUTH,21/01/2025,04:00,Rain,10.5,2.5,2344.0
WS-SOUTH,21/01/2025,05:00,rainy,10.1,2.6,3694.0
WS-SOUTH,21/01/2025,06:00,Rain,13.3,6.1,4706.0
WS-SOUTH,21/01/2025,07:00,Rain,12.1,2.4,4528.0
WS-SOUTH,21/01/2025,08:00,Clear,12.8,0.0,10000.0
WS-SOUTH,21/01/2025,09:00,Clear,14.1,0.0,10000.0
WS-SOUTH,21/01/2025,10:00,Clear,14.9,0.0,10000.0
WS-SOUTH,21/01/2025,11:00,Cloudy,17.2,0.0,10000.0
WS-SOUTH,21/01/2025,12:00,Overcast,20.1,0.0,10000.0
WS-SOUTH,21/01/2025,13:00,cloudy,20.4,0.0,10000.0
WS-SOUTH,21/01/2025,14:00,Overcast,21.2,0.0,10000.0
WS-SOUTH,21/01/2025,15:00,Clear,19.8,0.0,10000.0
WS-SOUTH,21/01/2025,16:00,Clear,21.1,0.0,10000.0
WS-SOUTH,21/01/2025,17:00,CLEAR,17.9,0.0,10000.0
WS-SOUTH,21/01/2025,18:00,Clear,18.6,0.0,10000.0
WS-SOUTH,21/01/2025,19:00,Clear,17.0,0.0,10000.0
WS-SOUTH,21/01/2025,20:00,Clear,17.1,0.0,10000.0
WS-SOUTH,21/01/2025,21:00,Cloudy,14.4,0.0,10000.0
WS-SOUTH,21/01/2025,22:00,Cloudy,14.5,0.0,10000.0
WS-SOUTH,21/01/2025,23:00,cloudy,13.3,0.0,10000.0
WS-SOUTH,22/01/2025,00:00,Cloudy,12.4,0.0,10000.0
WS-SOUTH,22/01/2025,01:00,Cloudy,10.0,0.0,10000.0
WS-SOUTH,22/01/2025,02:00,Cloudy,10.7,0.0,10000.0
WS-SOUTH,22/01/2025,03:00,Cloudy,8.8,0.0,10000.0
WS-SOUTH,22/01/2025,04:00,CLEAR,9.9,0.0,10000.0
WS-SOUTH,22/01/2025,05:00,Clear,12.0,0.0,10000.0
WS-SOUTH,22/01/2025,06:00,clear,8.7,0.0,10000.0
WS-SOUTH,22/01/2025,07:00,Clear,12.2,0.0,10000.0
WS-SOUTH,22/01/2025,08:00,CLEAR,15.1,0.0,10000.0
WS-SOUTH,22/01/2025,09:00,clear,15.3,0.0,10000.0
WS-SOUTH,22/01/2025,10:00,CLEAR,15.2,0.0,10000.0
WS-SOUTH,22/01/2025,11:00,clear,16.5,0.0,10000.0
WS-SOUTH,22/01/2025,12:00,Clear,18.6,0.0,10000.0
WS-SOUTH,22/01/2025,13:00,Clear,19.8,0.0,10000.0
WS-SOUTH,22/01/2025,14:00,CLEAR,19.3,0.0,10000.0
WS-SOUTH,22/01/2025,15:00,Clear,18.0,0.0,10000.0
WS-SOUTH,22/01/2025,16:00,clear,18.8,0.0,10000.0
WS-SOUTH,22/01/2025,17:00,CLEAR,19.7,0.0,10000.0
WS-SOUTH,22/01/2025,18:00,CLEAR,20.3,0.0,10000.0
WS-SOUTH,22/01/2025,19:00,Clear,15.3,0.0,10000.0
WS-SOUTH,22/01/2025,20:00,Clear,14.9,0.0,10000.0
WS-SOUTH,22/01/2025,21:00,Clear,14.5,0.0,10000.0
WS-SOUTH,22/01/2025,22:00,clear,14.3,0.0,10000.0
WS-SOUTH,22/01/2025,23:00,Clear,12.5,0.0,10000.0
WS-SOUTH,23/01/2025,00:00,clear,13.3,0.0,10000.0
WS-SOUTH,23/01/2025,01:00,CLEAR,12.3,0.0,10000.0
WS-SOUTH,23/01/2025,02:00,Clear,9.0,0.0,10000.0
WS-SOUTH,23/01/2025,03:00,clear,10.4,0.0,10000.0
WS-SOUTH,23/01/2025,04:00,Clear,13.3,0.0,10000.0
WS-SOUTH,23/01/2025,05:00,Clear,10.2,0.0,10000.0
WS-SOUTH,23/01/2025,06:00,Cloudy,12.3,0.0,10000.0
WS-SOUTH,23/01/2025,07:00,Overcast,11.8,0.0,10000.0
WS-SOUTH,23/01/2025,08:00,cloudy,13.8,0.0,10000.0
WS-SOUTH,23/01/2025,09:00,Rain,14.6,3.6,3680.0
WS-SOUTH,23/01/2025,10:00,Rain,14.1,2.9,4722.0
WS-SOUTH,23/01/2025,11:00,rain ,16.5,1.4,2509.0
WS-SOUTH,23/01/2025,12:00,Rain,19.1,8.0,1918.0
WS-SOUTH,23/01/2025,13:00,Clear,20.2,0.0,10000.0
WS-SOUTH,23/01/2025,14:00,Clear,20.3,0.0,10000.0
WS-SOUTH,23/01/2025,15:00,Clear,20.9,0.0,10000.0
WS-SOUTH,23/01/2025,16:00,Clear,21.8,0.0,10000.0
WS-SOUTH,23/01/2025,17:00,CLEAR,17.6,0.0,10000.0
WS-SOUTH,23/01/2025,18:00,Clear,19.2,0.0,10000.0
WS-SOUTH,23/01/2025,19:00,Clear,17.0,0.0,10000.0
WS-SOUTH,23/01/2025,20:00,Cloudy,15.3,0.0,10000.0
WS-SOUTH,23/01/2025,21:00,Overcast,15.7,0.0,10000.0
WS-SOUTH,23/01/2025,22:00,Cloudy,13.8,0.0,10000.0
WS-SOUTH,23/01/2025,23:00,Overcast,11.8,0.0,10000.0
WS-SOUTH,24/01/2025,00:00,Cloudy,12.0,0.0,10000.0
WS-SOUTH,24/01/2025,01:00,Cloudy,9.3,0.0,10000.0
WS-SOUTH,24/01/2025,02:00,Clear,12.9,0.0,10000.0
WS-SOUTH,24/01/2025,03:00,Clear,11.0,0.0,10000.0
WS-SOUTH,24/01/2025,04:00,CLEAR,9.7,0.0,10000.0
WS-SOUTH,24/01/2025,05:00,Clear,11.5,0.0,10000.0
WS-SOUTH,24/01/2025,06:00,Clear,12.1,0.0,10000.0
WS-SOUTH,24/01/2025,07:00,Clear,,0.0,10000.0
WS-SOUTH,24/01/2025,08:00,Clear,12.3,0.0,10000.0
WS-SOUTH,24/01/2025,09:00,Clear,15.1,0.0,10000.0
WS-SOUTH,24/01/2025,10:00,Clear,18.5,0.0,10000.0
WS-SOUTH,24/01/2025,11:00,Clear,17.2,0.0,10000.0
WS-SOUTH,24/01/2025,12:00,Clear,18.5,0.0,10000.0
WS-SOUTH,24/01/2025,13:00,Clear,18.5,0.0,10000.0
WS-SOUTH,24/01/2025,14:00,Clear,19.9,0.0,10000.0
WS-SOUTH,24/01/2025,15:00,CLEAR,22.0,0.0,10000.0
WS-SOUTH,24/01/2025,16:00,clear,19.3,0.0,10000.0
WS-SOUTH,24/01/2025,17:00,CLEAR,16.8,0.0,10000.0
WS-SOUTH,24/01/2025,18:00,Clear,19.0,0.0,10000.0
WS-SOUTH,24/01/2025,19:00,Clear,18.6,0.0,10000.0
WS-SOUTH,24/01/2025,20:00,CLEAR,16.5,0.0,10000.0
WS-SOUTH,24/01/2025,21:00,clear,16.8,0.0,10000.0
WS-SOUTH,24/01/2025,22:00,Clear,13.0,0.0,10000.0
WS-SOUTH,24/01/2025,23:00,clear,13.0,0.0,10000.0
WS-SOUTH,25/01/2025,00:00,Clear,11.4,0.0,10000.0
WS-SOUTH,25/01/2025,01:00,Clear,10.6,0.0,10000.0
WS-SOUTH,25/01/2025,02:00,Clear,9.5,0.0,10000.0
WS-SOUTH,25/01/2025,03:00,CLEAR,10.1,0.0,10000.0
WS-SOUTH,25/01/2025,04:00,CLEAR,10.5,0.0,10000.0
WS-SOUTH,25/01/2025,05:00,clear,9.2,0.0,10000.0
WS-SOUTH,25/01/2025,06:00,FOG,13.6,0.0,923.0
WS-SOUTH,25/01/2025,07:00,Fog,13.2,0.0,1126.0
WS-SOUTH,25/01/2025,08:00,clear,14.2,0.0,10000.0
WS-SOUTH,25/01/2025,09:00,Clear,14.5,0.0,10000.0
WS-SOUTH,25/01/2025,10:00,Clear,16.7,0.0,10000.0
WS-SOUTH,25/01/2025,11:00,CLEAR,18.9,0.0,10000.0
WS-SOUTH,25/01/2025,12:00,clear,19.8,0.0,10000.0
WS-SOUTH,25/01/2025,13:00,Clear,19.8,0.0,10000.0
WS-SOUTH,25/01/2025,14:00,CLEAR,21.2,0.0,10000.0
WS-SOUTH,25/01/2025,15:00,clear,19.2,0.0,10000.0
WS-SOUTH,25/01/2025,16:00,cloudy,20.1,0.0,10000.0
WS-SOUTH,25/01/2025,17:00,Cloudy,20.5,0.0,10000.0
WS-SOUTH,25/01/2025,18:00,Cloudy,19.0,0.0,10000.0
WS-SOUTH,25/01/2025,19:00,Clear,17.6,0.0,10000.0
WS-SOUTH,25/01/2025,20:00,Clear,17.6,0.0,10000.0
WS-SOUTH,25/01/2025,21:00,Clear,16.5,0.0,10000.0
WS-SOUTH,25/01/2025,22:00,clear,15.2,0.0,10000.0
WS-SOUTH,25/01/2025,23:00,Cloudy,14.0,0.0,10000.0
WS-SOUTH,26/01/2025,00:00,Cloudy,12.6,0.0,10000.0
WS-SOUTH,26/01/2025,01:00,Overcast,11.6,0.0,10000.0
WS-SOUTH,26/01/2025,02:00,Clear,9.8,0.0,10000.0
WS-SOUTH,26/01/2025,03:00,CLEAR,10.7,0.0,10000.0
WS-SOUTH,26/01/2025,04:00,Clear,10.1,0.0,10000.0
WS-SOUTH,26/01/2025,05:00,Fog,10.5,0.0,1064.0
WS-SOUTH,26/01/2025,06:00,Fog,11.0,0.0,911.0
WS-SOUTH,26/01/2025,07:00,Cloudy,14.4,0.0,10000.0
WS-SOUTH,26/01/2025,08:00,Cloudy,15.6,0.0,10000.0
WS-SOUTH,26/01/2025,09:00,Cloudy,16.1,0.0,10000.0
WS-SOUTH,26/01/2025,10:00,Cloudy,15.7,0.0,10000.0
WS-SOUTH,26/01/2025,11:00,Clear,18.3,0.0,10000.0
WS-SOUTH,26/01/2025,12:00,CLEAR,20.0,0.0,10000.0
WS-SOUTH,26/01/2025,13:00,CLEAR,19.1,0.0,10000.0
WS-SOUTH,26/01/2025,14:00,clear,19.4,0.0,10000.0
WS-SOUTH,26/01/2025,15:00,Cloudy,22.3,0.0,10000.0
WS-SOUTH,26/01/2025,16:00,Cloudy,19.9,0.0,10000.0
WS-SOUTH,26/01/2025,17:00,cloudy,19.8,0.0,10000.0
WS-SOUTH,26/01/2025,18:00,Clear,17.6,0.0,10000.0
WS-SOUTH,26/01/2025,19:00,Clear,17.2,0.0,10000.0
WS-SOUTH,26/01/2025,20:00,Clear,15.8,0.0,10000.0
WS-SOUTH,26/01/2025,21:00,Clear,13.9,0.0,10000.0
WS-SOUTH,26/01/2025,22:00,CLEAR,14.6,0.0,10000.0
WS-SOUTH,26/01/2025,23:00,Clear,12.2,0.0,10000.0
WS-SOUTH,27/01/2025,00:00,Clear,12.7,0.0,
WS-SOUTH,27/01/2025,01:00,Clear,11.9,0.0,10000.0
WS-SOUTH,27/01/2025,02:00,CLEAR,12.7,0.0,10000.0
WS-SOUTH,27/01/2025,03:00,Clear,9.4,0.0,10000.0
WS-SOUTH,27/01/2025,04:00,Clear,12.2,0.0,10000.0
WS-SOUTH,27/01/2025,05:00,Clear,12.3,0.0,10000.0
WS-SOUTH,27/01/2025,06:00,Clear,11.8,0.0,10000.0
WS-SOUTH,27/01/2025,07:00,Clear,14.1,0.0,10000.0
WS-SOUTH,27/01/2025,08:00,clear,14.0,0.0,10000.0
WS-SOUTH,27/01/2025,09:00,Clear,15.7,0.0,10000.0
WS-SOUTH,27/01/2025,10:00,Clear,15.4,0.0,10000.0
WS-SOUTH,27/01/2025,11:00,Clear,18.4,0.0,10000.0
WS-SOUTH,27/01/2025,12:00,clear,17.9,0.0,10000.0
WS-SOUTH,27/01/2025,13:00,Clear,21.9,0.0,10000.0
WS-SOUTH,27/01/2025,14:00,CLEAR,19.5,0.0,10000.0
WS-SOUTH,27/01/2025,15:00,Clear,20.5,0.0,10000.0
WS-SOUTH,27/01/2025,16:00,Clear,20.0,0.0,10000.0
WS-SOUTH,27/01/2025,17:00,clear,19.8,0.0,10000.0
WS-SOUTH,27/01/2025,18:00,Clear,17.1,0.0,10000.0
WS-SOUTH,27/01/2025,19:00,Clear,18.2,0.0,
WS-SOUTH,27/01/2025,20:00,Clear,18.5,0.0,10000.0
WS-SOUTH,27/01/2025,21:00,Clear,14.3,0.0,10000.0
WS-SOUTH,27/01/2025,22:00,CLEAR,12.3,0.0,10000.0
WS-SOUTH,27/01/2025,23:00,Clear,14.5,0.0,10000.0
WS-SOUTH,28/01/2025,00:00,Clear,12.6,0.0,10000.0
WS-SOUTH,28/01/2025,01:00,clear,10.9,0.0,10000.0
WS-SOUTH,28/01/2025,02:00,Clear,10.4,0.0,10000.0
WS-SOUTH,28/01/2025,03:00,Rain,10.1,8.8,2318.0
WS-SOUTH,28/01/2025,04:00,Clear,12.5,0.0,10000.0
WS-SOUTH,28/01/2025,05:00,CLEAR,10.0,0.0,10000.0
WS-SOUTH,28/01/2025,06:00,Clear,12.2,0.0,10000.0
WS-SOUTH,28/01/2025,07:00,Clear,15.1,0.0,10000.0
WS-SOUTH,28/01/2025,08:00,cloudy,14.2,0.0,10000.0
WS-SOUTH,28/01/2025,09:00,Cloudy,15.8,0.0,10000.0
WS-SOUTH,28/01/2025,10:00,Cloudy,16.9,0.0,10000.0
WS-SOUTH,28/01/2025,11:00,Overcast,18.1,0.0,10000.0
WS-SOUTH,28/01/2025,12:00,cloudy,17.4,0.0,10000.0
WS-SOUTH,28/01/2025,13:00,Clear,17.2,0.0,10000.0
WS-SOUTH,28/01/2025,14:00,Clear,19.3,0.0,
WS-SOUTH,28/01/2025,15:00,Clear,20.9,0.0,10000.0
WS-SOUTH,28/01/2025,16:00,Clear,19.3,0.0,10000.0
WS-SOUTH,28/01/2025,17:00,Clear,19.6,0.0,10000.0
WS-SOUTH,28/01/2025,18:00,Clear,19.2,0.0,10000.0
WS-SOUTH,28/01/2025,19:00,Clear,18.6,0.0,10000.0
WS-SOUTH,28/01/2025,20:00,Clear,17.7,0.0,10000.0
WS-SOUTH,28/01/2025,21:00,Rain,15.5,6.0,2850.0
WS-SOUTH,28/01/2025,22:00,Clear,13.5,0.0,
WS-SOUTH,28/01/2025,23:00,Clear,13.2,0.0,10000.0
WS-SOUTH,29/01/2025,00:00,CLEAR,13.4,0.0,10000.0
WS-SOUTH,29/01/2025,01:00,Clear,10.4,0.0,10000.0
WS-SOUTH,29/01/2025,02:00,Clear,10.3,0.0,10000.0
WS-SOUTH,29/01/2025,03:00,Clear,7.9,0.0,10000.0
WS-SOUTH,29/01/2025,04:00,Overcast,11.4,0.0,10000.0
WS-SOUTH,29/01/2025,05:00,Cloudy,11.3,0.0,10000.0
WS-SOUTH,29/01/2025,06:00,Fog,12.4,0.0,610.0
WS-SOUTH,29/01/2025,07:00,Cloudy,,0.0,10000.0
WS-SOUTH,29/01/2025,08:00,Overcast,13.4,0.0,10000.0
WS-SOUTH,29/01/2025,09:00,cloudy,17.4,0.0,10000.0
WS-SOUTH,29/01/2025,10:00,CLEAR,17.3,0.0,10000.0
WS-SOUTH,29/01/2025,11:00,Clear,19.1,0.0,10000.0
WS-SOUTH,29/01/2025,12:00,Clear,21.1,0.0,10000.0
WS-SOUTH,29/01/2025,13:00,Clear,21.0,0.0,10000.0
WS-SOUTH,29/01/2025,14:00,Rain,21.5,5.3,2956.0
WS-SOUTH,29/01/2025,15:00,Rain,19.7,1.9,2351.0
WS-SOUTH,29/01/2025,16:00,Rain,18.8,0.8,3038.0
WS-SOUTH,29/01/2025,17:00,Clear,19.2,0.0,10000.0
WS-SOUTH,29/01/2025,18:00,clear,18.4,0.0,10000.0
WS-SOUTH,29/01/2025,19:00,Clear,18.5,0.0,10000.0
WS-SOUTH,29/01/2025,20:00,Clear,16.1,0.0,10000.0
WS-SOUTH,29/01/2025,21:00,Clear,,0.0,10000.0
WS-SOUTH,29/01/2025,22:00,CLEAR,13.3,0.0,10000.0
WS-SOUTH,29/01/2025,23:00,Clear,14.2,0.0,10000.0
WS-SOUTH,30/01/2025,00:00,Cloudy,11.1,0.0,10000.0
WS-SOUTH,30/01/2025,01:00,Cloudy,11.6,0.0,10000.0
WS-SOUTH,30/01/2025,02:00,Cloudy,10.0,0.0,10000.0
WS-SOUTH,30/01/2025,03:00,Cloudy,11.6,0.0,10000.0
WS-SOUTH,30/01/2025,04:00,Clear,12.0,0.0,10000.0
WS-SOUTH,30/01/2025,05:00,clear,10.0,0.0,10000.0
WS-SOUTH,30/01/2025,06:00,clear,,0.0,10000.0
WS-SOUTH,30/01/2025,07:00,CLEAR,13.3,0.0,10000.0
WS-SOUTH,30/01/2025,08:00,clear,13.6,0.0,10000.0
WS-SOUTH,30/01/2025,09:00,Clear,16.3,0.0,10000.0
WS-SOUTH,30/01/2025,10:00,Clear,17.7,0.0,10000.0
WS-SOUTH,30/01/2025,11:00,clear,19.2,0.0,10000.0
WS-SOUTH,30/01/2025,12:00,CLEAR,20.3,0.0,10000.0
WS-SOUTH,30/01/2025,13:00,Clear,18.8,0.0,10000.0
WS-SOUTH,30/01/2025,14:00,CLEAR,20.2,0.0,10000.0
WS-SOUTH,30/01/2025,15:00,CLEAR,22.1,0.0,10000.0
WS-SOUTH,30/01/2025,16:00,Clear,,0.0,10000.0
WS-SOUTH,30/01/2025,17:00,Clear,20.8,0.0,10000.0
WS-SOUTH,30/01/2025,18:00,Clear,18.2,0.0,10000.0
WS-SOUTH,30/01/2025,19:00,Clear,19.1,0.0,10000.0
WS-SOUTH,30/01/2025,20:00,Clear,16.4,0.0,10000.0
WS-SOUTH,30/01/2025,21:00,clear,14.3,0.0,10000.0
WS-SOUTH,30/01/2025,22:00,Clear,13.5,0.0,10000.0
WS-SOUTH,30/01/2025,23:00,Cloudy,11.9,0.0,10000.0
WS-SOUTH,31/01/2025,00:00,Cloudy,10.5,0.0,10000.0
WS-SOUTH,31/01/2025,01:00,cloudy,12.1,0.0,10000.0
WS-SOUTH,31/01/2025,02:00,Cloudy,7.6,0.0,10000.0
WS-SOUTH,31/01/2025,03:00,Cloudy,12.6,0.0,10000.0
WS-SOUTH,31/01/2025,04:00,Cloudy,10.4,0.0,10000.0
WS-SOUTH,31/01/2025,05:00,Clear,11.1,0.0,10000.0
WS-SOUTH,31/01/2025,06:00,CLEAR,13.4,0.0,10000.0
WS-SOUTH,31/01/2025,07:00,CLEAR,13.5,0.0,10000.0
WS-SOUTH,31/01/2025,08:00,Clear,13.1,0.0,10000.0
WS-SOUTH,31/01/2025,09:00,Clear,16.3,0.0,10000.0
WS-SOUTH,31/01/2025,10:00,Clear,16.9,0.0,10000.0
WS-SOUTH,31/01/2025,11:00,CLEAR,18.4,0.0,10000.0
WS-SOUTH,31/01/2025,12:00,Clear,19.4,0.0,10000.0
WS-SOUTH,31/01/2025,13:00,Cloudy,20.3,0.0,10000.0
WS-SOUTH,31/01/2025,14:00,Cloudy,20.2,0.0,10000.0
WS-SOUTH,31/01/2025,15:00,Cloudy,20.1,0.0,10000.0
WS-SOUTH,31/01/2025,16:00,Cloudy,20.6,0.0,10000.0
WS-SOUTH,31/01/2025,17:00,Cloudy,20.7,0.0,10000.0
WS-SOUTH,31/01/2025,18:00,Cloudy,19.9,0.0,10000.0
WS-SOUTH,31/01/2025,19:00,Cloudy,18.2,0.0,10000.0
WS-SOUTH,31/01/2025,20:00,Clear,17.4,0.0,10000.0
WS-SOUTH,31/01/2025,21:00,CLEAR,16.2,0.0,10000.0
WS-SOUTH,31/01/2025,22:00,Clear,13.3,0.0,10000.0
WS-SOUTH,31/01/2025,23:00,clear,13.8,0.0,10000.0
WS-SOUTH,01/02/2025,00:00,cloudy,12.6,0.0,10000.0
WS-SOUTH,01/02/2025,01:00,Cloudy,11.4,0.0,10000.0
WS-SOUTH,01/02/2025,02:00,Cloudy,8.1,0.0,10000.0
WS-SOUTH,01/02/2025,03:00,Cloudy,12.6,0.0,10000.0
WS-SOUTH,01/02/2025,04:00,Cloudy,8.7,0.0,10000.0
WS-SOUTH,01/02/2025,05:00,Cloudy,10.7,0.0,10000.0
WS-SOUTH,01/02/2025,06:00,Cloudy,12.2,0.0,10000.0
WS-SOUTH,01/02/2025,07:00,Rain,12.5,7.6,4067.0
WS-SOUTH,01/02/2025,08:00,Rain,14.5,2.6,4278.0
WS-SOUTH,01/02/2025,09:00,Rain,13.3,6.0,2189.0
WS-SOUTH,01/02/2025,10:00,Rain,16.9,2.6,3064.0
WS-SOUTH,01/02/2025,11:00,Rain,18.8,6.9,3853.0
WS-SOUTH,01/02/2025,12:00,Cloudy,18.3,0.0,10000.0
WS-SOUTH,01/02/2025,13:00,Cloudy,19.5,0.0,10000.0
WS-SOUTH,01/02/2025,14:00,Overcast,21.7,0.0,10000.0
WS-SOUTH,01/02/2025,15:00,Cloudy,18.8,0.0,10000.0
WS-SOUTH,01/02/2025,16:00,CLEAR,20.4,0.0,10000.0
WS-SOUTH,01/02/2025,17:00,clear,,0.0,10000.0
WS-SOUTH,01/02/2025,18:00,Clear,22.1,0.0,10000.0
WS-SOUTH,01/02/2025,19:00,Clear,19.0,0.0,10000.0
WS-SOUTH,01/02/2025,20:00,Clear,14.7,0.0,10000.0
WS-SOUTH,01/02/2025,21:00,Clear,17.5,0.0,10000.0
WS-SOUTH,01/02/2025,22:00,Clear,13.8,0.0,10000.0
WS-SOUTH,01/02/2025,23:00,Clear,11.8,0.0,10000.0
WS-SOUTH,02/02/2025,00:00,Clear,12.0,0.0,10000.0
WS-SOUTH,02/02/2025,01:00,clear,11.5,0.0,10000.0
WS-SOUTH,02/02/2025,02:00,Clear,11.3,0.0,10000.0
WS-SOUTH,02/02/2025,03:00,Clear,11.3,0.0,10000.0
WS-SOUTH,02/02/2025,04:00,Clear,9.9,0.0,10000.0
WS-SOUTH,02/02/2025,05:00,clear,11.6,0.0,10000.0
WS-SOUTH,02/02/2025,06:00,Clear,14.3,0.0,10000.0
WS-SOUTH,02/02/2025,07:00,Clear,14.6,0.0,10000.0
WS-SOUTH,02/02/2025,08:00,Clear,15.1,0.0,10000.0
WS-SOUTH,02/02/2025,09:00,Clear,17.4,0.0,10000.0
WS-SOUTH,02/02/2025,10:00,Cloudy,15.8,0.0,10000.0
WS-SOUTH,02/02/2025,11:00,Cloudy,17.8,0.0,10000.0
WS-SOUTH,02/02/2025,12:00,Cloudy,21.4,0.0,10000.0
WS-SOUTH,02/02/2025,13:00,Overcast,21.8,0.0,10000.0
WS-SOUTH,02/02/2025,14:00,Cloudy,21.7,0.0,10000.0
WS-SOUTH,02/02/2025,15:00,Cloudy,20.1,0.0,10000.0
WS-SOUTH,02/02/2025,16:00,clear,19.6,0.0,10000.0
WS-SOUTH,02/02/2025,17:00,Clear,21.1,0.0,10000.0
WS-SOUTH,02/02/2025,18:00,clear,20.6,0.0,10000.0
WS-SOUTH,02/02/2025,19:00,Clear,17.2,0.0,10000.0
WS-SOUTH,02/02/2025,20:00,clear,17.9,0.0,10000.0
WS-SOUTH,02/02/2025,21:00,Cloudy,17.0,0.0,10000.0
WS-SOUTH,02/02/2025,22:00,Cloudy,16.1,0.0,10000.0
WS-SOUTH,02/02/2025,23:00,cloudy,12.6,0.0,10000.0
WS-SOUTH,03/02/2025,00:00,Cloudy,13.5,0.0,10000.0
WS-SOUTH,03/02/2025,01:00,cloudy,12.2,0.0,10000.0
WS-SOUTH,03/02/2025,02:00,Cloudy,11.2,0.0,10000.0
WS-SOUTH,03/02/2025,03:00,cloudy,10.1,0.0,10000.0
WS-SOUTH,03/02/2025,04:00,Clear,13.4,0.0,10000.0
WS-SOUTH,03/02/2025,05:00,Clear,13.2,0.0,10000.0
WS-SOUTH,03/02/2025,06:00,Clear,14.3,0.0,10000.0
WS-SOUTH,03/02/2025,07:00,Clear,14.5,0.0,10000.0
WS-SOUTH,03/02/2025,08:00,CLEAR,16.0,0.0,10000.0
WS-SOUTH,03/02/2025,09:00,Clear,16.1,0.0,10000.0
WS-SOUTH,03/02/2025,10:00,clear,14.7,0.0,10000.0
WS-SOUTH,03/02/2025,11:00,Clear,16.8,0.0,10000.0
WS-SOUTH,03/02/2025,12:00,Clear,20.4,0.0,10000.0
WS-SOUTH,03/02/2025,13:00,Clear,17.4,0.0,10000.0
WS-SOUTH,03/02/2025,14:00,clear,20.9,0.0,10000.0
WS-SOUTH,03/02/2025,15:00,Clear,22.1,0.0,10000.0
WS-SOUTH,03/02/2025,16:00,Clear,21.4,0.0,10000.0
WS-SOUTH,03/02/2025,17:00,clear,20.6,0.0,10000.0
WS-SOUTH,03/02/2025,18:00,Clear,18.1,0.0,10000.0
WS-SOUTH,03/02/2025,19:00,Clear,20.1,0.0,10000.0
WS-SOUTH,03/02/2025,20:00,CLEAR,16.8,0.0,10000.0
WS-SOUTH,03/02/2025,21:00,Clear,14.8,0.0,10000.0
WS-SOUTH,03/02/2025,22:00,cloudy,15.6,0.0,10000.0
WS-SOUTH,03/02/2025,23:00,cloudy,,0.0,10000.0
WS-SOUTH,04/02/2025,00:00,Cloudy,11.0,0.0,10000.0
WS-SOUTH,04/02/2025,01:00,Clear,12.5,0.0,10000.0
WS-SOUTH,04/02/2025,02:00,Clear,9.1,0.0,10000.0
WS-SOUTH,04/02/2025,03:00,Clear,10.8,0.0,10000.0
WS-SOUTH,04/02/2025,04:00,clear,10.1,0.0,10000.0
WS-SOUTH,04/02/2025,05:00,Clear,10.4,0.0,10000.0
WS-SOUTH,04/02/2025,06:00,clear,10.4,0.0,10000.0
WS-SOUTH,04/02/2025,07:00,Clear,13.4,0.0,10000.0
WS-SOUTH,04/02/2025,08:00,Clear,15.8,0.0,10000.0
WS-SOUTH,04/02/2025,09:00,clear,16.7,0.0,10000.0
WS-SOUTH,04/02/2025,10:00,Overcast,17.5,0.0,10000.0
WS-SOUTH,04/02/2025,11:00,Cloudy,18.2,0.0,10000.0
WS-SOUTH,04/02/2025,12:00,Cloudy,18.9,0.0,10000.0
WS-SOUTH,04/02/2025,13:00,Cloudy,20.9,0.0,10000.0
WS-SOUTH,04/02/2025,14:00,Overcast,20.6,0.0,10000.0
WS-SOUTH,04/02/2025,15:00,cloudy,20.6,0.0,10000.0
WS-SOUTH,04/02/2025,16:00,Clear,20.8,0.0,10000.0
WS-SOUTH,04/02/2025,17:00,Clear,19.9,0.0,10000.0
WS-SOUTH,04/02/2025,18:00,Clear,20.0,0.0,10000.0
WS-SOUTH,04/02/2025,19:00,CLEAR,19.7,0.0,10000.0
WS-SOUTH,04/02/2025,20:00,Clear,18.1,0.0,10000.0
WS-SOUTH,04/02/2025,21:00,Clear,15.9,0.0,10000.0
WS-SOUTH,04/02/2025,22:00,Clear,14.4,0.0,10000.0
WS-SOUTH,04/02/2025,23:00,clear,12.9,0.0,10000.0
WS-SOUTH,05/02/2025,00:00,CLEAR,12.7,0.0,10000.0
WS-SOUTH,05/02/2025,01:00,Clear,13.0,0.0,10000.0
WS-SOUTH,05/02/2025,02:00,clear,10.5,0.0,10000.0
WS-SOUTH,05/02/2025,03:00,CLEAR,9.2,0.0,10000.0
WS-SOUTH,05/02/2025,04:00,Clear,13.6,0.0,10000.0
WS-SOUTH,05/02/2025,05:00,clear,14.0,0.0,10000.0
WS-SOUTH,05/02/2025,06:00,Clear,14.0,0.0,10000.0
WS-SOUTH,05/02/2025,07:00,Clear,13.6,0.0,10000.0
WS-SOUTH,05/02/2025,08:00,Clear,14.7,0.0,10000.0
WS-SOUTH,05/02/2025,09:00,clear,14.5,0.0,10000.0
WS-SOUTH,05/02/2025,10:00,CLEAR,16.2,0.0,10000.0
WS-SOUTH,05/02/2025,11:00,Clear,17.2,0.0,10000.0
WS-SOUTH,05/02/2025,12:00,Cloudy,20.1,0.0,10000.0
WS-SOUTH,05/02/2025,13:00,Cloudy,18.3,0.0,10000.0
WS-SOUTH,05/02/2025,14:00,Cloudy,20.8,0.0,10000.0
WS-SOUTH,05/02/2025,15:00,Cloudy,22.6,0.0,10000.0
WS-SOUTH,05/02/2025,16:00,cloudy,20.8,0.0,10000.0
WS-SOUTH,05/02/2025,17:00,Cloudy,19.3,0.0,10000.0
WS-SOUTH,05/02/2025,18:00,cloudy,18.7,0.0,10000.0
WS-SOUTH,05/02/2025,19:00,Clear,19.0,0.0,10000.0
WS-SOUTH,05/02/2025,20:00,Clear,18.9,0.0,10000.0
WS-SOUTH,05/02/2025,21:00,Clear,17.3,0.0,10000.0
WS-SOUTH,05/02/2025,22:00,Clear,15.0,0.0,10000.0
WS-SOUTH,05/02/2025,23:00,Clear,13.2,0.0,10000.0
WS-SOUTH,06/02/2025,00:00,Clear,12.9,0.0,10000.0
WS-SOUTH,06/02/2025,01:00,CLEAR,11.7,0.0,10000.0
WS-SOUTH,06/02/2025,02:00,clear,11.0,0.0,10000.0
WS-SOUTH,06/02/2025,03:00,CLEAR,11.9,0.0,10000.0
WS-SOUTH,06/02/2025,04:00,CLEAR,9.7,0.0,10000.0
WS-SOUTH,06/02/2025,05:00,clear,12.5,0.0,10000.0
WS-SOUTH,06/02/2025,06:00,Clear,10.9,0.0,10000.0
WS-SOUTH,06/02/2025,07:00,Clear,11.6,0.0,10000.0
WS-SOUTH,06/02/2025,08:00,Clear,13.3,0.0,10000.0
WS-SOUTH,06/02/2025,09:00,Clear,16.3,0.0,10000.0
WS-SOUTH,06/02/2025,10:00,Clear,16.1,0.0,10000.0
WS-SOUTH,06/02/2025,11:00,Clear,19.2,0.0,10000.0
WS-SOUTH,06/02/2025,12:00,Cloudy,19.5,0.0,10000.0
WS-SOUTH,06/02/2025,13:00,Cloudy,21.1,0.0,10000.0
WS-SOUTH,06/02/2025,14:00,Cloudy,18.9,0.0,10000.0
WS-SOUTH,06/02/2025,15:00,Cloudy,21.6,0.0,10000.0
WS-SOUTH,06/02/2025,16:00,Cloudy,20.6,0.0,10000.0
WS-SOUTH,06/02/2025,17:00,Clear,19.4,0.0,10000.0
WS-SOUTH,06/02/2025,18:00,CLEAR,19.9,0.0,10000.0
WS-SOUTH,06/02/2025,19:00,CLEAR,19.5,0.0,10000.0
WS-SOUTH,06/02/2025,20:00,CLEAR,14.5,0.0,10000.0
WS-SOUTH,06/02/2025,21:00,Clear,14.8,0.0,10000.0
WS-SOUTH,06/02/2025,22:00,Cloudy,,0.0,10000.0
WS-SOUTH,06/02/2025,23:00,Cloudy,11.2,0.0,10000.0
WS-SOUTH,07/02/2025,00:00,clear,12.4,0.0,10000.0
WS-SOUTH,07/02/2025,01:00,Clear,12.2,0.0,10000.0
WS-SOUTH,07/02/2025,02:00,Clear,9.9,0.0,10000.0
WS-SOUTH,07/02/2025,03:00,Clear,12.3,0.0,10000.0
WS-SOUTH,07/02/2025,04:00,Clear,10.5,0.0,10000.0
WS-SOUTH,07/02/2025,05:00,Clear,11.6,0.0,10000.0
WS-SOUTH,07/02/2025,06:00,Clear,12.9,0.0,10000.0
WS-SOUTH,07/02/2025,07:00,clear,13.1,0.0,10000.0
WS-SOUTH,07/02/2025,08:00,Clear,12.6,0.0,10000.0
WS-SOUTH,07/02/2025,09:00,Clear,15.8,0.0,10000.0
WS-SOUTH,07/02/2025,10:00,Clear,19.2,0.0,
WS-SOUTH,07/02/2025,11:00,Cloudy,17.2,0.0,10000.0
WS-SOUTH,07/02/2025,12:00,Cloudy,18.4,0.0,10000.0
WS-SOUTH,07/02/2025,13:00,Overcast,16.6,0.0,10000.0
WS-SOUTH,07/02/2025,14:00,Cloudy,21.2,0.0,10000.0
WS-SOUTH,07/02/2025,15:00,Cloudy,19.8,0.0,10000.0
WS-SOUTH,07/02/2025,16:00,Cloudy,22.2,0.0,10000.0
WS-SOUTH,07/02/2025,17:00,CLEAR,20.4,0.0,10000.0
WS-SOUTH,07/02/2025,18:00,Clear,19.6,0.0,10000.0
WS-SOUTH,07/02/2025,19:00,Clear,19.4,0.0,10000.0
WS-SOUTH,07/02/2025,20:00,clear,17.8,0.0,10000.0
WS-SOUTH,07/02/2025,21:00,Clear,15.4,0.0,10000.0
WS-SOUTH,07/02/2025,22:00,clear,15.5,0.0,10000.0
WS-SOUTH,07/02/2025,23:00,Clear,15.0,0.0,10000.0
WS-SOUTH,08/02/2025,00:00,Clear,12.1,0.0,10000.0
WS-SOUTH,08/02/2025,01:00,Clear,11.9,0.0,10000.0
WS-SOUTH,08/02/2025,02:00,Clear,14.6,0.0,10000.0
WS-SOUTH,08/02/2025,03:00,Clear,12.9,0.0,10000.0
WS-SOUTH,08/02/2025,04:00,clear,11.0,0.0,10000.0
WS-SOUTH,08/02/2025,05:00,Clear,13.0,0.0,10000.0
WS-SOUTH,08/02/2025,06:00,foggy,13.6,0.0,304.0
WS-SOUTH,08/02/2025,07:00,Clear,15.2,0.0,10000.0
WS-SOUTH,08/02/2025,08:00,Clear,12.5,0.0,10000.0
WS-SOUTH,08/02/2025,09:00,CLEAR,16.2,0.0,10000.0
WS-SOUTH,08/02/2025,10:00,clear,16.8,0.0,10000.0
WS-SOUTH,08/02/2025,11:00,Clear,18.7,0.0,10000.0
WS-SOUTH,08/02/2025,12:00,CLEAR,20.5,0.0,10000.0
WS-SOUTH,08/02/2025,13:00,CLEAR,19.5,0.0,10000.0
WS-SOUTH,08/02/2025,14:00,Clear,20.8,0.0,
WS-SOUTH,08/02/2025,15:00,Clear,20.8,0.0,10000.0
WS-SOUTH,08/02/2025,16:00,Clear,21.0,0.0,10000.0
WS-SOUTH,08/02/2025,17:00,rain ,19.6,5.4,4823.0
WS-SOUTH,08/02/2025,18:00,Rain,18.9,3.4,4851.0
WS-SOUTH,08/02/2025,19:00,CLEAR,20.4,0.0,10000.0
WS-SOUTH,08/02/2025,20:00,Clear,15.4,0.0,10000.0
WS-SOUTH,08/02/2025,21:00,Clear,16.1,0.0,10000.0
WS-SOUTH,08/02/2025,22:00,Clear,15.2,0.0,10000.0
WS-SOUTH,08/02/2025,23:00,clear,16.0,0.0,10000.0
WS-SOUTH,09/02/2025,00:00,Clear,11.0,0.0,10000.0
WS-SOUTH,09/02/2025,01:00,Clear,12.1,0.0,10000.0
WS-SOUTH,09/02/2025,02:00,Clear,11.1,0.0,10000.0
WS-SOUTH,09/02/2025,03:00,clear,13.1,0.0,10000.0
WS-SOUTH,09/02/2025,04:00,Clear,14.0,0.0,10000.0
WS-SOUTH,09/02/2025,05:00,Fog,12.1,0.0,937.0
WS-SOUTH,09/02/2025,06:00,Clear,12.2,0.0,10000.0
WS-SOUTH,09/02/2025,07:00,CLEAR,14.7,0.0,10000.0
WS-SOUTH,09/02/2025,08:00,Clear,15.4,0.0,10000.0
WS-SOUTH,09/02/2025,09:00,Clear,16.4,0.0,10000.0
WS-SOUTH,09/02/2025,10:00,Cloudy,17.2,0.0,10000.0
WS-SOUTH,09/02/2025,11:00,Cloudy,17.8,0.0,10000.0
WS-SOUTH,09/02/2025,12:00,Cloudy,17.8,0.0,10000.0
WS-SOUTH,09/02/2025,13:00,cloudy,19.8,0.0,10000.0
WS-SOUTH,09/02/2025,14:00,cloudy,20.1,0.0,10000.0
WS-SOUTH,09/02/2025,15:00,Clear,21.8,0.0,10000.0
WS-SOUTH,09/02/2025,16:00,Clear,22.0,0.0,10000.0
WS-SOUTH,09/02/2025,17:00,Clear,18.8,0.0,10000.0
WS-SOUTH,09/02/2025,18:00,Clear,19.3,0.0,10000.0
WS-SOUTH,09/02/2025,19:00,Clear,18.5,0.0,10000.0
WS-SOUTH,09/02/2025,20:00,CLEAR,17.1,0.0,10000.0
WS-SOUTH,09/02/2025,21:00,Clear,16.3,0.0,10000.0
WS-SOUTH,09/02/2025,22:00,Clear,14.8,0.0,10000.0
WS-SOUTH,09/02/2025,23:00,clear,12.9,0.0,10000.0
WS-SOUTH,10/02/2025,00:00,CLEAR,,0.0,10000.0
WS-SOUTH,10/02/2025,01:00,Clear,11.6,0.0,10000.0
WS-SOUTH,10/02/2025,02:00,CLEAR,11.4,0.0,10000.0
WS-SOUTH,10/02/2025,03:00,Clear,12.1,0.0,10000.0
WS-SOUTH,10/02/2025,04:00,Clear,13.1,0.0,10000.0
WS-SOUTH,10/02/2025,05:00,CLEAR,13.2,0.0,10000.0
WS-SOUTH,10/02/2025,06:00,CLEAR,14.9,0.0,10000.0
WS-SOUTH,10/02/2025,07:00,Clear,13.5,0.0,10000.0
WS-SOUTH,10/02/2025,08:00,Clear,14.6,0.0,10000.0
WS-SOUTH,10/02/2025,09:00,Clear,15.3,0.0,10000.0
WS-SOUTH,10/02/2025,10:00,CLEAR,16.6,0.0,10000.0
WS-SOUTH,10/02/2025,11:00,CLEAR,18.6,0.0,10000.0
WS-SOUTH,10/02/2025,12:00,Clear,20.4,0.0,10000.0
WS-SOUTH,10/02/2025,13:00,CLEAR,21.4,0.0,10000.0
WS-SOUTH,10/02/2025,14:00,Clear,23.2,0.0,10000.0
WS-SOUTH,10/02/2025,15:00,Clear,20.0,0.0,10000.0
WS-SOUTH,10/02/2025,16:00,CLEAR,20.8,0.0,10000.0
WS-SOUTH,10/02/2025,17:00,clear,19.4,0.0,10000.0
WS-SOUTH,10/02/2025,18:00,Cloudy,20.3,0.0,10000.0
WS-SOUTH,10/02/2025,19:00,cloudy,19.3,0.0,10000.0
WS-SOUTH,10/02/2025,20:00,Overcast,16.7,0.0,10000.0
WS-SOUTH,10/02/2025,21:00,Cloudy,16.0,0.0,10000.0
WS-SOUTH,10/02/2025,22:00,Cloudy,15.8,0.0,10000.0
WS-SOUTH,10/02/2025,23:00,Cloudy,12.2,0.0,10000.0
WS-SOUTH,11/02/2025,00:00,Overcast,13.9,0.0,10000.0
WS-SOUTH,11/02/2025,01:00,Cloudy,12.6,0.0,10000.0
WS-SOUTH,11/02/2025,02:00,Cloudy,10.6,0.0,10000.0
WS-SOUTH,11/02/2025,03:00,Cloudy,10.8,0.0,10000.0
WS-SOUTH,11/02/2025,04:00,Cloudy,14.3,0.0,10000.0
WS-SOUTH,11/02/2025,05:00,clear,13.3,0.0,10000.0
WS-SOUTH,11/02/2025,06:00,Clear,13.3,0.0,10000.0
WS-SOUTH,11/02/2025,07:00,clear,14.5,0.0,10000.0
WS-SOUTH,11/02/2025,08:00,clear,13.9,0.0,10000.0
WS-SOUTH,11/02/2025,09:00,clear,15.6,0.0,10000.0
WS-SOUTH,11/02/2025,10:00,Clear,17.0,0.0,10000.0
WS-SOUTH,11/02/2025,11:00,Overcast,18.4,0.0,10000.0
WS-SOUTH,11/02/2025,12:00,Cloudy,19.3,0.0,10000.0
WS-SOUTH,11/02/2025,13:00,Cloudy,20.2,0.0,10000.0
WS-SOUTH,11/02/2025,14:00,Cloudy,20.0,0.0,10000.0
WS-SOUTH,11/02/2025,15:00,Cloudy,20.7,0.0,10000.0
WS-SOUTH,11/02/2025,16:00,CLEAR,21.0,0.0,10000.0
WS-SOUTH,11/02/2025,17:00,clear,20.2,0.0,10000.0
WS-SOUTH,11/02/2025,18:00,Clear,19.5,0.0,10000.0
WS-SOUTH,11/02/2025,19:00,cloudy,19.9,0.0,10000.0
WS-SOUTH,11/02/2025,20:00,Cloudy,17.8,0.0,10000.0
WS-SOUTH,11/02/2025,21:00,clear,13.7,0.0,10000.0
WS-SOUTH,11/02/2025,22:00,clear,13.6,0.0,10000.0
WS-SOUTH,11/02/2025,23:00,Cloudy,12.0,0.0,10000.0
WS-SOUTH,12/02/2025,00:00,Cloudy,12.3,0.0,10000.0
WS-SOUTH,12/02/2025,01:00,Cloudy,12.1,0.0,10000.0
WS-SOUTH,12/02/2025,02:00,Cloudy,11.8,0.0,10000.0
WS-SOUTH,12/02/2025,03:00,Clear,10.4,0.0,10000.0
WS-SOUTH,12/02/2025,04:00,Clear,10.2,0.0,10000.0
WS-SOUTH,12/02/2025,05:00,Cloudy,10.8,0.0,10000.0
WS-SOUTH,12/02/2025,06:00,Cloudy,12.6,0.0,10000.0
WS-SOUTH,12/02/2025,07:00,Overcast,13.9,0.0,10000.0
WS-SOUTH,12/02/2025,08:00,Cloudy,15.0,0.0,10000.0
WS-SOUTH,12/02/2025,09:00,cloudy,19.2,0.0,10000.0
WS-SOUTH,12/02/2025,10:00,Cloudy,15.8,0.0,10000.0
WS-SOUTH,12/02/2025,11:00,Overcast,17.7,0.0,10000.0
WS-SOUTH,12/02/2025,12:00,Cloudy,21.7,0.0,10000.0
WS-SOUTH,12/02/2025,13:00,Cloudy,20.4,0.0,10000.0
WS-SOUTH,12/02/2025,14:00,Cloudy,21.4,0.0,10000.0
WS-SOUTH,12/02/2025,15:00,Rain,20.5,7.8,2461.0
WS-SOUTH,12/02/2025,16:00,rain ,21.9,7.0,1912.0
WS-SOUTH,12/02/2025,17:00,Cloudy,20.8,0.0,10000.0
WS-SOUTH,12/02/2025,18:00,Clear,18.2,0.0,10000.0
WS-SOUTH,12/02/2025,19:00,Clear,18.2,0.0,10000.0
WS-SOUTH,12/02/2025,20:00,clear,19.8,0.0,10000.0
WS-SOUTH,12/02/2025,21:00,Clear,15.7,0.0,10000.0
WS-SOUTH,12/02/2025,22:00,Clear,13.8,0.0,10000.0
WS-SOUTH,12/02/2025,23:00,Clear,14.1,0.0,10000.0
WS-SOUTH,13/02/2025,00:00,Clear,13.3,0.0,10000.0
WS-SOUTH,13/02/2025,01:00,Clear,11.1,0.0,10000.0
WS-SOUTH,13/02/2025,02:00,Clear,10.6,0.0,10000.0
WS-SOUTH,13/02/2025,03:00,Clear,9.3,0.0,10000.0
WS-SOUTH,13/02/2025,04:00,CLEAR,11.3,0.0,10000.0
WS-SOUTH,13/02/2025,05:00,Cloudy,11.8,0.0,10000.0
WS-SOUTH,13/02/2025,06:00,Cloudy,11.4,0.0,10000.0
WS-SOUTH,13/02/2025,07:00,Cloudy,13.3,0.0,10000.0
WS-SOUTH,13/02/2025,08:00,clear,15.9,0.0,10000.0
WS-SOUTH,13/02/2025,09:00,clear,16.6,0.0,10000.0
WS-SOUTH,13/02/2025,10:00,CLEAR,18.9,0.0,10000.0
WS-SOUTH,13/02/2025,11:00,Clear,,0.0,10000.0
WS-SOUTH,13/02/2025,12:00,Clear,19.9,0.0,10000.0
WS-SOUTH,13/02/2025,13:00,Clear,21.5,0.0,10000.0
WS-SOUTH,13/02/2025,14:00,Clear,21.4,0.0,10000.0
WS-SOUTH,13/02/2025,15:00,Clear,20.8,0.0,10000.0
WS-SOUTH,13/02/2025,16:00,Rain,21.5,7.1,2290.0
WS-SOUTH,13/02/2025,17:00,Rain,20.9,8.5,2443.0
WS-SOUTH,13/02/2025,18:00,Rain,19.9,2.4,4028.0
WS-SOUTH,13/02/2025,19:00,Clear,17.3,0.0,10000.0
WS-SOUTH,13/02/2025,20:00,Cloudy,17.0,0.0,10000.0
WS-SOUTH,13/02/2025,21:00,Cloudy,16.0,0.0,10000.0
WS-SOUTH,13/02/2025,22:00,Cloudy,16.8,0.0,10000.0
WS-SOUTH,13/02/2025,23:00,Overcast,14.6,0.0,10000.0
WS-SOUTH,14/02/2025,00:00,Cloudy,10.5,0.0,10000.0
WS-SOUTH,14/02/2025,01:00,Cloudy,13.0,0.0,10000.0
WS-SOUTH,14/02/2025,02:00,Overcast,12.3,0.0,10000.0
WS-SOUTH,14/02/2025,03:00,CLEAR,11.7,0.0,10000.0
WS-SOUTH,14/02/2025,04:00,Clear,10.9,0.0,10000.0
WS-SOUTH,14/02/2025,05:00,Clear,10.7,0.0,10000.0
WS-SOUTH,14/02/2025,06:00,clear,10.6,0.0,10000.0
WS-SOUTH,14/02/2025,07:00,Clear,13.4,0.0,10000.0
WS-SOUTH,14/02/2025,08:00,Clear,13.6,0.0,10000.0
WS-SOUTH,14/02/2025,09:00,clear,14.9,0.0,10000.0
WS-SOUTH,14/02/2025,10:00,Clear,18.8,0.0,10000.0
WS-SOUTH,14/02/2025,11:00,Clear,19.4,0.0,10000.0
WS-SOUTH,14/02/2025,12:00,Clear,17.8,0.0,10000.0
WS-SOUTH,14/02/2025,13:00,CLEAR,21.4,0.0,10000.0
WS-SOUTH,14/02/2025,14:00,rainy,19.9,5.0,4364.0
WS-SOUTH,14/02/2025,15:00,Rain,21.7,3.9,2358.0
WS-SOUTH,14/02/2025,16:00,Overcast,22.9,0.0,10000.0
WS-SOUTH,14/02/2025,17:00,Cloudy,20.4,0.0,10000.0
WS-SOUTH,14/02/2025,18:00,Cloudy,19.5,0.0,10000.0
WS-SOUTH,14/02/2025,19:00,Cloudy,19.0,0.0,10000.0
WS-SOUTH,14/02/2025,20:00,Clear,18.0,0.0,10000.0
WS-SOUTH,14/02/2025,21:00,Clear,,0.0,10000.0
WS-SOUTH,14/02/2025,22:00,Clear,16.1,0.0,10000.0
WS-SOUTH,14/02/2025,23:00,Clear,15.9,0.0,10000.0
WS-SOUTH,15/02/2025,00:00,Overcast,10.4,0.0,10000.0
WS-SOUTH,15/02/2025,01:00,Overcast,12.0,0.0,10000.0
WS-SOUTH,15/02/2025,02:00,Cloudy,12.6,0.0,10000.0
WS-SOUTH,15/02/2025,03:00,Cloudy,11.0,0.0,10000.0
WS-SOUTH,15/02/2025,04:00,Cloudy,11.9,0.0,10000.0
WS-SOUTH,15/02/2025,05:00,Clear,,0.0,10000.0
WS-SOUTH,15/02/2025,06:00,CLEAR,12.4,0.0,10000.0
WS-SOUTH,15/02/2025,07:00,Clear,12.9,0.0,10000.0
WS-SOUTH,15/02/2025,08:00,Clear,14.8,0.0,10000.0
WS-SOUTH,15/02/2025,09:00,CLEAR,15.2,0.0,10000.0
WS-SOUTH,15/02/2025,10:00,clear,19.6,0.0,10000.0
WS-SOUTH,15/02/2025,11:00,Clear,19.4,0.0,10000.0
WS-SOUTH,15/02/2025,12:00,Clear,20.4,0.0,10000.0
WS-SOUTH,15/02/2025,13:00,Clear,21.1,0.0,10000.0
WS-SOUTH,15/02/2025,14:00,Clear,21.6,0.0,10000.0
WS-SOUTH,15/02/2025,15:00,clear,22.7,0.0,10000.0
WS-SOUTH,15/02/2025,16:00,Clear,19.8,0.0,10000.0
WS-SOUTH,15/02/2025,17:00,clear,20.7,0.0,10000.0
WS-SOUTH,15/02/2025,18:00,CLEAR,17.7,0.0,10000.0
WS-SOUTH,15/02/2025,19:00,clear,17.6,0.0,10000.0
WS-SOUTH,15/02/2025,20:00,Clear,16.0,0.0,10000.0
WS-SOUTH,15/02/2025,21:00,clear,17.8,0.0,10000.0
WS-SOUTH,15/02/2025,22:00,Clear,15.6,0.0,10000.0
WS-SOUTH,15/02/2025,23:00,CLEAR,14.3,0.0,10000.0
WS-SOUTH,16/02/2025,00:00,Clear,12.3,0.0,10000.0
WS-SOUTH,16/02/2025,01:00,Clear,13.4,0.0,10000.0
WS-SOUTH,16/02/2025,02:00,Clear,11.7,0.0,10000.0
WS-SOUTH,16/02/2025,03:00,CLEAR,12.9,0.0,10000.0
WS-SOUTH,16/02/2025,04:00,Clear,12.7,0.0,10000.0
WS-SOUTH,16/02/2025,05:00,Clear,11.8,0.0,10000.0
WS-SOUTH,16/02/2025,06:00,Clear,12.2,0.0,10000.0
WS-SOUTH,16/02/2025,07:00,Clear,14.8,0.0,10000.0
WS-SOUTH,16/02/2025,08:00,Clear,17.2,0.0,10000.0
WS-SOUTH,16/02/2025,09:00,Cloudy,17.6,0.0,10000.0
WS-SOUTH,16/02/2025,10:00,Cloudy,18.0,0.0,10000.0
WS-SOUTH,16/02/2025,11:00,Cloudy,19.5,0.0,10000.0
WS-SOUTH,16/02/2025,12:00,Clear,18.9,0.0,10000.0
WS-SOUTH,16/02/2025,13:00,Clear,19.5,0.0,10000.0
WS-SOUTH,16/02/2025,14:00,clear,23.7,0.0,10000.0
WS-SOUTH,16/02/2025,15:00,Clear,19.7,0.0,10000.0
WS-SOUTH,16/02/2025,16:00,clear,21.2,0.0,10000.0
WS-SOUTH,16/02/2025,17:00,Rain,20.9,4.8,3594.0
WS-SOUTH,16/02/2025,18:00,RAIN,21.5,5.7,4409.0
WS-SOUTH,16/02/2025,19:00,RAIN,17.7,4.4,3776.0
WS-SOUTH,16/02/2025,20:00,Clear,18.0,0.0,10000.0
WS-SOUTH,16/02/2025,21:00,CLEAR,14.9,0.0,10000.0
WS-SOUTH,16/02/2025,22:00,clear,14.0,0.0,10000.0
WS-SOUTH,16/02/2025,23:00,Clear,13.3,0.0,10000.0
WS-SOUTH,17/02/2025,00:00,CLEAR,13.8,0.0,10000.0
WS-SOUTH,17/02/2025,01:00,Clear,11.5,0.0,10000.0
WS-SOUTH,17/02/2025,02:00,Cloudy,10.0,0.0,10000.0
WS-SOUTH,17/02/2025,03:00,cloudy,10.8,0.0,10000.0
WS-SOUTH,17/02/2025,04:00,Cloudy,11.8,0.0,10000.0
WS-SOUTH,17/02/2025,05:00,Cloudy,,0.0,10000.0
WS-SOUTH,17/02/2025,06:00,clear,14.2,0.0,10000.0
WS-SOUTH,17/02/2025,07:00,Clear,14.3,0.0,10000.0
WS-SOUTH,17/02/2025,08:00,Clear,15.2,0.0,10000.0
WS-SOUTH,17/02/2025,09:00,Clear,16.6,0.0,10000.0
WS-SOUTH,17/02/2025,10:00,Clear,17.4,0.0,10000.0
WS-SOUTH,17/02/2025,11:00,Clear,19.9,0.0,10000.0
WS-SOUTH,17/02/2025,12:00,Clear,20.1,0.0,10000.0
WS-SOUTH,17/02/2025,13:00,CLEAR,23.8,0.0,10000.0
WS-SOUTH,17/02/2025,14:00,Clear,22.6,0.0,10000.0
WS-SOUTH,17/02/2025,15:00,Clear,19.7,0.0,10000.0
WS-SOUTH,17/02/2025,16:00,clear,20.8,0.0,10000.0
WS-SOUTH,17/02/2025,17:00,Clear,21.6,0.0,10000.0
WS-SOUTH,17/02/2025,18:00,Overcast,20.6,0.0,10000.0
WS-SOUTH,17/02/2025,19:00,Cloudy,20.3,0.0,10000.0
WS-SOUTH,17/02/2025,20:00,Cloudy,17.6,0.0,10000.0
WS-SOUTH,17/02/2025,21:00,cloudy,16.0,0.0,10000.0
WS-SOUTH,17/02/2025,22:00,Cloudy,14.9,0.0,10000.0
WS-SOUTH,17/02/2025,23:00,Cloudy,14.4,0.0,10000.0
WS-SOUTH,18/02/2025,00:00,Cloudy,15.2,0.0,10000.0
WS-SOUTH,18/02/2025,01:00,Clear,11.0,0.0,10000.0
WS-SOUTH,18/02/2025,02:00,Clear,10.6,0.0,10000.0
WS-SOUTH,18/02/2025,03:00,Clear,10.8,0.0,10000.0
WS-SOUTH,18/02/2025,04:00,Clear,12.3,0.0,10000.0
WS-SOUTH,18/02/2025,05:00,Clear,11.7,0.0,10000.0
WS-SOUTH,18/02/2025,06:00,clear,13.9,0.0,10000.0
WS-SOUTH,18/02/2025,07:00,CLEAR,15.7,0.0,10000.0
WS-SOUTH,18/02/2025,08:00,Clear,16.2,0.0,10000.0
WS-SOUTH,18/02/2025,09:00,clear,18.1,0.0,10000.0
WS-SOUTH,18/02/2025,10:00,cloudy,19.1,0.0,10000.0
WS-SOUTH,18/02/2025,11:00,Cloudy,18.2,0.0,10000.0
WS-SOUTH,18/02/2025,12:00,Overcast,20.6,0.0,10000.0
WS-SOUTH,18/02/2025,13:00,Cloudy,22.2,0.0,10000.0
WS-SOUTH,18/02/2025,14:00,Cloudy,22.0,0.0,10000.0
WS-SOUTH,18/02/2025,15:00,Overcast,22.5,0.0,10000.0
WS-SOUTH,18/02/2025,16:00,Clear,20.9,0.0,10000.0
WS-SOUTH,18/02/2025,17:00,Clear,20.3,0.0,10000.0
WS-SOUTH,18/02/2025,18:00,clear,22.1,0.0,10000.0
WS-SOUTH,18/02/2025,19:00,Clear,20.1,0.0,10000.0
WS-SOUTH,18/02/2025,20:00,Clear,16.2,0.0,10000.0
WS-SOUTH,18/02/2025,21:00,Clear,18.1,0.0,10000.0
WS-SOUTH,18/02/2025,22:00,Clear,14.4,0.0,10000.0
WS-SOUTH,18/02/2025,23:00,Clear,15.9,0.0,10000.0
WS-SOUTH,19/02/2025,00:00,Clear,14.6,0.0,10000.0
WS-SOUTH,19/02/2025,01:00,Clear,12.9,0.0,10000.0
WS-SOUTH,19/02/2025,02:00,Clear,13.2,0.0,10000.0
WS-SOUTH,19/02/2025,03:00,Clear,12.9,0.0,10000.0
WS-SOUTH,19/02/2025,04:00,Clear,9.4,0.0,10000.0
WS-SOUTH,19/02/2025,05:00,Clear,12.8,0.0,10000.0
WS-SOUTH,19/02/2025,06:00,Clear,12.1,0.0,10000.0
WS-SOUTH,19/02/2025,07:00,Clear,15.0,0.0,10000.0
WS-SOUTH,19/02/2025,08:00,CLEAR,17.4,0.0,10000.0
WS-SOUTH,19/02/2025,09:00,Clear,16.9,0.0,10000.0
WS-SOUTH,19/02/2025,10:00,Clear,17.1,0.0,10000.0
WS-SOUTH,19/02/2025,11:00,clear,19.2,0.0,10000.0
WS-SOUTH,19/02/2025,12:00,Clear,17.7,0.0,10000.0
WS-SOUTH,19/02/2025,13:00,clear,22.2,0.0,10000.0
WS-SOUTH,19/02/2025,14:00,Clear,21.8,0.0,10000.0
WS-SOUTH,19/02/2025,15:00,clear,20.5,0.0,10000.0
WS-SOUTH,19/02/2025,16:00,Clear,19.6,0.0,10000.0
WS-SOUTH,19/02/2025,17:00,Clear,22.5,0.0,10000.0
WS-SOUTH,19/02/2025,18:00,Clear,21.0,0.0,10000.0
WS-SOUTH,19/02/2025,19:00,Clear,17.0,0.0,10000.0
WS-SOUTH,19/02/2025,20:00,CLEAR,16.2,0.0,10000.0
WS-SOUTH,19/02/2025,21:00,Clear,16.5,0.0,10000.0
WS-SOUTH,19/02/2025,22:00,Cloudy,17.1,0.0,10000.0
WS-SOUTH,19/02/2025,23:00,cloudy,12.4,0.0,10000.0
WS-SOUTH,20/02/2025,00:00,cloudy,12.2,0.0,10000.0
WS-SOUTH,20/02/2025,01:00,Overcast,12.3,0.0,10000.0
WS-SOUTH,20/02/2025,02:00,Cloudy,11.8,0.0,10000.0
WS-SOUTH,20/02/2025,03:00,Cloudy,10.3,0.0,10000.0
WS-SOUTH,20/02/2025,04:00,Clear,10.5,0.0,10000.0
WS-SOUTH,20/02/2025,05:00,Clear,12.4,0.0,10000.0
WS-SOUTH,20/02/2025,06:00,RAIN,12.3,3.1,2815.0
WS-SOUTH,20/02/2025,07:00,Rain,14.1,7.3,2626.0
WS-SOUTH,20/02/2025,08:00,Rain,16.2,1.6,3783.0
WS-SOUTH,20/02/2025,09:00,Rain,17.3,2.9,3616.0
WS-SOUTH,20/02/2025,10:00,Rain,17.7,3.2,4037.0
WS-SOUTH,20/02/2025,11:00,Cloudy,18.3,0.0,10000.0
WS-SOUTH,20/02/2025,12:00,cloudy,18.9,0.0,10000.0
WS-SOUTH,20/02/2025,13:00,Cloudy,21.7,0.0,10000.0
WS-SOUTH,20/02/2025,14:00,Clear,23.3,0.0,10000.0
WS-SOUTH,20/02/2025,15:00,clear,20.9,0.0,10000.0
WS-SOUTH,20/02/2025,16:00,Clear,20.9,0.0,10000.0
WS-SOUTH,20/02/2025,17:00,Clear,21.5,0.0,10000.0
WS-SOUTH,20/02/2025,18:00,CLEAR,18.2,0.0,10000.0
WS-SOUTH,20/02/2025,19:00,Clear,18.8,0.0,10000.0
WS-SOUTH,20/02/2025,20:00,Cloudy,19.4,0.0,10000.0
WS-SOUTH,20/02/2025,21:00,Cloudy,18.0,0.0,10000.0
WS-SOUTH,20/02/2025,22:00,Cloudy,18.1,0.0,10000.0
WS-SOUTH,20/02/2025,23:00,Cloudy,15.6,0.0,10000.0
WS-SOUTH,21/02/2025,00:00,cloudy,11.7,0.0,10000.0
WS-SOUTH,21/02/2025,01:00,Cloudy,12.3,0.0,10000.0
WS-SOUTH,21/02/2025,02:00,Cloudy,11.4,0.0,10000.0
WS-SOUTH,21/02/2025,03:00,Cloudy,10.7,0.0,
WS-SOUTH,21/02/2025,04:00,CLEAR,10.8,0.0,10000.0
WS-SOUTH,21/02/2025,05:00,Clear,11.5,0.0,10000.0
WS-SOUTH,21/02/2025,06:00,Clear,13.8,0.0,10000.0
WS-SOUTH,21/02/2025,07:00,Clear,14.0,0.0,10000.0
WS-SOUTH,21/02/2025,08:00,Clear,14.3,0.0,10000.0
WS-SOUTH,21/02/2025,09:00,Clear,18.0,0.0,10000.0
WS-SOUTH,21/02/2025,10:00,Clear,15.0,0.0,10000.0
WS-SOUTH,21/02/2025,11:00,Clear,19.5,0.0,10000.0
WS-SOUTH,21/02/2025,12:00,Clear,20.1,0.0,10000.0
WS-SOUTH,21/02/2025,13:00,clear,18.3,0.0,10000.0
WS-SOUTH,21/02/2025,14:00,CLEAR,20.9,0.0,10000.0
WS-SOUTH,21/02/2025,15:00,Clear,23.4,0.0,10000.0
WS-SOUTH,21/02/2025,16:00,Rain,21.6,7.4,1861.0
WS-SOUTH,21/02/2025,17:00,rainy,19.8,2.9,4723.0
WS-SOUTH,21/02/2025,18:00,Rain,17.1,5.6,4104.0
WS-SOUTH,21/02/2025,19:00,Rain,18.5,5.2,2358.0
WS-SOUTH,21/02/2025,20:00,Clear,17.7,0.0,10000.0
WS-SOUTH,21/02/2025,21:00,Cloudy,16.6,0.0,10000.0
WS-SOUTH,21/02/2025,22:00,cloudy,14.3,0.0,10000.0
WS-SOUTH,21/02/2025,23:00,clear,15.8,0.0,10000.0
WS-SOUTH,22/02/2025,00:00,Clear,12.9,0.0,10000.0
WS-SOUTH,22/02/2025,01:00,CLEAR,11.0,0.0,10000.0
WS-SOUTH,22/02/2025,02:00,cloudy,13.9,0.0,10000.0
WS-SOUTH,22/02/2025,03:00,cloudy,11.4,0.0,10000.0
WS-SOUTH,22/02/2025,04:00,clear,11.7,0.0,10000.0
WS-SOUTH,22/02/2025,05:00,Clear,11.6,0.0,10000.0
WS-SOUTH,22/02/2025,06:00,CLEAR,15.3,0.0,10000.0
WS-SOUTH,22/02/2025,07:00,clear,16.3,0.0,10000.0
WS-SOUTH,22/02/2025,08:00,clear,14.5,0.0,10000.0
WS-SOUTH,22/02/2025,09:00,clear,16.7,0.0,10000.0
WS-SOUTH,22/02/2025,10:00,Clear,16.4,0.0,10000.0
WS-SOUTH,22/02/2025,11:00,Clear,21.2,0.0,10000.0
WS-SOUTH,22/02/2025,12:00,clear,20.3,0.0,10000.0
WS-SOUTH,22/02/2025,13:00,CLEAR,22.4,0.0,10000.0
WS-SOUTH,22/02/2025,14:00,Clear,21.5,0.0,10000.0
WS-SOUTH,22/02/2025,15:00,Clear,21.8,0.0,10000.0
WS-SOUTH,22/02/2025,16:00,Clear,19.8,0.0,10000.0
WS-SOUTH,22/02/2025,17:00,Clear,19.1,0.0,10000.0
WS-SOUTH,22/02/2025,18:00,Clear,20.5,0.0,10000.0
WS-SOUTH,22/02/2025,19:00,CLEAR,19.7,0.0,10000.0
WS-SOUTH,22/02/2025,20:00,Clear,19.0,0.0,10000.0
WS-SOUTH,22/02/2025,21:00,Clear,17.5,0.0,10000.0
WS-SOUTH,22/02/2025,22:00,clear,14.9,0.0,10000.0
WS-SOUTH,22/02/2025,23:00,CLEAR,14.2,0.0,10000.0
WS-SOUTH,23/02/2025,00:00,CLEAR,12.5,0.0,10000.0
WS-SOUTH,23/02/2025,01:00,CLEAR,13.6,0.0,10000.0
WS-SOUTH,23/02/2025,02:00,Clear,11.9,0.0,10000.0
WS-SOUTH,23/02/2025,03:00,CLEAR,10.7,0.0,10000.0
WS-SOUTH,23/02/2025,04:00,CLEAR,10.4,0.0,10000.0
WS-SOUTH,23/02/2025,05:00,Clear,,0.0,10000.0
WS-SOUTH,23/02/2025,06:00,CLEAR,13.1,0.0,10000.0
WS-SOUTH,23/02/2025,07:00,Clear,14.6,0.0,10000.0
WS-SOUTH,23/02/2025,08:00,Clear,15.9,0.0,10000.0
WS-SOUTH,23/02/2025,09:00,CLEAR,15.7,0.0,10000.0
WS-SOUTH,23/02/2025,10:00,Clear,,0.0,10000.0
WS-SOUTH,23/02/2025,11:00,Clear,18.3,0.0,10000.0
WS-SOUTH,23/02/2025,12:00,cloudy,17.0,0.0,10000.0
WS-SOUTH,23/02/2025,13:00,Cloudy,20.5,0.0,10000.0
WS-SOUTH,23/02/2025,14:00,Cloudy,23.0,0.0,10000.0
WS-SOUTH,23/02/2025,15:00,Cloudy,23.2,0.0,10000.0
WS-SOUTH,23/02/2025,16:00,Clear,23.8,0.0,10000.0
WS-SOUTH,23/02/2025,17:00,CLEAR,20.5,0.0,10000.0
WS-SOUTH,23/02/2025,18:00,clear,18.9,0.0,10000.0
WS-SOUTH,23/02/2025,19:00,Clear,18.0,0.0,10000.0
WS-SOUTH,23/02/2025,20:00,Clear,15.4,0.0,10000.0
WS-SOUTH,23/02/2025,21:00,Clear,16.4,0.0,10000.0
WS-SOUTH,23/02/2025,22:00,clear,14.0,0.0,10000.0
WS-SOUTH,23/02/2025,23:00,clear,13.7,0.0,10000.0
WS-SOUTH,24/02/2025,00:00,Clear,13.5,0.0,10000.0
WS-SOUTH,24/02/2025,01:00,CLEAR,12.8,0.0,10000.0
WS-SOUTH,24/02/2025,02:00,clear,11.2,0.0,10000.0
WS-SOUTH,24/02/2025,03:00,Clear,10.9,0.0,10000.0
WS-SOUTH,24/02/2025,04:00,clear,12.2,0.0,10000.0
WS-SOUTH,24/02/2025,05:00,Clear,10.5,0.0,10000.0
WS-SOUTH,24/02/2025,06:00,Clear,11.8,0.0,10000.0
WS-SOUTH,24/02/2025,07:00,Clear,13.5,0.0,10000.0
WS-SOUTH,24/02/2025,08:00,Clear,14.7,0.0,10000.0
WS-SOUTH,24/02/2025,09:00,Clear,17.1,0.0,10000.0
WS-SOUTH,24/02/2025,10:00,CLEAR,17.9,0.0,10000.0
WS-SOUTH,24/02/2025,11:00,CLEAR,17.7,0.0,10000.0
WS-SOUTH,24/02/2025,12:00,CLEAR,21.6,0.0,10000.0
WS-SOUTH,24/02/2025,13:00,clear,,0.0,10000.0
WS-SOUTH,24/02/2025,14:00,clear,23.3,0.0,10000.0
WS-SOUTH,24/02/2025,15:00,Clear,22.8,0.0,10000.0
WS-SOUTH,24/02/2025,16:00,Clear,21.5,0.0,10000.0
WS-SOUTH,24/02/2025,17:00,CLEAR,20.1,0.0,10000.0
WS-SOUTH,24/02/2025,18:00,Clear,20.1,0.0,10000.0
WS-SOUTH,24/02/2025,19:00,clear,20.3,0.0,10000.0
WS-SOUTH,24/02/2025,20:00,Clear,19.0,0.0,10000.0
WS-SOUTH,24/02/2025,21:00,clear,16.7,0.0,10000.0
WS-SOUTH,24/02/2025,22:00,Clear,15.8,0.0,10000.0
WS-SOUTH,24/02/2025,23:00,Clear,12.9,0.0,10000.0
WS-SOUTH,25/02/2025,00:00,Clear,12.9,0.0,
WS-SOUTH,25/02/2025,01:00,CLEAR,12.2,0.0,10000.0
WS-SOUTH,25/02/2025,02:00,CLEAR,13.7,0.0,10000.0
WS-SOUTH,25/02/2025,03:00,Clear,11.6,0.0,10000.0
WS-SOUTH,25/02/2025,04:00,Fog,10.4,0.0,392.0
WS-SOUTH,25/02/2025,05:00,foggy,11.7,0.0,765.0
WS-SOUTH,25/02/2025,06:00,Clear,14.0,0.0,10000.0
WS-SOUTH,25/02/2025,07:00,Clear,12.7,0.0,10000.0
WS-SOUTH,25/02/2025,08:00,Clear,16.5,0.0,10000.0
WS-SOUTH,25/02/2025,09:00,Clear,,0.0,10000.0
WS-SOUTH,25/02/2025,10:00,Clear,18.2,0.0,10000.0
WS-SOUTH,25/02/2025,11:00,Clear,22.4,0.0,10000.0
WS-SOUTH,25/02/2025,12:00,CLEAR,22.6,0.0,10000.0
WS-SOUTH,25/02/2025,13:00,Clear,20.9,0.0,10000.0
WS-SOUTH,25/02/2025,14:00,Clear,18.9,0.0,10000.0
WS-SOUTH,25/02/2025,15:00,CLEAR,21.5,0.0,10000.0
WS-SOUTH,25/02/2025,16:00,Clear,22.0,0.0,10000.0
WS-SOUTH,25/02/2025,17:00,Clear,19.8,0.0,10000.0
WS-SOUTH,25/02/2025,18:00,CLEAR,20.2,0.0,10000.0
WS-SOUTH,25/02/2025,19:00,Clear,18.2,0.0,10000.0
WS-SOUTH,25/02/2025,20:00,Overcast,19.2,0.0,10000.0
WS-SOUTH,25/02/2025,21:00,Overcast,,0.0,10000.0
WS-SOUTH,25/02/2025,22:00,cloudy,14.0,0.0,10000.0
WS-SOUTH,25/02/2025,23:00,Cloudy,13.6,0.0,10000.0
WS-SOUTH,26/02/2025,00:00,Cloudy,15.2,0.0,10000.0
WS-SOUTH,26/02/2025,01:00,Cloudy,11.9,0.0,10000.0
WS-SOUTH,26/02/2025,02:00,Cloudy,11.2,0.0,10000.0
WS-SOUTH,26/02/2025,03:00,CLEAR,10.3,0.0,10000.0
WS-SOUTH,26/02/2025,04:00,Clear,14.7,0.0,10000.0
WS-SOUTH,26/02/2025,05:00,Clear,12.7,0.0,10000.0
WS-SOUTH,26/02/2025,06:00,Clear,12.4,0.0,10000.0
WS-SOUTH,26/02/2025,07:00,Clear,15.4,0.0,10000.0
WS-SOUTH,26/02/2025,08:00,Clear,19.7,0.0,10000.0
WS-SOUTH,26/02/2025,09:00,Clear,16.6,0.0,10000.0
WS-SOUTH,26/02/2025,10:00,Clear,17.3,0.0,10000.0
WS-SOUTH,26/02/2025,11:00,Clear,18.7,0.0,10000.0
WS-SOUTH,26/02/2025,12:00,Clear,20.8,0.0,10000.0
WS-SOUTH,26/02/2025,13:00,Clear,20.0,0.0,10000.0
WS-SOUTH,26/02/2025,14:00,CLEAR,20.7,0.0,10000.0
WS-SOUTH,26/02/2025,15:00,Clear,21.6,0.0,10000.0
WS-SOUTH,26/02/2025,16:00,Clear,21.9,0.0,10000.0
WS-SOUTH,26/02/2025,17:00,Clear,20.8,0.0,10000.0
WS-SOUTH,26/02/2025,18:00,Clear,20.6,0.0,10000.0
WS-SOUTH,26/02/2025,19:00,clear,20.5,0.0,10000.0
WS-SOUTH,26/02/2025,20:00,Clear,17.4,0.0,10000.0
WS-SOUTH,26/02/2025,21:00,Clear,18.8,0.0,10000.0
WS-SOUTH,26/02/2025,22:00,Clear,16.5,0.0,10000.0
WS-SOUTH,26/02/2025,23:00,Clear,15.9,0.0,10000.0
WS-SOUTH,27/02/2025,00:00,Clear,13.7,0.0,10000.0
WS-SOUTH,27/02/2025,01:00,Clear,14.5,0.0,10000.0
WS-SOUTH,27/02/2025,02:00,Clear,14.1,0.0,10000.0
WS-SOUTH,27/02/2025,03:00,clear,10.5,0.0,10000.0
WS-SOUTH,27/02/2025,04:00,Clear,13.1,0.0,10000.0
WS-SOUTH,27/02/2025,05:00,Clear,13.2,0.0,10000.0
WS-SOUTH,27/02/2025,06:00,Clear,14.1,0.0,10000.0
WS-SOUTH,27/02/2025,07:00,Clear,11.4,0.0,10000.0
WS-SOUTH,27/02/2025,08:00,Cloudy,15.5,0.0,10000.0
WS-SOUTH,27/02/2025,09:00,Cloudy,18.0,0.0,10000.0
WS-SOUTH,27/02/2025,10:00,Cloudy,17.5,0.0,10000.0
WS-SOUTH,27/02/2025,11:00,Cloudy,20.6,0.0,10000.0
WS-SOUTH,27/02/2025,12:00,Cloudy,18.9,0.0,10000.0
WS-SOUTH,27/02/2025,13:00,Overcast,22.7,0.0,10000.0
WS-SOUTH,27/02/2025,14:00,Cloudy,23.2,0.0,10000.0
WS-SOUTH,27/02/2025,15:00,clear,21.6,0.0,10000.0
WS-SOUTH,27/02/2025,16:00,clear,20.9,0.0,10000.0
WS-SOUTH,27/02/2025,17:00,clear,21.8,0.0,10000.0
WS-SOUTH,27/02/2025,18:00,clear,18.7,0.0,10000.0
WS-SOUTH,27/02/2025,19:00,Cloudy,18.7,0.0,10000.0
WS-SOUTH,27/02/2025,20:00,cloudy,17.2,0.0,10000.0
WS-SOUTH,27/02/2025,21:00,Cloudy,18.7,0.0,
WS-SOUTH,27/02/2025,22:00,Cloudy,14.7,0.0,10000.0
WS-SOUTH,27/02/2025,23:00,Clear,16.4,0.0,10000.0
WS-SOUTH,28/02/2025,00:00,Clear,13.4,0.0,10000.0
WS-SOUTH,28/02/2025,01:00,Cloudy,13.8,0.0,10000.0
WS-SOUTH,28/02/2025,02:00,rainy,13.2,7.6,4915.0
WS-SOUTH,28/02/2025,03:00,Rain,12.7,5.1,1912.0
WS-SOUTH,28/02/2025,04:00,Rain,11.3,8.9,2140.0
WS-SOUTH,28/02/2025,05:00,Rain,12.1,7.3,4656.0
WS-SOUTH,28/02/2025,06:00,Rain,15.4,3.7,2008.0
WS-SOUTH,28/02/2025,07:00,clear,13.8,0.0,10000.0
WS-SOUTH,28/02/2025,08:00,clear,15.1,0.0,10000.0
WS-SOUTH,28/02/2025,09:00,Clear,18.1,0.0,10000.0
WS-SOUTH,28/02/2025,10:00,Clear,19.5,0.0,10000.0
WS-SOUTH,28/02/2025,11:00,clear,21.2,0.0,10000.0
WS-SOUTH,28/02/2025,12:00,clear,21.2,0.0,10000.0
WS-SOUTH,28/02/2025,13:00,Clear,21.7,0.0,10000.0
WS-SOUTH,28/02/2025,14:00,clear,23.9,0.0,10000.0
WS-SOUTH,28/02/2025,15:00,Clear,21.5,0.0,10000.0
WS-SOUTH,28/02/2025,16:00,Clear,20.5,0.0,10000.0
WS-SOUTH,28/02/2025,17:00,Clear,19.9,0.0,10000.0
WS-SOUTH,28/02/2025,18:00,Clear,21.0,0.0,10000.0
WS-SOUTH,28/02/2025,19:00,CLEAR,18.9,0.0,10000.0
WS-SOUTH,28/02/2025,20:00,Clear,19.0,0.0,10000.0
WS-SOUTH,28/02/2025,21:00,Clear,17.3,0.0,10000.0
WS-SOUTH,28/02/2025,22:00,Clear,15.9,0.0,10000.0
WS-SOUTH,28/02/2025,23:00,Clear,14.1,0.0,10000.0
WS-SOUTH,01/03/2025,00:00,CLEAR,13.8,0.0,10000.0
WS-SOUTH,01/03/2025,01:00,Clear,12.2,0.0,10000.0
WS-SOUTH,01/03/2025,02:00,Clear,12.3,0.0,10000.0
WS-SOUTH,01/03/2025,03:00,CLEAR,11.5,0.0,10000.0
WS-SOUTH,01/03/2025,04:00,Clear,13.0,0.0,10000.0
WS-SOUTH,01/03/2025,05:00,Fog,12.4,0.0,846.0
WS-SOUTH,01/03/2025,06:00,Clear,13.7,0.0,10000.0
WS-SOUTH,01/03/2025,07:00,clear,14.3,0.0,10000.0
WS-SOUTH,01/03/2025,08:00,Clear,13.3,0.0,10000.0
WS-SOUTH,01/03/2025,09:00,Clear,16.5,0.0,10000.0
WS-SOUTH,01/03/2025,10:00,Clear,17.8,0.0,10000.0
WS-SOUTH,01/03/2025,11:00,Clear,19.4,0.0,10000.0
WS-SOUTH,01/03/2025,12:00,Clear,19.9,0.0,10000.0
WS-SOUTH,01/03/2025,13:00,Clear,22.0,0.0,10000.0
WS-SOUTH,01/03/2025,14:00,CLEAR,20.3,0.0,10000.0
WS-SOUTH,01/03/2025,15:00,CLEAR,21.3,0.0,10000.0
WS-SOUTH,01/03/2025,16:00,Clear,23.0,0.0,10000.0
WS-SOUTH,01/03/2025,17:00,Clear,20.9,0.0,10000.0
WS-SOUTH,01/03/2025,18:00,Clear,21.1,0.0,10000.0
WS-SOUTH,01/03/2025,19:00,Clear,17.9,0.0,10000.0
WS-SOUTH,01/03/2025,20:00,Clear,,0.0,10000.0
WS-SOUTH,01/03/2025,21:00,clear,17.8,0.0,10000.0
WS-SOUTH,01/03/2025,22:00,Clear,14.1,0.0,10000.0
WS-SOUTH,01/03/2025,23:00,CLEAR,13.5,0.0,10000.0
WS-SOUTH,02/03/2025,00:00,Clear,14.2,0.0,10000.0
WS-SOUTH,02/03/2025,01:00,Clear,12.6,0.0,10000.0
WS-SOUTH,02/03/2025,02:00,Cloudy,11.0,0.0,10000.0
WS-SOUTH,02/03/2025,03:00,Cloudy,10.6,0.0,10000.0
WS-SOUTH,02/03/2025,04:00,Cloudy,13.8,0.0,10000.0
WS-SOUTH,02/03/2025,05:00,Cloudy,13.7,0.0,10000.0
WS-SOUTH,02/03/2025,06:00,Cloudy,12.3,0.0,10000.0
WS-SOUTH,02/03/2025,07:00,Cloudy,,0.0,10000.0
WS-SOUTH,02/03/2025,08:00,Cloudy,15.9,0.0,10000.0
WS-SOUTH,02/03/2025,09:00,Clear,16.2,0.0,10000.0
WS-SOUTH,02/03/2025,10:00,Clear,19.8,0.0,10000.0
WS-SOUTH,02/03/2025,11:00,Clear,17.1,0.0,10000.0
WS-SOUTH,02/03/2025,12:00,Clear,21.3,0.0,10000.0
WS-SOUTH,02/03/2025,13:00,Cloudy,19.2,0.0,10000.0
WS-SOUTH,02/03/2025,14:00,Cloudy,19.6,0.0,10000.0
WS-SOUTH,02/03/2025,15:00,Cloudy,22.0,0.0,10000.0
WS-SOUTH,02/03/2025,16:00,Cloudy,23.8,0.0,10000.0
WS-SOUTH,02/03/2025,17:00,Cloudy,19.5,0.0,10000.0
WS-SOUTH,02/03/2025,18:00,clear,19.8,0.0,10000.0
WS-SOUTH,02/03/2025,19:00,Clear,19.9,0.0,10000.0
WS-SOUTH,02/03/2025,20:00,clear,19.4,0.0,10000.0
WS-SOUTH,02/03/2025,21:00,CLEAR,18.7,0.0,10000.0
WS-SOUTH,02/03/2025,22:00,Clear,17.0,0.0,10000.0
WS-SOUTH,02/03/2025,23:00,clear,16.0,0.0,10000.0
WS-SOUTH,03/03/2025,00:00,Clear,13.5,0.0,10000.0
WS-SOUTH,03/03/2025,01:00,Clear,11.3,0.0,10000.0
WS-SOUTH,03/03/2025,02:00,Clear,14.6,0.0,10000.0
WS-SOUTH,03/03/2025,03:00,Clear,12.7,0.0,
WS-SOUTH,03/03/2025,04:00,Clear,12.6,0.0,10000.0
WS-SOUTH,03/03/2025,05:00,Clear,13.4,0.0,10000.0
WS-SOUTH,03/03/2025,06:00,Clear,16.4,0.0,10000.0
WS-SOUTH,03/03/2025,07:00,Clear,16.7,0.0,10000.0
WS-SOUTH,03/03/2025,08:00,Clear,14.9,0.0,10000.0
WS-SOUTH,03/03/2025,09:00,Clear,16.3,0.0,10000.0
WS-SOUTH,03/03/2025,10:00,Clear,16.7,0.0,10000.0
WS-SOUTH,03/03/2025,11:00,Clear,20.1,0.0,10000.0
WS-SOUTH,03/03/2025,12:00,Clear,22.3,0.0,10000.0
WS-SOUTH,03/03/2025,13:00,Clear,21.5,0.0,10000.0
WS-SOUTH,03/03/2025,14:00,Clear,22.8,0.0,10000.0
WS-SOUTH,03/03/2025,15:00,Clear,21.9,0.0,10000.0
WS-SOUTH,03/03/2025,16:00,Clear,22.9,0.0,10000.0
WS-SOUTH,03/03/2025,17:00,Clear,22.2,0.0,10000.0
WS-SOUTH,03/03/2025,18:00,Clear,,0.0,10000.0
WS-SOUTH,03/03/2025,19:00,Clear,18.8,0.0,10000.0
WS-SOUTH,03/03/2025,20:00,Clear,,0.0,10000.0
WS-SOUTH,03/03/2025,21:00,Clear,15.9,0.0,10000.0
WS-SOUTH,03/03/2025,22:00,CLEAR,16.6,0.0,10000.0
WS-SOUTH,03/03/2025,23:00,Clear,15.0,0.0,10000.0
WS-SOUTH,04/03/2025,00:00,Clear,13.1,0.0,10000.0
WS-SOUTH,04/03/2025,01:00,Clear,12.8,0.0,10000.0
WS-SOUTH,04/03/2025,02:00,CLEAR,13.1,0.0,10000.0
WS-SOUTH,04/03/2025,03:00,Clear,11.0,0.0,10000.0
WS-SOUTH,04/03/2025,04:00,Clear,12.8,0.0,10000.0
WS-SOUTH,04/03/2025,05:00,clear,13.3,0.0,10000.0
WS-SOUTH,04/03/2025,06:00,Clear,13.7,0.0,10000.0
WS-SOUTH,04/03/2025,07:00,Clear,16.1,0.0,10000.0
WS-SOUTH,04/03/2025,08:00,CLEAR,16.7,0.0,10000.0
WS-SOUTH,04/03/2025,09:00,Clear,16.6,0.0,10000.0
WS-SOUTH,04/03/2025,10:00,Clear,18.1,0.0,10000.0
WS-SOUTH,04/03/2025,11:00,clear,19.3,0.0,10000.0
WS-SOUTH,04/03/2025,12:00,Cloudy,22.1,0.0,10000.0
WS-SOUTH,04/03/2025,13:00,Cloudy,18.6,0.0,10000.0
WS-SOUTH,04/03/2025,14:00,Overcast,23.7,0.0,10000.0
WS-SOUTH,04/03/2025,15:00,Cloudy,23.0,0.0,10000.0
WS-SOUTH,04/03/2025,16:00,Cloudy,22.6,0.0,10000.0
WS-SOUTH,04/03/2025,17:00,Cloudy,20.9,0.0,10000.0
WS-SOUTH,04/03/2025,18:00,cloudy,20.5,0.0,10000.0
WS-SOUTH,04/03/2025,19:00,Clear,20.5,0.0,10000.0
WS-SOUTH,04/03/2025,20:00,Clear,18.5,0.0,10000.0
WS-SOUTH,04/03/2025,21:00,Clear,17.6,0.0,10000.0
WS-SOUTH,04/03/2025,22:00,clear,15.4,0.0,10000.0
WS-SOUTH,04/03/2025,23:00,CLEAR,16.8,0.0,10000.0
WS-SOUTH,05/03/2025,00:00,Clear,14.3,0.0,10000.0
WS-SOUTH,05/03/2025,01:00,Clear,12.8,0.0,10000.0
WS-SOUTH,05/03/2025,02:00,clear,14.1,0.0,10000.0
WS-SOUTH,05/03/2025,03:00,CLEAR,12.7,0.0,10000.0
WS-SOUTH,05/03/2025,04:00,Clear,11.3,0.0,10000.0
WS-SOUTH,05/03/2025,05:00,clear,14.1,0.0,10000.0
WS-SOUTH,05/03/2025,06:00,Clear,15.2,0.0,10000.0
WS-SOUTH,05/03/2025,07:00,Clear,16.6,0.0,10000.0
WS-SOUTH,05/03/2025,08:00,Clear,15.8,0.0,10000.0
WS-SOUTH,05/03/2025,09:00,Clear,16.7,0.0,
WS-SOUTH,05/03/2025,10:00,Clear,19.3,0.0,10000.0
WS-SOUTH,05/03/2025,11:00,clear,21.1,0.0,10000.0
WS-SOUTH,05/03/2025,12:00,Clear,22.3,0.0,10000.0
WS-SOUTH,05/03/2025,13:00,Clear,22.7,0.0,10000.0
WS-SOUTH,05/03/2025,14:00,Clear,22.3,0.0,10000.0
WS-SOUTH,05/03/2025,15:00,Cloudy,22.2,0.0,10000.0
WS-SOUTH,05/03/2025,16:00,Cloudy,21.7,0.0,10000.0
WS-SOUTH,05/03/2025,17:00,Cloudy,22.9,0.0,
WS-SOUTH,05/03/2025,18:00,Cloudy,19.9,0.0,10000.0
WS-SOUTH,05/03/2025,19:00,cloudy,18.9,0.0,10000.0
WS-SOUTH,05/03/2025,20:00,Cloudy,18.3,0.0,10000.0
WS-SOUTH,05/03/2025,21:00,Cloudy,16.9,0.0,10000.0
WS-SOUTH,05/03/2025,22:00,Clear,17.4,0.0,10000.0
WS-SOUTH,05/03/2025,23:00,Clear,17.2,0.0,10000.0
WS-SOUTH,06/03/2025,00:00,Clear,14.1,0.0,10000.0
WS-SOUTH,06/03/2025,01:00,Clear,12.1,0.0,10000.0
WS-SOUTH,06/03/2025,02:00,Clear,11.7,0.0,10000.0
WS-SOUTH,06/03/2025,03:00,CLEAR,11.5,0.0,10000.0
WS-SOUTH,06/03/2025,04:00,Clear,12.7,0.0,10000.0
WS-SOUTH,06/03/2025,05:00,Clear,13.9,0.0,10000.0
WS-SOUTH,06/03/2025,06:00,clear,12.7,0.0,10000.0
WS-SOUTH,06/03/2025,07:00,Clear,16.6,0.0,10000.0
WS-SOUTH,06/03/2025,08:00,Clear,16.8,0.0,10000.0
WS-SOUTH,06/03/2025,09:00,Clear,19.4,0.0,10000.0
WS-SOUTH,06/03/2025,10:00,Clear,18.9,0.0,10000.0
WS-SOUTH,06/03/2025,11:00,Clear,20.2,0.0,10000.0
WS-SOUTH,06/03/2025,12:00,Clear,22.3,0.0,10000.0
WS-SOUTH,06/03/2025,13:00,Clear,23.0,0.0,10000.0
WS-SOUTH,06/03/2025,14:00,Clear,23.2,0.0,10000.0
WS-SOUTH,06/03/2025,15:00,clear,23.6,0.0,10000.0
WS-SOUTH,06/03/2025,16:00,Clear,22.6,0.0,10000.0
WS-SOUTH,06/03/2025,17:00,clear,22.4,0.0,10000.0
WS-SOUTH,06/03/2025,18:00,CLEAR,21.3,0.0,10000.0
WS-SOUTH,06/03/2025,19:00,CLEAR,20.6,0.0,10000.0
WS-SOUTH,06/03/2025,20:00,Clear,17.3,0.0,10000.0
WS-SOUTH,06/03/2025,21:00,Clear,18.0,0.0,10000.0
WS-SOUTH,06/03/2025,22:00,Clear,16.5,0.0,10000.0
WS-SOUTH,06/03/2025,23:00,Cloudy,16.4,0.0,10000.0
WS-SOUTH,07/03/2025,00:00,Cloudy,15.0,0.0,10000.0
WS-SOUTH,07/03/2025,01:00,Overcast,11.7,0.0,10000.0
WS-SOUTH,07/03/2025,02:00,Cloudy,13.0,0.0,10000.0
WS-SOUTH,07/03/2025,03:00,Overcast,13.6,0.0,10000.0
WS-SOUTH,07/03/2025,04:00,Cloudy,11.4,0.0,10000.0
WS-SOUTH,07/03/2025,05:00,Clear,13.7,0.0,10000.0
WS-SOUTH,07/03/2025,06:00,Clear,13.4,0.0,10000.0
WS-SOUTH,07/03/2025,07:00,Clear,15.2,0.0,10000.0
WS-SOUTH,07/03/2025,08:00,CLEAR,17.5,0.0,10000.0
WS-SOUTH,07/03/2025,09:00,Clear,17.5,0.0,10000.0
WS-SOUTH,07/03/2025,10:00,Rain,19.0,3.0,3841.0
WS-SOUTH,07/03/2025,11:00,Clear,17.1,0.0,10000.0
WS-SOUTH,07/03/2025,12:00,Clear,21.6,0.0,10000.0
WS-SOUTH,07/03/2025,13:00,clear,20.2,0.0,10000.0
WS-SOUTH,07/03/2025,14:00,CLEAR,24.2,0.0,10000.0
WS-SOUTH,07/03/2025,15:00,clear,21.9,0.0,10000.0
WS-SOUTH,07/03/2025,16:00,Clear,22.6,0.0,10000.0
WS-SOUTH,07/03/2025,17:00,Clear,24.1,0.0,10000.0
WS-SOUTH,07/03/2025,18:00,Clear,19.5,0.0,10000.0
WS-SOUTH,07/03/2025,19:00,Rain,21.8,7.8,2425.0
WS-SOUTH,07/03/2025,20:00,Clear,19.6,0.0,10000.0
WS-SOUTH,07/03/2025,21:00,Clear,17.9,0.0,10000.0
WS-SOUTH,07/03/2025,22:00,Clear,12.5,0.0,10000.0
WS-SOUTH,07/03/2025,23:00,Clear,14.9,0.0,10000.0
WS-SOUTH,08/03/2025,00:00,CLEAR,11.9,0.0,10000.0
WS-SOUTH,08/03/2025,01:00,Clear,14.8,0.0,10000.0
WS-SOUTH,08/03/2025,02:00,Clear,12.0,0.0,10000.0
WS-SOUTH,08/03/2025,03:00,Clear,12.8,0.0,10000.0
WS-SOUTH,08/03/2025,04:00,Clear,11.5,0.0,10000.0
WS-SOUTH,08/03/2025,05:00,clear,10.5,0.0,10000.0
WS-SOUTH,08/03/2025,06:00,Cloudy,13.3,0.0,10000.0
WS-SOUTH,08/03/2025,07:00,Cloudy,15.4,0.0,10000.0
WS-SOUTH,08/03/2025,08:00,clear,17.9,0.0,10000.0
WS-SOUTH,08/03/2025,09:00,Clear,,0.0,10000.0
WS-SOUTH,08/03/2025,10:00,Clear,18.6,0.0,10000.0
WS-SOUTH,08/03/2025,11:00,Clear,21.2,0.0,10000.0
WS-SOUTH,08/03/2025,12:00,Clear,23.2,0.0,10000.0
WS-SOUTH,08/03/2025,13:00,Clear,22.7,0.0,10000.0
WS-SOUTH,08/03/2025,14:00,Clear,22.5,0.0,10000.0
WS-SOUTH,08/03/2025,15:00,Clear,23.3,0.0,10000.0
WS-SOUTH,08/03/2025,16:00,CLEAR,23.6,0.0,10000.0
WS-SOUTH,08/03/2025,17:00,Clear,22.7,0.0,10000.0
WS-SOUTH,08/03/2025,18:00,Clear,20.6,0.0,10000.0
WS-SOUTH,08/03/2025,19:00,Clear,20.3,0.0,10000.0
WS-SOUTH,08/03/2025,20:00,Clear,20.5,0.0,10000.0
WS-SOUTH,08/03/2025,21:00,Cloudy,16.8,0.0,10000.0
WS-SOUTH,08/03/2025,22:00,Cloudy,16.7,0.0,10000.0
WS-SOUTH,08/03/2025,23:00,CLEAR,16.7,0.0,10000.0
WS-SOUTH,09/03/2025,00:00,Clear,13.6,0.0,10000.0
WS-SOUTH,09/03/2025,01:00,Clear,13.3,0.0,10000.0
WS-SOUTH,09/03/2025,02:00,CLEAR,13.6,0.0,10000.0
WS-SOUTH,09/03/2025,03:00,Clear,12.6,0.0,10000.0
WS-SOUTH,09/03/2025,04:00,foggy,12.3,0.0,837.0
WS-SOUTH,09/03/2025,05:00,Fog,13.5,0.0,411.0
WS-SOUTH,09/03/2025,06:00,Clear,14.0,0.0,10000.0
WS-SOUTH,09/03/2025,07:00,clear,13.8,0.0,10000.0
WS-SOUTH,09/03/2025,08:00,rain ,16.1,6.4,3170.0
WS-SOUTH,09/03/2025,09:00,rainy,16.8,3.4,4952.0
WS-SOUTH,09/03/2025,10:00,rainy,16.5,8.0,1997.0
WS-SOUTH,09/03/2025,11:00,Clear,20.0,0.0,10000.0
WS-SOUTH,09/03/2025,12:00,Clear,20.1,0.0,10000.0
WS-SOUTH,09/03/2025,13:00,Clear,21.1,0.0,10000.0
WS-SOUTH,09/03/2025,14:00,CLEAR,21.6,0.0,10000.0
WS-SOUTH,09/03/2025,15:00,Clear,23.7,0.0,10000.0
WS-SOUTH,09/03/2025,16:00,Clear,23.2,0.0,10000.0
WS-SOUTH,09/03/2025,17:00,clear,23.1,0.0,10000.0
WS-SOUTH,09/03/2025,18:00,CLEAR,20.5,0.0,10000.0
WS-SOUTH,09/03/2025,19:00,Clear,18.5,0.0,10000.0
WS-SOUTH,09/03/2025,20:00,Clear,18.0,0.0,10000.0
WS-SOUTH,09/03/2025,21:00,Clear,15.7,0.0,10000.0
WS-SOUTH,09/03/2025,22:00,Clear,18.5,0.0,10000.0
WS-SOUTH,09/03/2025,23:00,cloudy,14.3,0.0,10000.0
WS-SOUTH,10/03/2025,00:00,Cloudy,16.4,0.0,10000.0
WS-SOUTH,10/03/2025,01:00,cloudy,11.0,0.0,10000.0
WS-SOUTH,10/03/2025,02:00,Cloudy,15.2,0.0,10000.0
WS-SOUTH,10/03/2025,03:00,Cloudy,10.5,0.0,10000.0
WS-SOUTH,10/03/2025,04:00,clear,13.4,0.0,10000.0
WS-SOUTH,10/03/2025,05:00,clear,13.2,0.0,10000.0
WS-SOUTH,10/03/2025,06:00,Clear,,0.0,10000.0
WS-SOUTH,10/03/2025,07:00,Clear,14.1,0.0,10000.0
WS-SOUTH,10/03/2025,08:00,Clear,17.1,0.0,10000.0
WS-SOUTH,10/03/2025,09:00,Cloudy,16.2,0.0,10000.0
WS-SOUTH,10/03/2025,10:00,Cloudy,18.2,0.0,10000.0
WS-SOUTH,10/03/2025,11:00,Clear,19.5,0.0,10000.0
WS-SOUTH,10/03/2025,12:00,Clear,19.7,0.0,10000.0
WS-SOUTH,10/03/2025,13:00,clear,21.3,0.0,10000.0
WS-SOUTH,10/03/2025,14:00,CLEAR,22.1,0.0,10000.0
WS-SOUTH,10/03/2025,15:00,clear,23.5,0.0,10000.0
WS-SOUTH,10/03/2025,16:00,Clear,21.6,0.0,10000.0
WS-SOUTH,10/03/2025,17:00,CLEAR,23.1,0.0,10000.0
WS-SOUTH,10/03/2025,18:00,Clear,19.1,0.0,10000.0
WS-SOUTH,10/03/2025,19:00,Clear,20.1,0.0,10000.0
WS-SOUTH,10/03/2025,20:00,Clear,18.2,0.0,10000.0
WS-SOUTH,10/03/2025,21:00,clear,17.6,0.0,10000.0
WS-SOUTH,10/03/2025,22:00,Clear,17.2,0.0,10000.0
WS-SOUTH,10/03/2025,23:00,Clear,16.2,0.0,10000.0
WS-SOUTH,11/03/2025,00:00,Clear,14.8,0.0,10000.0
WS-SOUTH,11/03/2025,01:00,CLEAR,11.4,0.0,10000.0
WS-SOUTH,11/03/2025,02:00,Cloudy,14.3,0.0,10000.0
WS-SOUTH,11/03/2025,03:00,Cloudy,12.6,0.0,10000.0
WS-SOUTH,11/03/2025,04:00,Overcast,11.8,0.0,10000.0
WS-SOUTH,11/03/2025,05:00,Cloudy,13.0,0.0,10000.0
WS-SOUTH,11/03/2025,06:00,Cloudy,15.7,0.0,10000.0
WS-SOUTH,11/03/2025,07:00,Clear,16.2,0.0,10000.0
WS-SOUTH,11/03/2025,08:00,CLEAR,15.9,0.0,10000.0
WS-SOUTH,11/03/2025,09:00,Clear,17.1,0.0,10000.0
WS-SOUTH,11/03/2025,10:00,Clear,17.2,0.0,10000.0
WS-SOUTH,11/03/2025,11:00,Clear,18.0,0.0,10000.0
WS-SOUTH,11/03/2025,12:00,Clear,21.0,0.0,10000.0
WS-SOUTH,11/03/2025,13:00,Clear,21.7,0.0,10000.0
WS-SOUTH,11/03/2025,14:00,Clear,20.6,0.0,10000.0
WS-SOUTH,11/03/2025,15:00,RAIN,21.8,1.2,4305.0
WS-SOUTH,11/03/2025,16:00,Clear,21.9,0.0,10000.0
WS-SOUTH,11/03/2025,17:00,Clear,19.7,0.0,10000.0
WS-SOUTH,11/03/2025,18:00,Clear,23.5,0.0,10000.0
WS-SOUTH,11/03/2025,19:00,Clear,20.2,0.0,10000.0
WS-SOUTH,11/03/2025,20:00,clear,20.2,0.0,10000.0
WS-SOUTH,11/03/2025,21:00,clear,17.4,0.0,10000.0
WS-SOUTH,11/03/2025,22:00,Clear,16.8,0.0,10000.0
WS-SOUTH,11/03/2025,23:00,Clear,15.4,0.0,10000.0
WS-SOUTH,12/03/2025,00:00,Clear,14.8,0.0,10000.0
WS-SOUTH,12/03/2025,01:00,clear,11.8,0.0,10000.0
WS-SOUTH,12/03/2025,02:00,Clear,12.3,0.0,10000.0
WS-SOUTH,12/03/2025,03:00,clear,15.2,0.0,10000.0
WS-SOUTH,12/03/2025,04:00,clear,12.4,0.0,10000.0
WS-SOUTH,12/03/2025,05:00,clear,14.8,0.0,10000.0
WS-SOUTH,12/03/2025,06:00,Overcast,12.9,0.0,10000.0
WS-SOUTH,12/03/2025,07:00,Cloudy,15.0,0.0,10000.0
WS-SOUTH,12/03/2025,08:00,Clear,17.9,0.0,10000.0
WS-SOUTH,12/03/2025,09:00,Clear,18.7,0.0,10000.0
WS-SOUTH,12/03/2025,10:00,clear,17.5,0.0,10000.0
WS-SOUTH,12/03/2025,11:00,Clear,21.6,0.0,10000.0
WS-SOUTH,12/03/2025,12:00,Clear,22.4,0.0,10000.0
WS-SOUTH,12/03/2025,13:00,Clear,23.0,0.0,10000.0
WS-SOUTH,12/03/2025,14:00,CLEAR,22.7,0.0,10000.0
WS-SOUTH,12/03/2025,15:00,Clear,22.1,0.0,10000.0
WS-SOUTH,12/03/2025,16:00,Clear,21.5,0.0,10000.0
WS-SOUTH,12/03/2025,17:00,Clear,21.9,0.0,10000.0
WS-SOUTH,12/03/2025,18:00,Clear,21.9,0.0,10000.0
WS-SOUTH,12/03/2025,19:00,Clear,20.4,0.0,10000.0
WS-SOUTH,12/03/2025,20:00,Clear,18.6,0.0,10000.0
WS-SOUTH,12/03/2025,21:00,Clear,17.8,0.0,10000.0
WS-SOUTH,12/03/2025,22:00,CLEAR,16.1,0.0,10000.0
WS-SOUTH,12/03/2025,23:00,Clear,13.8,0.0,10000.0
WS-SOUTH,13/03/2025,00:00,Clear,13.3,0.0,10000.0
WS-SOUTH,13/03/2025,01:00,Clear,11.4,0.0,10000.0
WS-SOUTH,13/03/2025,02:00,Clear,12.1,0.0,10000.0
WS-SOUTH,13/03/2025,03:00,Clear,14.0,0.0,10000.0
WS-SOUTH,13/03/2025,04:00,Clear,12.5,0.0,10000.0
WS-SOUTH,13/03/2025,05:00,clear,15.2,0.0,10000.0
WS-SOUTH,13/03/2025,06:00,Clear,14.3,0.0,10000.0
WS-SOUTH,13/03/2025,07:00,Clear,13.9,0.0,10000.0
WS-SOUTH,13/03/2025,08:00,clear,18.7,0.0,10000.0
WS-SOUTH,13/03/2025,09:00,clear,16.3,0.0,10000.0
WS-SOUTH,13/03/2025,10:00,Clear,18.6,0.0,10000.0
WS-SOUTH,13/03/2025,11:00,clear,18.8,0.0,10000.0
WS-SOUTH,13/03/2025,12:00,Clear,20.5,0.0,10000.0
WS-SOUTH,13/03/2025,13:00,Clear,20.3,0.0,10000.0
WS-SOUTH,13/03/2025,14:00,Clear,22.6,0.0,10000.0
WS-SOUTH,13/03/2025,15:00,CLEAR,23.4,0.0,10000.0
WS-SOUTH,13/03/2025,16:00,Clear,20.5,0.0,10000.0
WS-SOUTH,13/03/2025,17:00,Clear,24.1,0.0,10000.0
WS-SOUTH,13/03/2025,18:00,Clear,18.6,0.0,10000.0
WS-SOUTH,13/03/2025,19:00,CLEAR,20.7,0.0,10000.0
WS-SOUTH,13/03/2025,20:00,Cloudy,19.5,0.0,10000.0
WS-SOUTH,13/03/2025,21:00,RAIN,,3.1,2883.0
WS-SOUTH,13/03/2025,22:00,Rain,17.4,3.7,2758.0
WS-SOUTH,13/03/2025,23:00,CLEAR,15.8,0.0,10000.0
WS-SOUTH,14/03/2025,00:00,Clear,15.6,0.0,10000.0
WS-SOUTH,14/03/2025,01:00,Clear,11.9,0.0,10000.0
WS-SOUTH,14/03/2025,02:00,Clear,13.1,0.0,10000.0
WS-SOUTH,14/03/2025,03:00,Cloudy,13.3,0.0,10000.0
WS-SOUTH,14/03/2025,04:00,Cloudy,12.3,0.0,10000.0
WS-SOUTH,14/03/2025,05:00,cloudy,13.3,0.0,10000.0
WS-SOUTH,14/03/2025,06:00,Cloudy,12.7,0.0,10000.0
WS-SOUTH,14/03/2025,07:00,Cloudy,16.3,0.0,10000.0
WS-SOUTH,14/03/2025,08:00,cloudy,14.7,0.0,10000.0
WS-SOUTH,14/03/2025,09:00,Cloudy,15.9,0.0,10000.0
WS-SOUTH,14/03/2025,10:00,clear,17.3,0.0,10000.0
WS-SOUTH,14/03/2025,11:00,Clear,21.7,0.0,10000.0
WS-SOUTH,14/03/2025,12:00,Clear,21.0,0.0,10000.0
WS-SOUTH,14/03/2025,13:00,Clear,21.9,0.0,10000.0
WS-SOUTH,14/03/2025,14:00,Clear,22.0,0.0,10000.0
WS-SOUTH,14/03/2025,15:00,Clear,,0.0,10000.0
WS-SOUTH,14/03/2025,16:00,Clear,22.0,0.0,10000.0
WS-SOUTH,14/03/2025,17:00,Clear,21.6,0.0,10000.0
WS-SOUTH,14/03/2025,18:00,clear,21.3,0.0,10000.0
WS-SOUTH,14/03/2025,19:00,clear,20.9,0.0,10000.0
WS-SOUTH,14/03/2025,20:00,Clear,20.6,0.0,10000.0
WS-SOUTH,14/03/2025,21:00,clear,17.7,0.0,10000.0
WS-SOUTH,14/03/2025,22:00,Clear,16.2,0.0,10000.0
WS-SOUTH,14/03/2025,23:00,Clear,15.8,0.0,10000.0
WS-SOUTH,15/03/2025,00:00,Clear,12.6,0.0,10000.0
WS-SOUTH,15/03/2025,01:00,Clear,12.1,0.0,10000.0
WS-SOUTH,15/03/2025,02:00,CLEAR,13.1,0.0,10000.0
WS-SOUTH,15/03/2025,03:00,Clear,10.5,0.0,10000.0
WS-SOUTH,15/03/2025,04:00,Clear,13.0,0.0,10000.0
WS-SOUTH,15/03/2025,05:00,Clear,11.9,0.0,10000.0
WS-SOUTH,15/03/2025,06:00,clear,14.9,0.0,10000.0
WS-SOUTH,15/03/2025,07:00,Clear,17.1,0.0,10000.0
WS-SOUTH,15/03/2025,08:00,CLEAR,16.0,0.0,10000.0
WS-SOUTH,15/03/2025,09:00,Clear,19.8,0.0,10000.0
WS-SOUTH,15/03/2025,10:00,Clear,17.6,0.0,10000.0
WS-SOUTH,15/03/2025,11:00,Clear,21.8,0.0,10000.0
WS-SOUTH,15/03/2025,12:00,clear,20.4,0.0,10000.0
WS-SOUTH,15/03/2025,13:00,Clear,22.5,0.0,10000.0
WS-SOUTH,15/03/2025,14:00,clear,22.5,0.0,10000.0
WS-SOUTH,15/03/2025,15:00,Clear,25.2,0.0,10000.0
WS-SOUTH,15/03/2025,16:00,Clear,20.5,0.0,10000.0
WS-SOUTH,15/03/2025,17:00,Clear,21.0,0.0,10000.0
WS-SOUTH,15/03/2025,18:00,Clear,22.1,0.0,10000.0
WS-SOUTH,15/03/2025,19:00,Clear,22.6,0.0,10000.0
WS-SOUTH,15/03/2025,20:00,clear,19.7,0.0,10000.0
WS-SOUTH,15/03/2025,21:00,Clear,17.3,0.0,10000.0
WS-SOUTH,15/03/2025,22:00,Cloudy,15.2,0.0,10000.0
WS-SOUTH,15/03/2025,23:00,Cloudy,15.4,0.0,10000.0
WS-SOUTH,16/03/2025,00:00,Overcast,13.7,0.0,10000.0
WS-SOUTH,16/03/2025,01:00,cloudy,13.2,0.0,10000.0
WS-SOUTH,16/03/2025,02:00,Clear,14.5,0.0,10000.0
WS-SOUTH,16/03/2025,03:00,Clear,11.8,0.0,10000.0
WS-SOUTH,16/03/2025,04:00,Rain,12.2,7.5,2161.0
WS-SOUTH,16/03/2025,05:00,RAIN,11.9,2.0,2484.0
WS-SOUTH,16/03/2025,06:00,Rain,13.3,1.1,2041.0
WS-SOUTH,16/03/2025,07:00,rain ,14.4,1.3,3945.0
WS-SOUTH,16/03/2025,08:00,Rain,15.8,7.9,2443.0
WS-SOUTH,16/03/2025,09:00,Clear,18.4,0.0,10000.0
WS-SOUTH,16/03/2025,10:00,Clear,18.8,0.0,10000.0
WS-SOUTH,16/03/2025,11:00,Clear,21.1,0.0,10000.0
WS-SOUTH,16/03/2025,12:00,CLEAR,21.7,0.0,10000.0
WS-SOUTH,16/03/2025,13:00,Clear,25.5,0.0,10000.0
WS-SOUTH,16/03/2025,14:00,Clear,24.1,0.0,10000.0
WS-SOUTH,16/03/2025,15:00,Clear,22.2,0.0,10000.0
WS-SOUTH,16/03/2025,16:00,Clear,21.1,0.0,10000.0
WS-SOUTH,16/03/2025,17:00,Clear,21.4,0.0,10000.0
WS-SOUTH,16/03/2025,18:00,Clear,21.9,0.0,10000.0
WS-SOUTH,16/03/2025,19:00,cloudy,18.6,0.0,10000.0
WS-SOUTH,16/03/2025,20:00,Overcast,20.0,0.0,10000.0
WS-SOUTH,16/03/2025,21:00,Overcast,15.3,0.0,10000.0
WS-SOUTH,16/03/2025,22:00,Cloudy,14.5,0.0,10000.0
WS-SOUTH,16/03/2025,23:00,Cloudy,15.5,0.0,10000.0
WS-SOUTH,17/03/2025,00:00,clear,14.4,0.0,10000.0
WS-SOUTH,17/03/2025,01:00,Clear,15.7,0.0,10000.0
WS-SOUTH,17/03/2025,02:00,Clear,14.0,0.0,10000.0
WS-SOUTH,17/03/2025,03:00,Clear,13.4,0.0,10000.0
WS-SOUTH,17/03/2025,04:00,Clear,13.3,0.0,10000.0
WS-SOUTH,17/03/2025,05:00,Cloudy,14.7,0.0,10000.0
WS-SOUTH,17/03/2025,06:00,Cloudy,11.4,0.0,10000.0
WS-SOUTH,17/03/2025,07:00,Cloudy,15.5,0.0,10000.0
WS-SOUTH,17/03/2025,08:00,Cloudy,17.0,0.0,10000.0
WS-SOUTH,17/03/2025,09:00,Cloudy,17.7,0.0,10000.0
WS-SOUTH,17/03/2025,10:00,Clear,19.8,0.0,10000.0
WS-SOUTH,17/03/2025,11:00,Clear,22.0,0.0,10000.0
WS-SOUTH,17/03/2025,12:00,Cloudy,22.5,0.0,10000.0
WS-SOUTH,17/03/2025,13:00,Cloudy,21.5,0.0,10000.0
WS-SOUTH,17/03/2025,14:00,Cloudy,22.7,0.0,10000.0
WS-SOUTH,17/03/2025,15:00,Cloudy,22.9,0.0,10000.0
WS-SOUTH,17/03/2025,16:00,CLEAR,22.5,0.0,10000.0
WS-SOUTH,17/03/2025,17:00,clear,,0.0,10000.0
WS-SOUTH,17/03/2025,18:00,CLEAR,20.4,0.0,10000.0
WS-SOUTH,17/03/2025,19:00,Clear,21.6,0.0,10000.0
WS-SOUTH,17/03/2025,20:00,Clear,21.2,0.0,10000.0
WS-SOUTH,17/03/2025,21:00,Clear,17.8,0.0,10000.0
WS-SOUTH,17/03/2025,22:00,Clear,15.7,0.0,10000.0
WS-SOUTH,17/03/2025,23:00,Clear,15.5,0.0,10000.0
WS-SOUTH,18/03/2025,00:00,Clear,15.6,0.0,10000.0
WS-SOUTH,18/03/2025,01:00,Clear,14.3,0.0,10000.0
WS-SOUTH,18/03/2025,02:00,Clear,15.1,0.0,10000.0
WS-SOUTH,18/03/2025,03:00,Clear,12.1,0.0,10000.0
WS-SOUTH,18/03/2025,04:00,Clear,12.5,0.0,10000.0
WS-SOUTH,18/03/2025,05:00,Clear,,0.0,10000.0
WS-SOUTH,18/03/2025,06:00,Clear,14.1,0.0,10000.0
WS-SOUTH,18/03/2025,07:00,Clear,16.6,0.0,10000.0
WS-SOUTH,18/03/2025,08:00,CLEAR,15.5,0.0,10000.0
WS-SOUTH,18/03/2025,09:00,Clear,17.5,0.0,10000.0
WS-SOUTH,18/03/2025,10:00,clear,20.4,0.0,10000.0
WS-SOUTH,18/03/2025,11:00,CLEAR,21.0,0.0,10000.0
WS-SOUTH,18/03/2025,12:00,Clear,24.0,0.0,10000.0
WS-SOUTH,18/03/2025,13:00,Clear,20.4,0.0,10000.0
WS-SOUTH,18/03/2025,14:00,clear,23.2,0.0,10000.0
WS-SOUTH,18/03/2025,15:00,Clear,22.8,0.0,10000.0
WS-SOUTH,18/03/2025,16:00,CLEAR,24.2,0.0,10000.0
WS-SOUTH,18/03/2025,17:00,Cloudy,22.8,0.0,10000.0
WS-SOUTH,18/03/2025,18:00,cloudy,20.9,0.0,10000.0
WS-SOUTH,18/03/2025,19:00,Clear,22.5,0.0,10000.0
WS-SOUTH,18/03/2025,20:00,Clear,18.9,0.0,10000.0
WS-SOUTH,18/03/2025,21:00,Clear,16.9,0.0,10000.0
WS-SOUTH,18/03/2025,22:00,Clear,17.1,0.0,10000.0
WS-SOUTH,18/03/2025,23:00,clear,15.0,0.0,10000.0
WS-SOUTH,19/03/2025,00:00,clear,17.0,0.0,10000.0
WS-SOUTH,19/03/2025,01:00,Clear,14.0,0.0,
WS-SOUTH,19/03/2025,02:00,Clear,13.1,0.0,10000.0
WS-SOUTH,19/03/2025,03:00,CLEAR,11.4,0.0,10000.0
WS-SOUTH,19/03/2025,04:00,Clear,13.1,0.0,10000.0
WS-SOUTH,19/03/2025,05:00,Cloudy,13.6,0.0,10000.0
WS-SOUTH,19/03/2025,06:00,Rain,16.9,3.1,2960.0
WS-SOUTH,19/03/2025,07:00,rain ,15.8,6.9,4400.0
WS-SOUTH,19/03/2025,08:00,Cloudy,16.4,0.0,10000.0
WS-SOUTH,19/03/2025,09:00,Cloudy,18.8,0.0,10000.0
WS-SOUTH,19/03/2025,10:00,Cloudy,20.5,0.0,10000.0
WS-SOUTH,19/03/2025,11:00,Cloudy,23.9,0.0,10000.0
WS-SOUTH,19/03/2025,12:00,clear,22.1,0.0,10000.0
WS-SOUTH,19/03/2025,13:00,Cloudy,21.0,0.0,10000.0
WS-SOUTH,19/03/2025,14:00,Cloudy,22.2,0.0,10000.0
WS-SOUTH,19/03/2025,15:00,Cloudy,21.9,0.0,10000.0
WS-SOUTH,19/03/2025,16:00,Cloudy,23.3,0.0,10000.0
WS-SOUTH,19/03/2025,17:00,Cloudy,21.4,0.0,10000.0
WS-SOUTH,19/03/2025,18:00,Clear,22.0,0.0,10000.0
WS-SOUTH,19/03/2025,19:00,Clear,21.7,0.0,10000.0
WS-SOUTH,19/03/2025,20:00,Clear,19.0,0.0,10000.0
WS-SOUTH,19/03/2025,21:00,CLEAR,16.4,0.0,10000.0
WS-SOUTH,19/03/2025,22:00,Clear,15.3,0.0,10000.0
WS-SOUTH,19/03/2025,23:00,Clear,15.3,0.0,10000.0
WS-SOUTH,20/03/2025,00:00,Cloudy,13.8,0.0,10000.0
WS-SOUTH,20/03/2025,01:00,Overcast,13.9,0.0,10000.0
WS-SOUTH,20/03/2025,02:00,Cloudy,13.6,0.0,10000.0
WS-SOUTH,20/03/2025,03:00,cloudy,12.7,0.0,10000.0
WS-SOUTH,20/03/2025,04:00,cloudy,13.6,0.0,10000.0
WS-SOUTH,20/03/2025,05:00,Cloudy,13.9,0.0,10000.0
WS-SOUTH,20/03/2025,06:00,cloudy,12.5,0.0,10000.0
WS-SOUTH,20/03/2025,07:00,Clear,14.1,0.0,10000.0
WS-SOUTH,20/03/2025,08:00,Clear,16.6,0.0,10000.0
WS-SOUTH,20/03/2025,09:00,Clear,17.4,0.0,10000.0
WS-SOUTH,20/03/2025,10:00,clear,18.4,0.0,10000.0
WS-SOUTH,20/03/2025,11:00,Clear,23.9,0.0,10000.0
WS-SOUTH,20/03/2025,12:00,clear,22.3,0.0,10000.0
WS-SOUTH,20/03/2025,13:00,Cloudy,23.7,0.0,10000.0
WS-SOUTH,20/03/2025,14:00,Cloudy,24.7,0.0,10000.0
WS-SOUTH,20/03/2025,15:00,Cloudy,23.5,0.0,10000.0
WS-SOUTH,20/03/2025,16:00,Cloudy,24.8,0.0,10000.0
WS-SOUTH,20/03/2025,17:00,Rain,23.3,8.3,1904.0
WS-SOUTH,20/03/2025,18:00,Rain,20.0,1.2,2160.0
WS-SOUTH,20/03/2025,19:00,Rain,21.3,7.2,3476.0
WS-SOUTH,20/03/2025,20:00,Clear,19.7,0.0,10000.0
WS-SOUTH,20/03/2025,21:00,Clear,16.0,0.0,10000.0
WS-SOUTH,20/03/2025,22:00,CLEAR,15.5,0.0,10000.0
WS-SOUTH,20/03/2025,23:00,Clear,16.8,0.0,10000.0
WS-SOUTH,21/03/2025,00:00,Clear,13.8,0.0,10000.0
WS-SOUTH,21/03/2025,01:00,clear,11.1,0.0,10000.0
WS-SOUTH,21/03/2025,02:00,Clear,12.4,0.0,10000.0
WS-SOUTH,21/03/2025,03:00,Clear,13.0,0.0,10000.0
WS-SOUTH,21/03/2025,04:00,Clear,12.0,0.0,10000.0
WS-SOUTH,21/03/2025,05:00,clear,15.6,0.0,10000.0
WS-SOUTH,21/03/2025,06:00,Clear,15.0,0.0,10000.0
WS-SOUTH,21/03/2025,07:00,Clear,16.2,0.0,10000.0
WS-SOUTH,21/03/2025,08:00,Clear,16.9,0.0,10000.0
WS-SOUTH,21/03/2025,09:00,Cloudy,19.6,0.0,10000.0
WS-SOUTH,21/03/2025,10:00,cloudy,21.4,0.0,10000.0
WS-SOUTH,21/03/2025,11:00,Cloudy,19.7,0.0,10000.0
WS-SOUTH,21/03/2025,12:00,Cloudy,20.7,0.0,10000.0
WS-SOUTH,21/03/2025,13:00,Cloudy,22.8,0.0,10000.0
WS-SOUTH,21/03/2025,14:00,Cloudy,20.8,0.0,10000.0
WS-SOUTH,21/03/2025,15:00,cloudy,23.3,0.0,10000.0
WS-SOUTH,21/03/2025,16:00,Clear,23.2,0.0,10000.0
WS-SOUTH,21/03/2025,17:00,CLEAR,23.1,0.0,10000.0
WS-SOUTH,21/03/2025,18:00,Clear,22.7,0.0,10000.0
WS-SOUTH,21/03/2025,19:00,Clear,21.3,0.0,
WS-SOUTH,21/03/2025,20:00,Clear,19.6,0.0,10000.0
WS-SOUTH,21/03/2025,21:00,Clear,18.8,0.0,10000.0
WS-SOUTH,21/03/2025,22:00,Clear,17.5,0.0,10000.0
WS-SOUTH,21/03/2025,23:00,Clear,14.8,0.0,10000.0
WS-SOUTH,22/03/2025,00:00,Clear,13.9,0.0,10000.0
WS-SOUTH,22/03/2025,01:00,clear,14.3,0.0,10000.0
WS-SOUTH,22/03/2025,02:00,Clear,15.0,0.0,10000.0
WS-SOUTH,22/03/2025,03:00,Clear,12.7,0.0,10000.0
WS-SOUTH,22/03/2025,04:00,Clear,13.3,0.0,10000.0
WS-SOUTH,22/03/2025,05:00,clear,13.4,0.0,10000.0
WS-SOUTH,22/03/2025,06:00,Clear,13.4,0.0,10000.0
WS-SOUTH,22/03/2025,07:00,Clear,17.5,0.0,10000.0
WS-SOUTH,22/03/2025,08:00,Cloudy,19.0,0.0,10000.0
WS-SOUTH,22/03/2025,09:00,Cloudy,16.4,0.0,10000.0
WS-SOUTH,22/03/2025,10:00,cloudy,18.0,0.0,10000.0
WS-SOUTH,22/03/2025,11:00,Cloudy,20.4,0.0,10000.0
WS-SOUTH,22/03/2025,12:00,Cloudy,22.8,0.0,10000.0
WS-SOUTH,22/03/2025,13:00,Cloudy,21.9,0.0,10000.0
WS-SOUTH,22/03/2025,14:00,CLEAR,22.5,0.0,10000.0
WS-SOUTH,22/03/2025,15:00,CLEAR,23.4,0.0,10000.0
WS-SOUTH,22/03/2025,16:00,clear,21.3,0.0,10000.0
WS-SOUTH,22/03/2025,17:00,Clear,22.9,0.0,10000.0
WS-SOUTH,22/03/2025,18:00,Clear,22.8,0.0,10000.0
WS-SOUTH,22/03/2025,19:00,CLEAR,19.4,0.0,10000.0
WS-SOUTH,22/03/2025,20:00,CLEAR,21.0,0.0,10000.0
WS-SOUTH,22/03/2025,21:00,Clear,17.8,0.0,10000.0
WS-SOUTH,22/03/2025,22:00,Clear,15.1,0.0,10000.0
WS-SOUTH,22/03/2025,23:00,Clear,16.6,0.0,10000.0
WS-SOUTH,23/03/2025,00:00,Clear,,0.0,10000.0
WS-SOUTH,23/03/2025,01:00,Clear,13.6,0.0,10000.0
WS-SOUTH,23/03/2025,02:00,clear,13.2,0.0,10000.0
WS-SOUTH,23/03/2025,03:00,clear,13.6,0.0,10000.0
WS-SOUTH,23/03/2025,04:00,clear,12.0,0.0,10000.0
WS-SOUTH,23/03/2025,05:00,Clear,12.4,0.0,10000.0
WS-SOUTH,23/03/2025,06:00,Clear,17.5,0.0,10000.0
WS-SOUTH,23/03/2025,07:00,CLEAR,17.6,0.0,10000.0
WS-SOUTH,23/03/2025,08:00,cloudy,17.1,0.0,10000.0
WS-SOUTH,23/03/2025,09:00,Cloudy,16.1,0.0,10000.0
WS-SOUTH,23/03/2025,10:00,Cloudy,20.9,0.0,10000.0
WS-SOUTH,23/03/2025,11:00,CLEAR,20.7,0.0,10000.0
WS-SOUTH,23/03/2025,12:00,Clear,23.2,0.0,10000.0
WS-SOUTH,23/03/2025,13:00,Clear,24.3,0.0,10000.0
WS-SOUTH,23/03/2025,14:00,CLEAR,23.6,0.0,10000.0
WS-SOUTH,23/03/2025,15:00,CLEAR,22.1,0.0,10000.0
WS-SOUTH,23/03/2025,16:00,Clear,23.4,0.0,10000.0
WS-SOUTH,23/03/2025,17:00,Clear,22.4,0.0,10000.0
WS-SOUTH,23/03/2025,18:00,Clear,20.3,0.0,10000.0
WS-SOUTH,23/03/2025,19:00,Clear,19.8,0.0,10000.0
WS-SOUTH,23/03/2025,20:00,Clear,20.9,0.0,10000.0
WS-SOUTH,23/03/2025,21:00,Clear,17.6,0.0,10000.0
WS-SOUTH,23/03/2025,22:00,Clear,18.7,0.0,10000.0
WS-SOUTH,23/03/2025,23:00,Clear,18.5,0.0,10000.0
WS-SOUTH,24/03/2025,00:00,Clear,16.8,0.0,10000.0
WS-SOUTH,24/03/2025,01:00,CLEAR,15.7,0.0,10000.0
WS-SOUTH,24/03/2025,02:00,Clear,12.9,0.0,10000.0
WS-SOUTH,24/03/2025,03:00,Clear,14.8,0.0,10000.0
WS-SOUTH,24/03/2025,04:00,Clear,12.7,0.0,10000.0
WS-SOUTH,24/03/2025,05:00,Clear,15.9,0.0,10000.0
WS-SOUTH,24/03/2025,06:00,Clear,13.8,0.0,10000.0
WS-SOUTH,24/03/2025,07:00,Clear,14.8,0.0,10000.0
WS-SOUTH,24/03/2025,08:00,cloudy,18.0,0.0,10000.0
WS-SOUTH,24/03/2025,09:00,Cloudy,20.6,0.0,10000.0
WS-SOUTH,24/03/2025,10:00,Overcast,20.9,0.0,10000.0
WS-SOUTH,24/03/2025,11:00,Cloudy,20.6,0.0,10000.0
WS-SOUTH,24/03/2025,12:00,Cloudy,21.7,0.0,10000.0
WS-SOUTH,24/03/2025,13:00,Clear,22.2,0.0,10000.0
WS-SOUTH,24/03/2025,14:00,Clear,24.9,0.0,10000.0
WS-SOUTH,24/03/2025,15:00,Clear,22.5,0.0,10000.0
WS-SOUTH,24/03/2025,16:00,Clear,22.5,0.0,10000.0
WS-SOUTH,24/03/2025,17:00,Cloudy,22.7,0.0,10000.0
WS-SOUTH,24/03/2025,18:00,cloudy,20.2,0.0,10000.0
WS-SOUTH,24/03/2025,19:00,Clear,20.4,0.0,10000.0
WS-SOUTH,24/03/2025,20:00,clear,20.8,0.0,10000.0
WS-SOUTH,24/03/2025,21:00,Clear,18.0,0.0,10000.0
WS-SOUTH,24/03/2025,22:00,clear,,0.0,10000.0
WS-SOUTH,24/03/2025,23:00,clear,13.8,0.0,10000.0
WS-SOUTH,25/03/2025,00:00,Clear,16.1,0.0,10000.0
WS-SOUTH,25/03/2025,01:00,Clear,13.5,0.0,10000.0
WS-SOUTH,25/03/2025,02:00,Cloudy,11.0,0.0,10000.0
WS-SOUTH,25/03/2025,03:00,cloudy,14.3,0.0,10000.0
WS-SOUTH,25/03/2025,04:00,Cloudy,15.5,0.0,10000.0
WS-SOUTH,25/03/2025,05:00,Cloudy,14.3,0.0,10000.0
WS-SOUTH,25/03/2025,06:00,cloudy,14.0,0.0,10000.0
WS-SOUTH,25/03/2025,07:00,Cloudy,16.1,0.0,10000.0
WS-SOUTH,25/03/2025,08:00,Cloudy,17.1,0.0,10000.0
WS-SOUTH,25/03/2025,09:00,Clear,19.5,0.0,10000.0
WS-SOUTH,25/03/2025,10:00,CLEAR,21.0,0.0,10000.0
WS-SOUTH,25/03/2025,11:00,CLEAR,20.2,0.0,10000.0
WS-SOUTH,25/03/2025,12:00,Clear,19.9,0.0,10000.0
WS-SOUTH,25/03/2025,13:00,Clear,22.7,0.0,10000.0
WS-SOUTH,25/03/2025,14:00,Clear,23.0,0.0,10000.0
WS-SOUTH,25/03/2025,15:00,Clear,23.6,0.0,10000.0
WS-SOUTH,25/03/2025,16:00,clear,23.0,0.0,10000.0
WS-SOUTH,25/03/2025,17:00,Clear,25.5,0.0,10000.0
WS-SOUTH,25/03/2025,18:00,Clear,21.4,0.0,10000.0
WS-SOUTH,25/03/2025,19:00,Clear,21.6,0.0,10000.0
WS-SOUTH,25/03/2025,20:00,Clear,17.5,0.0,10000.0
WS-SOUTH,25/03/2025,21:00,clear,18.3,0.0,10000.0
WS-SOUTH,25/03/2025,22:00,Cloudy,18.4,0.0,10000.0
WS-SOUTH,25/03/2025,23:00,Cloudy,14.6,0.0,10000.0
WS-SOUTH,26/03/2025,00:00,Cloudy,13.8,0.0,10000.0
WS-SOUTH,26/03/2025,01:00,Clear,14.1,0.0,10000.0
WS-SOUTH,26/03/2025,02:00,CLEAR,14.4,0.0,10000.0
WS-SOUTH,26/03/2025,03:00,Clear,13.2,0.0,10000.0
WS-SOUTH,26/03/2025,04:00,CLEAR,11.8,0.0,10000.0
WS-SOUTH,26/03/2025,05:00,clear,14.4,0.0,10000.0
WS-SOUTH,26/03/2025,06:00,clear,14.4,0.0,10000.0
WS-SOUTH,26/03/2025,07:00,Clear,16.5,0.0,10000.0
WS-SOUTH,26/03/2025,08:00,Clear,17.7,0.0,
WS-SOUTH,26/03/2025,09:00,Clear,18.5,0.0,10000.0
WS-SOUTH,26/03/2025,10:00,Clear,20.0,0.0,10000.0
WS-SOUTH,26/03/2025,11:00,Clear,21.2,0.0,10000.0
WS-SOUTH,26/03/2025,12:00,Clear,21.0,0.0,10000.0
WS-SOUTH,26/03/2025,13:00,Clear,23.0,0.0,10000.0
WS-SOUTH,26/03/2025,14:00,clear,23.5,0.0,10000.0
WS-SOUTH,26/03/2025,15:00,Clear,22.3,0.0,10000.0
WS-SOUTH,26/03/2025,16:00,Clear,23.5,0.0,10000.0
WS-SOUTH,26/03/2025,17:00,Clear,21.0,0.0,10000.0
WS-SOUTH,26/03/2025,18:00,clear,23.9,0.0,10000.0
WS-SOUTH,26/03/2025,19:00,Clear,22.4,0.0,10000.0
WS-SOUTH,26/03/2025,20:00,clear,18.2,0.0,10000.0
WS-SOUTH,26/03/2025,21:00,clear,19.6,0.0,10000.0
WS-SOUTH,26/03/2025,22:00,clear,15.6,0.0,10000.0
WS-SOUTH,26/03/2025,23:00,clear,16.5,0.0,10000.0
WS-SOUTH,27/03/2025,00:00,Clear,13.8,0.0,10000.0
WS-SOUTH,27/03/2025,01:00,CLEAR,12.9,0.0,10000.0
WS-SOUTH,27/03/2025,02:00,Clear,12.7,0.0,10000.0
WS-SOUTH,27/03/2025,03:00,clear,15.2,0.0,10000.0
WS-SOUTH,27/03/2025,04:00,Clear,14.5,0.0,10000.0
WS-SOUTH,27/03/2025,05:00,clear,14.7,0.0,10000.0
WS-SOUTH,27/03/2025,06:00,Clear,13.7,0.0,10000.0
WS-SOUTH,27/03/2025,07:00,Clear,16.6,0.0,10000.0
WS-SOUTH,27/03/2025,08:00,Clear,15.7,0.0,10000.0
WS-SOUTH,27/03/2025,09:00,Clear,18.7,0.0,10000.0
WS-SOUTH,27/03/2025,10:00,Clear,21.0,0.0,10000.0
WS-SOUTH,27/03/2025,11:00,Cloudy,19.1,0.0,10000.0
WS-SOUTH,27/03/2025,12:00,Cloudy,22.0,0.0,10000.0
WS-SOUTH,27/03/2025,13:00,Cloudy,21.2,0.0,10000.0
WS-SOUTH,27/03/2025,14:00,Cloudy,21.6,0.0,10000.0
WS-SOUTH,27/03/2025,15:00,Cloudy,22.4,0.0,10000.0
WS-SOUTH,27/03/2025,16:00,Cloudy,22.6,0.0,10000.0
WS-SOUTH,27/03/2025,17:00,Overcast,24.6,0.0,10000.0
WS-SOUTH,27/03/2025,18:00,Clear,21.3,0.0,10000.0
WS-SOUTH,27/03/2025,19:00,Clear,21.5,0.0,10000.0
WS-SOUTH,27/03/2025,20:00,Clear,18.0,0.0,10000.0
WS-SOUTH,27/03/2025,21:00,clear,18.3,0.0,10000.0
WS-SOUTH,27/03/2025,22:00,Clear,18.0,0.0,10000.0
WS-SOUTH,27/03/2025,23:00,clear,15.0,0.0,10000.0
WS-SOUTH,28/03/2025,00:00,Clear,13.9,0.0,10000.0
WS-SOUTH,28/03/2025,01:00,Clear,15.8,0.0,10000.0
WS-SOUTH,28/03/2025,02:00,Clear,14.5,0.0,10000.0
WS-SOUTH,28/03/2025,03:00,clear,13.2,0.0,10000.0
WS-SOUTH,28/03/2025,04:00,Clear,13.9,0.0,10000.0
WS-SOUTH,28/03/2025,05:00,Clear,15.9,0.0,10000.0
WS-SOUTH,28/03/2025,06:00,Clear,16.5,0.0,10000.0
WS-SOUTH,28/03/2025,07:00,Clear,18.0,0.0,10000.0
WS-SOUTH,28/03/2025,08:00,Clear,17.9,0.0,10000.0
WS-SOUTH,28/03/2025,09:00,clear,16.5,0.0,10000.0
WS-SOUTH,28/03/2025,10:00,clear,19.8,0.0,10000.0
WS-SOUTH,28/03/2025,11:00,Cloudy,19.4,0.0,10000.0
WS-SOUTH,28/03/2025,12:00,Cloudy,22.3,0.0,10000.0
WS-SOUTH,28/03/2025,13:00,Cloudy,22.5,0.0,10000.0
WS-SOUTH,28/03/2025,14:00,Clear,22.7,0.0,10000.0
WS-SOUTH,28/03/2025,15:00,clear,23.4,0.0,10000.0
WS-SOUTH,28/03/2025,16:00,Clear,23.1,0.0,10000.0
WS-SOUTH,28/03/2025,17:00,Clear,21.9,0.0,10000.0
WS-SOUTH,28/03/2025,18:00,Clear,21.1,0.0,10000.0
WS-SOUTH,28/03/2025,19:00,Clear,21.4,0.0,10000.0
WS-SOUTH,28/03/2025,20:00,Clear,18.8,0.0,10000.0
WS-SOUTH,28/03/2025,21:00,CLEAR,20.8,0.0,10000.0
WS-SOUTH,28/03/2025,22:00,clear,18.8,0.0,10000.0
WS-SOUTH,28/03/2025,23:00,CLEAR,15.2,0.0,10000.0
WS-SOUTH,29/03/2025,00:00,Clear,13.9,0.0,10000.0
WS-SOUTH,29/03/2025,01:00,CLEAR,13.5,0.0,10000.0
WS-SOUTH,29/03/2025,02:00,Clear,13.6,0.0,
WS-SOUTH,29/03/2025,03:00,Rain,14.4,3.0,3571.0
WS-SOUTH,29/03/2025,04:00,Rain,13.8,2.0,2352.0
WS-SOUTH,29/03/2025,05:00,Rain,13.5,5.5,4967.0
WS-SOUTH,29/03/2025,06:00,Rain,16.0,4.8,4231.0
WS-SOUTH,29/03/2025,07:00,CLEAR,13.2,0.0,10000.0
WS-SOUTH,29/03/2025,08:00,Clear,16.8,0.0,10000.0
WS-SOUTH,29/03/2025,09:00,clear,20.2,0.0,10000.0
WS-SOUTH,29/03/2025,10:00,CLEAR,19.3,0.0,10000.0
WS-SOUTH,29/03/2025,11:00,clear,19.5,0.0,10000.0
WS-SOUTH,29/03/2025,12:00,CLEAR,21.9,0.0,10000.0
WS-SOUTH,29/03/2025,13:00,clear,23.5,0.0,10000.0
WS-SOUTH,29/03/2025,14:00,Clear,23.7,0.0,10000.0
WS-SOUTH,29/03/2025,15:00,Clear,23.4,0.0,10000.0
WS-SOUTH,29/03/2025,16:00,Cloudy,22.4,0.0,10000.0
WS-SOUTH,29/03/2025,17:00,Cloudy,20.2,0.0,10000.0
WS-SOUTH,29/03/2025,18:00,Overcast,22.0,0.0,10000.0
WS-SOUTH,29/03/2025,19:00,Cloudy,22.7,0.0,10000.0
WS-SOUTH,29/03/2025,20:00,Cloudy,17.8,0.0,10000.0
WS-SOUTH,29/03/2025,21:00,Clear,17.5,0.0,10000.0
WS-SOUTH,29/03/2025,22:00,clear,,0.0,10000.0
WS-SOUTH,29/03/2025,23:00,clear,16.9,0.0,10000.0
WS-SOUTH,30/03/2025,00:00,CLEAR,14.0,0.0,10000.0
WS-SOUTH,30/03/2025,01:00,CLEAR,14.0,0.0,10000.0
WS-SOUTH,30/03/2025,02:00,Clear,13.8,0.0,10000.0
WS-SOUTH,30/03/2025,03:00,Clear,11.7,0.0,10000.0
WS-SOUTH,30/03/2025,04:00,Clear,14.5,0.0,10000.0
WS-SOUTH,30/03/2025,05:00,Clear,14.1,0.0,10000.0
WS-SOUTH,30/03/2025,06:00,Clear,13.3,0.0,10000.0
WS-SOUTH,30/03/2025,07:00,Clear,17.0,0.0,10000.0
WS-SOUTH,30/03/2025,08:00,Clear,13.9,0.0,10000.0
WS-SOUTH,30/03/2025,09:00,Clear,19.3,0.0,10000.0
WS-SOUTH,30/03/2025,10:00,Clear,19.9,0.0,10000.0
WS-SOUTH,30/03/2025,11:00,Clear,21.1,0.0,10000.0
WS-SOUTH,30/03/2025,12:00,Clear,22.6,0.0,10000.0
WS-SOUTH,30/03/2025,13:00,CLEAR,25.2,0.0,10000.0
WS-SOUTH,30/03/2025,14:00,Clear,25.3,0.0,10000.0
WS-SOUTH,30/03/2025,15:00,Clear,23.1,0.0,10000.0
WS-SOUTH,30/03/2025,16:00,CLEAR,21.6,0.0,10000.0
WS-SOUTH,30/03/2025,17:00,Clear,22.0,0.0,10000.0
WS-SOUTH,30/03/2025,18:00,clear,22.8,0.0,10000.0
WS-SOUTH,30/03/2025,19:00,Clear,21.9,0.0,10000.0
WS-SOUTH,30/03/2025,20:00,clear,20.6,0.0,10000.0
WS-SOUTH,30/03/2025,21:00,Clear,16.7,0.0,10000.0
WS-SOUTH,30/03/2025,22:00,clear,18.0,0.0,10000.0
WS-SOUTH,30/03/2025,23:00,Clear,14.4,0.0,10000.0
WS-SOUTH,31/03/2025,00:00,Cloudy,16.6,0.0,10000.0
WS-SOUTH,31/03/2025,01:00,Overcast,13.7,0.0,10000.0
WS-SOUTH,31/03/2025,02:00,Cloudy,14.3,0.0,10000.0
WS-SOUTH,31/03/2025,03:00,Clear,12.6,0.0,10000.0
WS-SOUTH,31/03/2025,04:00,CLEAR,14.9,0.0,10000.0
WS-SOUTH,31/03/2025,05:00,Clear,13.6,0.0,10000.0
WS-SOUTH,31/03/2025,06:00,Clear,13.9,0.0,10000.0
WS-SOUTH,31/03/2025,07:00,Clear,17.7,0.0,10000.0
WS-SOUTH,31/03/2025,08:00,clear,18.2,0.0,10000.0
WS-SOUTH,31/03/2025,09:00,CLEAR,18.3,0.0,10000.0
WS-SOUTH,31/03/2025,10:00,Clear,19.5,0.0,10000.0
WS-SOUTH,31/03/2025,11:00,clear,22.8,0.0,10000.0
WS-SOUTH,31/03/2025,12:00,CLEAR,23.6,0.0,10000.0
WS-SOUTH,31/03/2025,13:00,Clear,23.8,0.0,10000.0
WS-SOUTH,31/03/2025,14:00,CLEAR,24.9,0.0,10000.0
WS-SOUTH,31/03/2025,15:00,Clear,24.5,0.0,10000.0
WS-SOUTH,31/03/2025,16:00,CLEAR,19.8,0.0,10000.0
WS-SOUTH,31/03/2025,17:00,CLEAR,24.0,0.0,10000.0
WS-SOUTH,31/03/2025,18:00,Clear,22.9,0.0,10000.0
WS-SOUTH,31/03/2025,19:00,Clear,19.9,0.0,10000.0
WS-SOUTH,31/03/2025,20:00,Clear,20.0,0.0,10000.0
WS-SOUTH,31/03/2025,21:00,Clear,19.5,0.0,10000.0
WS-SOUTH,31/03/2025,22:00,Clear,20.2,0.0,10000.0
WS-SOUTH,31/03/2025,23:00,Clear,16.7,0.0,10000.0
WS-SOUTH,01/04/2025,00:00,Clear,15.6,0.0,10000.0
WS-SOUTH,01/04/2025,01:00,Clear,13.5,0.0,10000.0
WS-SOUTH,01/04/2025,02:00,Clear,14.9,0.0,10000.0
WS-SOUTH,01/04/2025,03:00,Clear,12.9,0.0,10000.0
WS-SOUTH,01/04/2025,04:00,Clear,14.9,0.0,10000.0
WS-SOUTH,01/04/2025,05:00,Clear,15.2,0.0,10000.0
WS-SOUTH,01/04/2025,06:00,Rain,14.0,7.3,4461.0
WS-SOUTH,01/04/2025,07:00,rainy,15.8,3.6,3242.0
WS-SOUTH,01/04/2025,08:00,Clear,18.1,0.0,10000.0
WS-SOUTH,01/04/2025,09:00,clear,17.8,0.0,10000.0
WS-SOUTH,01/04/2025,10:00,Clear,17.5,0.0,10000.0
WS-SOUTH,01/04/2025,11:00,clear,19.9,0.0,10000.0
WS-SOUTH,01/04/2025,12:00,Clear,22.2,0.0,10000.0
WS-SOUTH,01/04/2025,13:00,Overcast,22.5,0.0,10000.0
WS-SOUTH,01/04/2025,14:00,Cloudy,25.4,0.0,10000.0
WS-SOUTH,01/04/2025,15:00,Clear,24.0,0.0,10000.0
WS-SOUTH,01/04/2025,16:00,Clear,23.4,0.0,10000.0
WS-SOUTH,01/04/2025,17:00,Clear,23.8,0.0,10000.0
WS-SOUTH,01/04/2025,18:00,Clear,21.0,0.0,10000.0
WS-SOUTH,01/04/2025,19:00,Clear,20.7,0.0,10000.0
WS-SOUTH,01/04/2025,20:00,clear,19.7,0.0,10000.0
WS-SOUTH,01/04/2025,21:00,Rain,17.6,4.9,4551.0
WS-SOUTH,01/04/2025,22:00,Rain,18.7,3.2,3909.0
WS-SOUTH,01/04/2025,23:00,Rain,,4.1,4948.0
WS-SOUTH,02/04/2025,00:00,Rain,17.1,3.8,2851.0
WS-SOUTH,02/04/2025,01:00,Clear,15.2,0.0,10000.0
WS-SOUTH,02/04/2025,02:00,Clear,14.0,0.0,10000.0
WS-SOUTH,02/04/2025,03:00,clear,15.9,0.0,10000.0
WS-SOUTH,02/04/2025,04:00,Clear,13.5,0.0,10000.0
WS-SOUTH,02/04/2025,05:00,Clear,13.8,0.0,10000.0
WS-SOUTH,02/04/2025,06:00,Clear,14.1,0.0,10000.0
WS-SOUTH,02/04/2025,07:00,Clear,15.3,0.0,10000.0
WS-SOUTH,02/04/2025,08:00,Clear,18.3,0.0,10000.0
WS-SOUTH,02/04/2025,09:00,Clear,19.4,0.0,10000.0
WS-SOUTH,02/04/2025,10:00,Clear,19.8,0.0,10000.0
WS-SOUTH,02/04/2025,11:00,Clear,21.4,0.0,10000.0
WS-SOUTH,02/04/2025,12:00,Cloudy,22.1,0.0,10000.0
WS-SOUTH,02/04/2025,13:00,Cloudy,21.0,0.0,10000.0
WS-SOUTH,02/04/2025,14:00,Cloudy,22.4,0.0,10000.0
WS-SOUTH,02/04/2025,15:00,Cloudy,24.4,0.0,10000.0
WS-SOUTH,02/04/2025,16:00,Cloudy,25.3,0.0,10000.0
WS-SOUTH,02/04/2025,17:00,Cloudy,22.9,0.0,10000.0
WS-SOUTH,02/04/2025,18:00,Overcast,21.0,0.0,10000.0
WS-SOUTH,02/04/2025,19:00,Clear,19.8,0.0,10000.0
WS-SOUTH,02/04/2025,20:00,Clear,20.3,0.0,10000.0
WS-SOUTH,02/04/2025,21:00,Clear,21.4,0.0,10000.0
WS-SOUTH,02/04/2025,22:00,CLEAR,17.8,0.0,10000.0
WS-SOUTH,02/04/2025,23:00,Clear,15.8,0.0,10000.0
WS-SOUTH,03/04/2025,00:00,Clear,18.3,0.0,10000.0
WS-SOUTH,03/04/2025,01:00,Clear,13.9,0.0,10000.0
WS-SOUTH,03/04/2025,02:00,Clear,12.6,0.0,10000.0
WS-SOUTH,03/04/2025,03:00,Clear,12.3,0.0,10000.0
WS-SOUTH,03/04/2025,04:00,Clear,14.8,0.0,10000.0
WS-SOUTH,03/04/2025,05:00,clear,14.7,0.0,10000.0
WS-SOUTH,03/04/2025,06:00,Clear,15.7,0.0,10000.0
WS-SOUTH,03/04/2025,07:00,Cloudy,15.2,0.0,10000.0
WS-SOUTH,03/04/2025,08:00,cloudy,16.0,0.0,10000.0
WS-SOUTH,03/04/2025,09:00,Cloudy,19.6,0.0,10000.0
WS-SOUTH,03/04/2025,10:00,Cloudy,18.8,0.0,10000.0
WS-SOUTH,03/04/2025,11:00,cloudy,23.2,0.0,10000.0
WS-SOUTH,03/04/2025,12:00,Cloudy,24.5,0.0,10000.0
WS-SOUTH,03/04/2025,13:00,Clear,22.3,0.0,10000.0
WS-SOUTH,03/04/2025,14:00,Clear,22.6,0.0,10000.0
WS-SOUTH,03/04/2025,15:00,CLEAR,24.5,0.0,10000.0
WS-SOUTH,03/04/2025,16:00,Clear,24.7,0.0,10000.0
WS-SOUTH,03/04/2025,17:00,Clear,25.1,0.0,10000.0
WS-SOUTH,03/04/2025,18:00,Clear,22.0,0.0,10000.0
WS-SOUTH,03/04/2025,19:00,clear,22.5,0.0,10000.0
WS-SOUTH,03/04/2025,20:00,Clear,19.0,0.0,10000.0
WS-SOUTH,03/04/2025,21:00,Clear,,0.0,10000.0
WS-SOUTH,03/04/2025,22:00,Clear,18.1,0.0,10000.0
WS-SOUTH,03/04/2025,23:00,Clear,16.2,0.0,10000.0
WS-SOUTH,04/04/2025,00:00,Clear,15.0,0.0,10000.0
WS-SOUTH,04/04/2025,01:00,CLEAR,14.3,0.0,10000.0
WS-SOUTH,04/04/2025,02:00,clear,13.5,0.0,10000.0
WS-SOUTH,04/04/2025,03:00,Clear,15.4,0.0,10000.0
WS-SOUTH,04/04/2025,04:00,clear,13.8,0.0,10000.0
WS-SOUTH,04/04/2025,05:00,Rain,14.4,3.2,4777.0
WS-SOUTH,04/04/2025,06:00,Rain,14.0,5.8,2227.0
WS-SOUTH,04/04/2025,07:00,Rain,16.3,0.5,3064.0
WS-SOUTH,04/04/2025,08:00,Clear,16.5,0.0,10000.0
WS-SOUTH,04/04/2025,09:00,Clear,18.1,0.0,10000.0
WS-SOUTH,04/04/2025,10:00,Clear,18.8,0.0,10000.0
WS-SOUTH,04/04/2025,11:00,Clear,21.8,0.0,10000.0
WS-SOUTH,04/04/2025,12:00,CLEAR,23.4,0.0,10000.0
WS-SOUTH,04/04/2025,13:00,Clear,22.0,0.0,10000.0
WS-SOUTH,04/04/2025,14:00,Clear,22.9,0.0,10000.0
WS-SOUTH,04/04/2025,15:00,Clear,23.7,0.0,10000.0
WS-SOUTH,04/04/2025,16:00,Clear,23.8,0.0,10000.0
WS-SOUTH,04/04/2025,17:00,Clear,24.3,0.0,10000.0
WS-SOUTH,04/04/2025,18:00,Clear,21.7,0.0,10000.0
WS-SOUTH,04/04/2025,19:00,Clear,24.1,0.0,10000.0
WS-SOUTH,04/04/2025,20:00,Clear,20.1,0.0,10000.0
WS-SOUTH,04/04/2025,21:00,cloudy,20.4,0.0,10000.0
WS-SOUTH,04/04/2025,22:00,Overcast,,0.0,10000.0
WS-SOUTH,04/04/2025,23:00,cloudy,17.6,0.0,10000.0
WS-SOUTH,05/04/2025,00:00,Overcast,15.8,0.0,10000.0
WS-SOUTH,05/04/2025,01:00,Cloudy,15.9,0.0,10000.0
WS-SOUTH,05/04/2025,02:00,Clear,13.7,0.0,10000.0
WS-SOUTH,05/04/2025,03:00,Clear,13.9,0.0,10000.0
WS-SOUTH,05/04/2025,04:00,Clear,12.3,0.0,10000.0
WS-SOUTH,05/04/2025,05:00,Cloudy,14.7,0.0,10000.0
WS-SOUTH,05/04/2025,06:00,Cloudy,14.4,0.0,10000.0
WS-SOUTH,05/04/2025,07:00,Cloudy,16.7,0.0,10000.0
WS-SOUTH,05/04/2025,08:00,Cloudy,17.3,0.0,10000.0
WS-SOUTH,05/04/2025,09:00,Cloudy,18.5,0.0,10000.0
WS-SOUTH,05/04/2025,10:00,Clear,20.2,0.0,10000.0
WS-SOUTH,05/04/2025,11:00,clear,22.5,0.0,10000.0
WS-SOUTH,05/04/2025,12:00,clear,24.0,0.0,10000.0
WS-SOUTH,05/04/2025,13:00,clear,25.0,0.0,10000.0
WS-SOUTH,05/04/2025,14:00,Clear,24.9,0.0,10000.0
WS-SOUTH,05/04/2025,15:00,clear,23.7,0.0,10000.0
WS-SOUTH,05/04/2025,16:00,Clear,25.2,0.0,10000.0
WS-SOUTH,05/04/2025,17:00,Cloudy,22.9,0.0,10000.0
WS-SOUTH,05/04/2025,18:00,Cloudy,22.2,0.0,10000.0
WS-SOUTH,05/04/2025,19:00,Cloudy,18.8,0.0,10000.0
WS-SOUTH,05/04/2025,20:00,Overcast,21.0,0.0,10000.0
WS-SOUTH,05/04/2025,21:00,Clear,18.1,0.0,10000.0
WS-SOUTH,05/04/2025,22:00,Clear,,0.0,10000.0
WS-SOUTH,05/04/2025,23:00,clear,16.2,0.0,10000.0
WS-SOUTH,06/04/2025,00:00,Clear,15.0,0.0,10000.0
WS-SOUTH,06/04/2025,01:00,Clear,13.5,0.0,10000.0
WS-SOUTH,06/04/2025,02:00,Clear,14.7,0.0,10000.0
WS-SOUTH,06/04/2025,03:00,Clear,15.6,0.0,10000.0
WS-SOUTH,06/04/2025,04:00,Clear,15.8,0.0,10000.0
WS-SOUTH,06/04/2025,05:00,Clear,13.9,0.0,10000.0
WS-SOUTH,06/04/2025,06:00,clear,14.5,0.0,10000.0
WS-SOUTH,06/04/2025,07:00,Clear,18.4,0.0,10000.0
WS-SOUTH,06/04/2025,08:00,Clear,17.3,0.0,10000.0
WS-SOUTH,06/04/2025,09:00,CLEAR,18.0,0.0,10000.0
WS-SOUTH,06/04/2025,10:00,cloudy,21.3,0.0,10000.0
WS-SOUTH,06/04/2025,11:00,Cloudy,20.6,0.0,10000.0
WS-SOUTH,06/04/2025,12:00,Clear,23.9,0.0,10000.0
WS-SOUTH,06/04/2025,13:00,Clear,22.1,0.0,10000.0
WS-SOUTH,06/04/2025,14:00,Clear,23.3,0.0,10000.0
WS-SOUTH,06/04/2025,15:00,Clear,23.8,0.0,10000.0
WS-SOUTH,06/04/2025,16:00,Clear,23.7,0.0,10000.0
WS-SOUTH,06/04/2025,17:00,Clear,22.2,0.0,10000.0
WS-SOUTH,06/04/2025,18:00,Clear,21.0,0.0,
WS-SOUTH,06/04/2025,19:00,Clear,,0.0,10000.0
WS-SOUTH,06/04/2025,20:00,cloudy,20.8,0.0,10000.0
WS-SOUTH,06/04/2025,21:00,cloudy,18.9,0.0,10000.0
WS-SOUTH,06/04/2025,22:00,Cloudy,19.6,0.0,10000.0
WS-SOUTH,06/04/2025,23:00,Overcast,15.3,0.0,10000.0
WS-SOUTH,07/04/2025,00:00,Cloudy,16.2,0.0,10000.0
WS-SOUTH,07/04/2025,01:00,Clear,15.8,0.0,10000.0
WS-SOUTH,07/04/2025,02:00,Clear,15.5,0.0,10000.0
WS-SOUTH,07/04/2025,03:00,Clear,12.6,0.0,10000.0
WS-SOUTH,07/04/2025,04:00,Clear,14.9,0.0,10000.0
WS-SOUTH,07/04/2025,05:00,Clear,13.7,0.0,10000.0
WS-SOUTH,07/04/2025,06:00,Clear,14.8,0.0,10000.0
WS-SOUTH,07/04/2025,07:00,clear,16.7,0.0,10000.0
WS-SOUTH,07/04/2025,08:00,CLEAR,17.5,0.0,10000.0
WS-SOUTH,07/04/2025,09:00,Clear,18.2,0.0,10000.0
WS-SOUTH,07/04/2025,10:00,CLEAR,22.1,0.0,10000.0
WS-SOUTH,07/04/2025,11:00,Clear,22.7,0.0,10000.0
WS-SOUTH,07/04/2025,12:00,Clear,23.3,0.0,10000.0
WS-SOUTH,07/04/2025,13:00,Clear,22.4,0.0,10000.0
WS-SOUTH,07/04/2025,14:00,Clear,25.5,0.0,10000.0
WS-SOUTH,07/04/2025,15:00,clear,25.4,0.0,10000.0
WS-SOUTH,07/04/2025,16:00,clear,26.7,0.0,10000.0
WS-SOUTH,07/04/2025,17:00,Clear,21.9,0.0,10000.0
WS-SOUTH,07/04/2025,18:00,Clear,21.5,0.0,10000.0
WS-SOUTH,07/04/2025,19:00,CLEAR,,0.0,10000.0
WS-SOUTH,07/04/2025,20:00,CLEAR,21.2,0.0,10000.0
WS-SOUTH,07/04/2025,21:00,Clear,20.6,0.0,10000.0
WS-SOUTH,07/04/2025,22:00,Clear,18.0,0.0,10000.0
WS-SOUTH,07/04/2025,23:00,Clear,15.9,0.0,10000.0
WS-SOUTH,08/04/2025,00:00,Cloudy,17.6,0.0,10000.0
WS-SOUTH,08/04/2025,01:00,Cloudy,15.2,0.0,10000.0
WS-SOUTH,08/04/2025,02:00,Cloudy,15.0,0.0,10000.0
WS-SOUTH,08/04/2025,03:00,Overcast,13.0,0.0,10000.0
WS-SOUTH,08/04/2025,04:00,Overcast,14.8,0.0,10000.0
WS-SOUTH,08/04/2025,05:00,Cloudy,16.2,0.0,10000.0
WS-SOUTH,08/04/2025,06:00,Clear,15.3,0.0,10000.0
WS-SOUTH,08/04/2025,07:00,Clear,16.4,0.0,10000.0
WS-SOUTH,08/04/2025,08:00,Clear,16.5,0.0,10000.0
WS-SOUTH,08/04/2025,09:00,Clear,19.6,0.0,10000.0
WS-SOUTH,08/04/2025,10:00,Clear,21.1,0.0,10000.0
WS-SOUTH,08/04/2025,11:00,Clear,20.0,0.0,10000.0
WS-SOUTH,08/04/2025,12:00,Clear,23.7,0.0,10000.0
WS-SOUTH,08/04/2025,13:00,Clear,22.5,0.0,10000.0
WS-SOUTH,08/04/2025,14:00,Cloudy,23.3,0.0,10000.0
WS-SOUTH,08/04/2025,15:00,Cloudy,24.6,0.0,10000.0
WS-SOUTH,08/04/2025,16:00,Cloudy,22.7,0.0,10000.0
WS-SOUTH,08/04/2025,17:00,Cloudy,23.8,0.0,10000.0
WS-SOUTH,08/04/2025,18:00,CLEAR,20.7,0.0,10000.0
WS-SOUTH,08/04/2025,19:00,Clear,20.9,0.0,10000.0
WS-SOUTH,08/04/2025,20:00,CLEAR,18.8,0.0,10000.0
WS-SOUTH,08/04/2025,21:00,clear,20.5,0.0,10000.0
WS-SOUTH,08/04/2025,22:00,CLEAR,16.2,0.0,10000.0
WS-SOUTH,08/04/2025,23:00,Clear,17.8,0.0,10000.0
WS-SOUTH,09/04/2025,00:00,Clear,15.4,0.0,10000.0
WS-SOUTH,09/04/2025,01:00,CLEAR,13.3,0.0,10000.0
WS-SOUTH,09/04/2025,02:00,Rain,14.5,5.0,4777.0
WS-SOUTH,09/04/2025,03:00,Rain,14.7,7.7,3173.0
WS-SOUTH,09/04/2025,04:00,CLEAR,13.8,0.0,10000.0
WS-SOUTH,09/04/2025,05:00,Clear,15.6,0.0,10000.0
WS-SOUTH,09/04/2025,06:00,Rain,15.4,8.6,2527.0
WS-SOUTH,09/04/2025,07:00,rainy,16.2,8.2,3648.0
WS-SOUTH,09/04/2025,08:00,Rain,17.1,6.4,2575.0
WS-SOUTH,09/04/2025,09:00,Clear,21.4,0.0,10000.0
WS-SOUTH,09/04/2025,10:00,Clear,21.1,0.0,10000.0
WS-SOUTH,09/04/2025,11:00,Clear,22.6,0.0,10000.0
WS-SOUTH,09/04/2025,12:00,Clear,24.5,0.0,10000.0
WS-SOUTH,09/04/2025,13:00,clear,22.5,0.0,10000.0
WS-SOUTH,09/04/2025,14:00,clear,24.5,0.0,10000.0
WS-SOUTH,09/04/2025,15:00,clear,25.0,0.0,10000.0
WS-SOUTH,09/04/2025,16:00,Clear,24.7,0.0,10000.0
WS-SOUTH,09/04/2025,17:00,clear,23.8,0.0,10000.0
WS-SOUTH,09/04/2025,18:00,CLEAR,23.3,0.0,10000.0
WS-SOUTH,09/04/2025,19:00,Clear,22.4,0.0,10000.0
WS-SOUTH,09/04/2025,20:00,Clear,18.8,0.0,10000.0
WS-SOUTH,09/04/2025,21:00,clear,19.1,0.0,10000.0
WS-SOUTH,09/04/2025,22:00,Clear,19.6,0.0,10000.0
WS-SOUTH,09/04/2025,23:00,Clear,16.3,0.0,10000.0
WS-SOUTH,10/04/2025,00:00,Clear,17.2,0.0,10000.0
WS-SOUTH,10/04/2025,01:00,clear,,0.0,10000.0
WS-SOUTH,10/04/2025,02:00,clear,12.5,0.0,10000.0
WS-SOUTH,10/04/2025,03:00,Clear,13.8,0.0,10000.0
WS-SOUTH,10/04/2025,04:00,Clear,16.9,0.0,10000.0
WS-SOUTH,10/04/2025,05:00,Clear,16.9,0.0,10000.0
WS-SOUTH,10/04/2025,06:00,Cloudy,17.6,0.0,10000.0
WS-SOUTH,10/04/2025,07:00,Cloudy,15.6,0.0,10000.0
WS-SOUTH,10/04/2025,08:00,Cloudy,19.4,0.0,10000.0
WS-SOUTH,10/04/2025,09:00,Cloudy,20.0,0.0,10000.0
WS-SOUTH,10/04/2025,10:00,Overcast,21.1,0.0,10000.0
WS-SOUTH,10/04/2025,11:00,Cloudy,21.7,0.0,10000.0
WS-SOUTH,10/04/2025,12:00,Clear,22.4,0.0,10000.0
WS-SOUTH,10/04/2025,13:00,CLEAR,23.6,0.0,10000.0
WS-SOUTH,10/04/2025,14:00,clear,22.3,0.0,10000.0
WS-SOUTH,10/04/2025,15:00,Clear,24.9,0.0,10000.0
WS-SOUTH,10/04/2025,16:00,Clear,25.0,0.0,10000.0
WS-SOUTH,10/04/2025,17:00,Clear,22.5,0.0,10000.0
WS-SOUTH,10/04/2025,18:00,Clear,22.0,0.0,10000.0
WS-SOUTH,10/04/2025,19:00,clear,22.6,0.0,10000.0
WS-SOUTH,10/04/2025,20:00,clear,22.5,0.0,10000.0
WS-SOUTH,10/04/2025,21:00,Clear,19.6,0.0,10000.0
WS-SOUTH,10/04/2025,22:00,clear,18.1,0.0,10000.0
WS-SOUTH,10/04/2025,23:00,CLEAR,17.0,0.0,10000.0
WS-SOUTH,11/04/2025,00:00,Clear,16.0,0.0,10000.0
WS-SOUTH,11/04/2025,01:00,CLEAR,15.3,0.0,10000.0
WS-SOUTH,11/04/2025,02:00,Clear,14.1,0.0,10000.0
WS-SOUTH,11/04/2025,03:00,Cloudy,15.9,0.0,10000.0
WS-SOUTH,11/04/2025,04:00,Cloudy,14.0,0.0,10000.0
WS-SOUTH,11/04/2025,05:00,Cloudy,14.7,0.0,10000.0
WS-SOUTH,11/04/2025,06:00,cloudy,16.5,0.0,10000.0
WS-SOUTH,11/04/2025,07:00,Clear,16.0,0.0,10000.0
WS-SOUTH,11/04/2025,08:00,Clear,17.3,0.0,10000.0
WS-SOUTH,11/04/2025,09:00,Clear,19.9,0.0,10000.0
WS-SOUTH,11/04/2025,10:00,Clear,21.1,0.0,10000.0
WS-SOUTH,11/04/2025,11:00,clear,20.8,0.0,10000.0
WS-SOUTH,11/04/2025,12:00,Clear,23.6,0.0,10000.0
WS-SOUTH,11/04/2025,13:00,Clear,23.0,0.0,10000.0
WS-SOUTH,11/04/2025,14:00,Clear,25.4,0.0,10000.0
WS-SOUTH,11/04/2025,15:00,Clear,26.7,0.0,10000.0
WS-SOUTH,11/04/2025,16:00,Clear,24.7,0.0,10000.0
WS-SOUTH,11/04/2025,17:00,CLEAR,23.6,0.0,10000.0
WS-SOUTH,11/04/2025,18:00,Clear,25.4,0.0,10000.0
WS-SOUTH,11/04/2025,19:00,Clear,21.2,0.0,10000.0
WS-SOUTH,11/04/2025,20:00,Clear,20.3,0.0,10000.0
WS-SOUTH,11/04/2025,21:00,Clear,19.7,0.0,10000.0
WS-SOUTH,11/04/2025,22:00,Clear,19.1,0.0,10000.0
WS-SOUTH,11/04/2025,23:00,Rain,17.6,6.8,3233.0
WS-SOUTH,12/04/2025,00:00,Clear,17.3,0.0,10000.0
WS-SOUTH,12/04/2025,01:00,Clear,15.5,0.0,10000.0
WS-SOUTH,12/04/2025,02:00,Clear,13.5,0.0,10000.0
WS-SOUTH,12/04/2025,03:00,Clear,14.5,0.0,10000.0
WS-SOUTH,12/04/2025,04:00,Clear,15.1,0.0,10000.0
WS-SOUTH,12/04/2025,05:00,CLEAR,14.9,0.0,10000.0
WS-SOUTH,12/04/2025,06:00,CLEAR,15.1,0.0,10000.0
WS-SOUTH,12/04/2025,07:00,Clear,16.7,0.0,10000.0
WS-SOUTH,12/04/2025,08:00,Clear,17.7,0.0,10000.0
WS-SOUTH,12/04/2025,09:00,Clear,19.6,0.0,10000.0
WS-SOUTH,12/04/2025,10:00,Clear,20.8,0.0,10000.0
WS-SOUTH,12/04/2025,11:00,Cloudy,22.4,0.0,10000.0
WS-SOUTH,12/04/2025,12:00,Overcast,22.9,0.0,10000.0
WS-SOUTH,12/04/2025,13:00,cloudy,24.3,0.0,10000.0
WS-SOUTH,12/04/2025,14:00,Cloudy,25.5,0.0,10000.0
WS-SOUTH,12/04/2025,15:00,Cloudy,22.8,0.0,10000.0
WS-SOUTH,12/04/2025,16:00,clear,24.8,0.0,10000.0
WS-SOUTH,12/04/2025,17:00,Clear,24.5,0.0,10000.0
WS-SOUTH,12/04/2025,18:00,CLEAR,21.1,0.0,10000.0
WS-SOUTH,12/04/2025,19:00,Clear,21.3,0.0,10000.0
WS-SOUTH,12/04/2025,20:00,Clear,20.3,0.0,10000.0
WS-SOUTH,12/04/2025,21:00,Clear,18.1,0.0,10000.0
WS-SOUTH,12/04/2025,22:00,CLEAR,17.3,0.0,10000.0
WS-SOUTH,12/04/2025,23:00,Clear,17.2,0.0,10000.0
WS-SOUTH,13/04/2025,00:00,clear,18.5,0.0,10000.0
WS-SOUTH,13/04/2025,01:00,Clear,14.9,0.0,10000.0
WS-SOUTH,13/04/2025,02:00,Clear,14.4,0.0,10000.0
WS-SOUTH,13/04/2025,03:00,Clear,13.2,0.0,10000.0
WS-SOUTH,13/04/2025,04:00,clear,14.3,0.0,10000.0
WS-SOUTH,13/04/2025,05:00,Clear,14.2,0.0,10000.0
WS-SOUTH,13/04/2025,06:00,clear,17.0,0.0,10000.0
WS-SOUTH,13/04/2025,07:00,Clear,15.9,0.0,10000.0
WS-SOUTH,13/04/2025,08:00,Clear,16.6,0.0,10000.0
WS-SOUTH,13/04/2025,09:00,Clear,18.9,0.0,10000.0
WS-SOUTH,13/04/2025,10:00,Clear,21.9,0.0,10000.0
WS-SOUTH,13/04/2025,11:00,Clear,20.7,0.0,10000.0
WS-SOUTH,13/04/2025,12:00,clear,25.0,0.0,10000.0
WS-SOUTH,13/04/2025,13:00,Clear,24.4,0.0,10000.0
WS-SOUTH,13/04/2025,14:00,Clear,24.6,0.0,10000.0
WS-SOUTH,13/04/2025,15:00,Clear,23.6,0.0,10000.0
WS-SOUTH,13/04/2025,16:00,clear,23.4,0.0,10000.0
WS-SOUTH,13/04/2025,17:00,CLEAR,22.9,0.0,10000.0
WS-SOUTH,13/04/2025,18:00,Cloudy,23.7,0.0,10000.0
WS-SOUTH,13/04/2025,19:00,cloudy,22.4,0.0,10000.0
WS-SOUTH,13/04/2025,20:00,Cloudy,20.4,0.0,10000.0
WS-SOUTH,13/04/2025,21:00,Cloudy,19.6,0.0,10000.0
WS-SOUTH,13/04/2025,22:00,CLEAR,18.1,0.0,10000.0
WS-SOUTH,13/04/2025,23:00,CLEAR,16.2,0.0,10000.0
WS-SOUTH,14/04/2025,00:00,Clear,14.4,0.0,10000.0
WS-SOUTH,14/04/2025,01:00,Clear,17.3,0.0,10000.0
WS-SOUTH,14/04/2025,02:00,Clear,13.4,0.0,10000.0
WS-SOUTH,14/04/2025,03:00,CLEAR,14.7,0.0,10000.0
WS-SOUTH,14/04/2025,04:00,Clear,14.7,0.0,10000.0
WS-SOUTH,14/04/2025,05:00,CLEAR,15.2,0.0,10000.0
WS-SOUTH,14/04/2025,06:00,clear,15.2,0.0,10000.0
WS-SOUTH,14/04/2025,07:00,Clear,18.8,0.0,10000.0
WS-SOUTH,14/04/2025,08:00,Clear,18.2,0.0,10000.0
WS-SOUTH,14/04/2025,09:00,Clear,19.4,0.0,10000.0
WS-SOUTH,14/04/2025,10:00,CLEAR,20.1,0.0,10000.0
WS-SOUTH,14/04/2025,11:00,clear,21.4,0.0,10000.0
WS-SOUTH,14/04/2025,12:00,Clear,23.5,0.0,10000.0
WS-SOUTH,14/04/2025,13:00,clear,24.7,0.0,10000.0
WS-SOUTH,14/04/2025,14:00,Clear,26.3,0.0,10000.0
WS-SOUTH,14/04/2025,15:00,clear,24.2,0.0,10000.0
WS-SOUTH,14/04/2025,16:00,CLEAR,21.9,0.0,10000.0
WS-SOUTH,14/04/2025,17:00,Clear,20.8,0.0,10000.0
WS-SOUTH,14/04/2025,18:00,clear,22.7,0.0,10000.0
WS-SOUTH,14/04/2025,19:00,Clear,21.6,0.0,10000.0
WS-SOUTH,14/04/2025,20:00,Clear,18.4,0.0,10000.0
WS-SOUTH,14/04/2025,21:00,cloudy,18.6,0.0,10000.0
WS-SOUTH,14/04/2025,22:00,Cloudy,19.4,0.0,10000.0
WS-SOUTH,14/04/2025,23:00,Cloudy,18.0,0.0,10000.0
WS-SOUTH,15/04/2025,00:00,cloudy,16.4,0.0,10000.0
WS-SOUTH,15/04/2025,01:00,clear,17.0,0.0,10000.0
WS-SOUTH,15/04/2025,02:00,Clear,13.3,0.0,10000.0
WS-SOUTH,15/04/2025,03:00,CLEAR,14.8,0.0,10000.0
WS-SOUTH,15/04/2025,04:00,Clear,15.8,0.0,10000.0
WS-SOUTH,15/04/2025,05:00,Clear,16.6,0.0,10000.0
WS-SOUTH,15/04/2025,06:00,Clear,17.7,0.0,10000.0
WS-SOUTH,15/04/2025,07:00,Clear,16.4,0.0,10000.0
WS-SOUTH,15/04/2025,08:00,Cloudy,19.3,0.0,10000.0
WS-SOUTH,15/04/2025,09:00,Overcast,18.2,0.0,10000.0
WS-SOUTH,15/04/2025,10:00,Cloudy,21.7,0.0,10000.0
WS-SOUTH,15/04/2025,11:00,Clear,21.2,0.0,10000.0
WS-SOUTH,15/04/2025,12:00,Clear,21.6,0.0,10000.0
WS-SOUTH,15/04/2025,13:00,Clear,23.4,0.0,10000.0
WS-SOUTH,15/04/2025,14:00,Clear,26.2,0.0,10000.0
WS-SOUTH,15/04/2025,15:00,Clear,24.0,0.0,10000.0
WS-SOUTH,15/04/2025,16:00,Clear,23.5,0.0,10000.0
WS-SOUTH,15/04/2025,17:00,Clear,24.7,0.0,10000.0
WS-SOUTH,15/04/2025,18:00,clear,23.8,0.0,10000.0
WS-SOUTH,15/04/2025,19:00,clear,22.2,0.0,10000.0
WS-SOUTH,15/04/2025,20:00,CLEAR,21.4,0.0,10000.0
WS-SOUTH,15/04/2025,21:00,clear,19.3,0.0,10000.0
WS-SOUTH,15/04/2025,22:00,Clear,18.3,0.0,10000.0
WS-SOUTH,15/04/2025,23:00,Clear,14.2,0.0,10000.0
WS-SOUTH,16/04/2025,00:00,Clear,15.5,0.0,10000.0
WS-SOUTH,16/04/2025,01:00,Clear,14.4,0.0,10000.0
WS-SOUTH,16/04/2025,02:00,CLEAR,13.7,0.0,10000.0
WS-SOUTH,16/04/2025,03:00,Clear,14.8,0.0,10000.0
WS-SOUTH,16/04/2025,04:00,Clear,16.4,0.0,10000.0
WS-SOUTH,16/04/2025,05:00,Clear,15.2,0.0,10000.0
WS-SOUTH,16/04/2025,06:00,clear,17.0,0.0,10000.0
WS-SOUTH,16/04/2025,07:00,Clear,17.1,0.0,10000.0
WS-SOUTH,16/04/2025,08:00,Clear,19.3,0.0,10000.0
WS-SOUTH,16/04/2025,09:00,Clear,20.6,0.0,10000.0
WS-SOUTH,16/04/2025,10:00,Clear,18.1,0.0,10000.0
WS-SOUTH,16/04/2025,11:00,Clear,24.1,0.0,10000.0
WS-SOUTH,16/04/2025,12:00,Clear,24.8,0.0,10000.0
WS-SOUTH,16/04/2025,13:00,Clear,21.2,0.0,10000.0
WS-SOUTH,16/04/2025,14:00,clear,22.8,0.0,10000.0
WS-SOUTH,16/04/2025,15:00,CLEAR,26.9,0.0,10000.0
WS-SOUTH,16/04/2025,16:00,Clear,24.3,0.0,10000.0
WS-SOUTH,16/04/2025,17:00,Clear,26.2,0.0,10000.0
WS-SOUTH,16/04/2025,18:00,CLEAR,23.5,0.0,10000.0
WS-SOUTH,16/04/2025,19:00,Clear,,0.0,10000.0
WS-SOUTH,16/04/2025,20:00,Clear,22.8,0.0,10000.0
WS-SOUTH,16/04/2025,21:00,Clear,18.9,0.0,10000.0
WS-SOUTH,16/04/2025,22:00,CLEAR,18.1,0.0,10000.0
WS-SOUTH,16/04/2025,23:00,Clear,,0.0,10000.0
WS-SOUTH,17/04/2025,00:00,Clear,15.7,0.0,10000.0
WS-SOUTH,17/04/2025,01:00,Clear,15.0,0.0,10000.0
WS-SOUTH,17/04/2025,02:00,Clear,15.3,0.0,10000.0
WS-SOUTH,17/04/2025,03:00,Clear,14.2,0.0,10000.0
WS-SOUTH,17/04/2025,04:00,Clear,14.8,0.0,10000.0
WS-SOUTH,17/04/2025,05:00,Clear,15.1,0.0,10000.0
WS-SOUTH,17/04/2025,06:00,CLEAR,15.4,0.0,10000.0
WS-SOUTH,17/04/2025,07:00,Clear,18.2,0.0,10000.0
WS-SOUTH,17/04/2025,08:00,Clear,17.5,0.0,
WS-SOUTH,17/04/2025,09:00,Clear,20.7,0.0,10000.0
WS-SOUTH,17/04/2025,10:00,clear,22.8,0.0,10000.0
WS-SOUTH,17/04/2025,11:00,clear,21.9,0.0,10000.0
WS-SOUTH,17/04/2025,12:00,Clear,23.8,0.0,10000.0
WS-SOUTH,17/04/2025,13:00,Clear,25.7,0.0,10000.0
WS-SOUTH,17/04/2025,14:00,Clear,25.3,0.0,10000.0
WS-SOUTH,17/04/2025,15:00,Clear,25.1,0.0,10000.0
WS-SOUTH,17/04/2025,16:00,Rain,22.4,2.9,3477.0
WS-SOUTH,17/04/2025,17:00,Rain,22.7,8.2,3142.0
WS-SOUTH,17/04/2025,18:00,Rain,20.3,5.5,4732.0
WS-SOUTH,17/04/2025,19:00,rainy,22.7,0.6,4550.0
WS-SOUTH,17/04/2025,20:00,rain ,21.0,1.2,2392.0
WS-SOUTH,17/04/2025,21:00,Cloudy,19.4,0.0,10000.0
WS-SOUTH,17/04/2025,22:00,Cloudy,19.8,0.0,10000.0
WS-SOUTH,17/04/2025,23:00,Cloudy,17.6,0.0,10000.0
WS-SOUTH,18/04/2025,00:00,Clear,18.2,0.0,
WS-SOUTH,18/04/2025,01:00,Clear,14.5,0.0,10000.0
WS-SOUTH,18/04/2025,02:00,Clear,14.0,0.0,10000.0
WS-SOUTH,18/04/2025,03:00,Clear,13.1,0.0,10000.0
WS-SOUTH,18/04/2025,04:00,Clear,15.0,0.0,10000.0
WS-SOUTH,18/04/2025,05:00,Clear,15.6,0.0,10000.0
WS-SOUTH,18/04/2025,06:00,Clear,15.4,0.0,10000.0
WS-SOUTH,18/04/2025,07:00,clear,18.3,0.0,10000.0
WS-SOUTH,18/04/2025,08:00,Cloudy,18.0,0.0,10000.0
WS-SOUTH,18/04/2025,09:00,Cloudy,20.3,0.0,10000.0
WS-SOUTH,18/04/2025,10:00,Overcast,20.6,0.0,10000.0
WS-SOUTH,18/04/2025,11:00,Cloudy,23.2,0.0,10000.0
WS-SOUTH,18/04/2025,12:00,cloudy,22.9,0.0,10000.0
WS-SOUTH,18/04/2025,13:00,cloudy,23.4,0.0,10000.0
WS-SOUTH,18/04/2025,14:00,Cloudy,22.7,0.0,10000.0
WS-SOUTH,18/04/2025,15:00,CLEAR,26.7,0.0,10000.0
WS-SOUTH,18/04/2025,16:00,CLEAR,27.1,0.0,10000.0
WS-SOUTH,18/04/2025,17:00,clear,23.7,0.0,10000.0
WS-SOUTH,18/04/2025,18:00,Clear,23.6,0.0,10000.0
WS-SOUTH,18/04/2025,19:00,Clear,23.1,0.0,10000.0
WS-SOUTH,18/04/2025,20:00,clear,21.0,0.0,10000.0
WS-SOUTH,18/04/2025,21:00,Clear,,0.0,10000.0
WS-SOUTH,18/04/2025,22:00,CLEAR,19.5,0.0,10000.0
WS-SOUTH,18/04/2025,23:00,Clear,14.9,0.0,10000.0
WS-SOUTH,19/04/2025,00:00,Clear,15.0,0.0,10000.0
WS-SOUTH,19/04/2025,01:00,Clear,14.7,0.0,10000.0
WS-SOUTH,19/04/2025,02:00,Clear,15.0,0.0,10000.0
WS-SOUTH,19/04/2025,03:00,Clear,15.1,0.0,10000.0
WS-SOUTH,19/04/2025,04:00,clear,16.3,0.0,10000.0
WS-SOUTH,19/04/2025,05:00,Clear,14.5,0.0,10000.0
WS-SOUTH,19/04/2025,06:00,CLEAR,16.1,0.0,10000.0
WS-SOUTH,19/04/2025,07:00,Clear,19.1,0.0,10000.0
WS-SOUTH,19/04/2025,08:00,clear,17.1,0.0,10000.0
WS-SOUTH,19/04/2025,09:00,Clear,19.5,0.0,10000.0
WS-SOUTH,19/04/2025,10:00,clear,22.1,0.0,10000.0
WS-SOUTH,19/04/2025,11:00,Cloudy,21.2,0.0,10000.0
WS-SOUTH,19/04/2025,12:00,Overcast,24.4,0.0,10000.0
WS-SOUTH,19/04/2025,13:00,Overcast,22.9,0.0,10000.0
WS-SOUTH,19/04/2025,14:00,Clear,26.1,0.0,10000.0
WS-SOUTH,19/04/2025,15:00,clear,24.1,0.0,10000.0
WS-SOUTH,19/04/2025,16:00,Clear,22.3,0.0,10000.0
WS-SOUTH,19/04/2025,17:00,CLEAR,22.3,0.0,10000.0
WS-SOUTH,19/04/2025,18:00,Clear,23.1,0.0,10000.0
WS-SOUTH,19/04/2025,19:00,Clear,23.2,0.0,10000.0
WS-SOUTH,19/04/2025,20:00,Clear,18.9,0.0,10000.0
WS-SOUTH,19/04/2025,21:00,clear,16.3,0.0,10000.0
WS-SOUTH,19/04/2025,22:00,clear,18.8,0.0,10000.0
WS-SOUTH,19/04/2025,23:00,Clear,16.6,0.0,10000.0
WS-SOUTH,20/04/2025,00:00,CLEAR,15.5,0.0,10000.0
WS-SOUTH,20/04/2025,01:00,clear,17.1,0.0,10000.0
WS-SOUTH,20/04/2025,02:00,clear,15.8,0.0,10000.0
WS-SOUTH,20/04/2025,03:00,Clear,17.2,0.0,10000.0
WS-SOUTH,20/04/2025,04:00,Clear,14.9,0.0,10000.0
WS-SOUTH,20/04/2025,05:00,Clear,14.2,0.0,10000.0
WS-SOUTH,20/04/2025,06:00,Clear,16.3,0.0,10000.0
WS-SOUTH,20/04/2025,07:00,Clear,17.7,0.0,10000.0
WS-SOUTH,20/04/2025,08:00,Clear,18.6,0.0,10000.0
WS-SOUTH,20/04/2025,09:00,Clear,20.3,0.0,10000.0
WS-SOUTH,20/04/2025,10:00,Clear,22.1,0.0,10000.0
WS-SOUTH,20/04/2025,11:00,CLEAR,22.4,0.0,10000.0
WS-SOUTH,20/04/2025,12:00,clear,22.7,0.0,
WS-SOUTH,20/04/2025,13:00,Clear,22.8,0.0,10000.0
WS-SOUTH,20/04/2025,14:00,clear,24.5,0.0,10000.0
WS-SOUTH,20/04/2025,15:00,Clear,26.1,0.0,10000.0
WS-SOUTH,20/04/2025,16:00,Clear,26.2,0.0,10000.0
WS-SOUTH,20/04/2025,17:00,CLEAR,25.5,0.0,10000.0
WS-SOUTH,20/04/2025,18:00,Clear,23.7,0.0,10000.0
WS-SOUTH,20/04/2025,19:00,CLEAR,20.8,0.0,10000.0
WS-SOUTH,20/04/2025,20:00,Clear,22.9,0.0,10000.0
WS-SOUTH,20/04/2025,21:00,clear,17.9,0.0,10000.0
WS-SOUTH,20/04/2025,22:00,Clear,17.7,0.0,10000.0
WS-SOUTH,20/04/2025,23:00,Clear,15.8,0.0,10000.0
WS-SOUTH,21/04/2025,00:00,clear,15.2,0.0,10000.0
WS-SOUTH,21/04/2025,01:00,Clear,14.4,0.0,10000.0
WS-SOUTH,21/04/2025,02:00,Clear,14.9,0.0,10000.0
WS-SOUTH,21/04/2025,03:00,Clear,14.3,0.0,10000.0
WS-SOUTH,21/04/2025,04:00,Clear,15.2,0.0,10000.0
WS-SOUTH,21/04/2025,05:00,CLEAR,13.2,0.0,10000.0
WS-SOUTH,21/04/2025,06:00,Clear,15.1,0.0,10000.0
WS-SOUTH,21/04/2025,07:00,clear,17.4,0.0,10000.0
WS-SOUTH,21/04/2025,08:00,Clear,17.8,0.0,10000.0
WS-SOUTH,21/04/2025,09:00,CLEAR,,0.0,10000.0
WS-SOUTH,21/04/2025,10:00,Clear,22.2,0.0,10000.0
WS-SOUTH,21/04/2025,11:00,Clear,22.7,0.0,10000.0
WS-SOUTH,21/04/2025,12:00,Clear,22.9,0.0,10000.0
WS-SOUTH,21/04/2025,13:00,CLEAR,24.1,0.0,10000.0
WS-SOUTH,21/04/2025,14:00,Cloudy,24.9,0.0,10000.0
WS-SOUTH,21/04/2025,15:00,Cloudy,24.0,0.0,10000.0
WS-SOUTH,21/04/2025,16:00,Cloudy,24.2,0.0,10000.0
WS-SOUTH,21/04/2025,17:00,cloudy,22.0,0.0,10000.0
WS-SOUTH,21/04/2025,18:00,Cloudy,23.1,0.0,10000.0
WS-SOUTH,21/04/2025,19:00,Clear,21.2,0.0,10000.0
WS-SOUTH,21/04/2025,20:00,Clear,20.1,0.0,10000.0
WS-SOUTH,21/04/2025,21:00,Clear,19.4,0.0,10000.0
WS-SOUTH,21/04/2025,22:00,Clear,18.5,0.0,10000.0
WS-SOUTH,21/04/2025,23:00,Clear,14.7,0.0,10000.0
WS-SOUTH,22/04/2025,00:00,Clear,18.8,0.0,10000.0
WS-SOUTH,22/04/2025,01:00,CLEAR,14.6,0.0,10000.0
WS-SOUTH,22/04/2025,02:00,clear,15.9,0.0,10000.0
WS-SOUTH,22/04/2025,03:00,Clear,15.9,0.0,10000.0
WS-SOUTH,22/04/2025,04:00,Clear,14.8,0.0,10000.0
WS-SOUTH,22/04/2025,05:00,Clear,15.0,0.0,10000.0
WS-SOUTH,22/04/2025,06:00,clear,14.8,0.0,10000.0
WS-SOUTH,22/04/2025,07:00,clear,17.6,0.0,10000.0
WS-SOUTH,22/04/2025,08:00,Clear,17.5,0.0,10000.0
WS-SOUTH,22/04/2025,09:00,Clear,19.5,0.0,10000.0
WS-SOUTH,22/04/2025,10:00,Clear,20.0,0.0,10000.0
WS-SOUTH,22/04/2025,11:00,Clear,21.7,0.0,10000.0
WS-SOUTH,22/04/2025,12:00,Cloudy,24.5,0.0,10000.0
WS-SOUTH,22/04/2025,13:00,cloudy,23.1,0.0,10000.0
WS-SOUTH,22/04/2025,14:00,Cloudy,24.5,0.0,10000.0
WS-SOUTH,22/04/2025,15:00,Cloudy,23.0,0.0,10000.0
WS-SOUTH,22/04/2025,16:00,Cloudy,22.4,0.0,10000.0
WS-SOUTH,22/04/2025,17:00,Overcast,24.9,0.0,10000.0
WS-SOUTH,22/04/2025,18:00,Clear,24.7,0.0,10000.0
WS-SOUTH,22/04/2025,19:00,Clear,21.7,0.0,10000.0
WS-SOUTH,22/04/2025,20:00,clear,20.4,0.0,10000.0
WS-SOUTH,22/04/2025,21:00,clear,20.8,0.0,10000.0
WS-SOUTH,22/04/2025,22:00,Clear,17.7,0.0,10000.0
WS-SOUTH,22/04/2025,23:00,Clear,,0.0,10000.0
WS-SOUTH,23/04/2025,00:00,Clear,17.5,0.0,10000.0
WS-SOUTH,23/04/2025,01:00,Clear,17.5,0.0,10000.0
WS-SOUTH,23/04/2025,02:00,clear,16.0,0.0,10000.0
WS-SOUTH,23/04/2025,03:00,CLEAR,15.4,0.0,10000.0
WS-SOUTH,23/04/2025,04:00,clear,16.0,0.0,10000.0
WS-SOUTH,23/04/2025,05:00,clear,17.9,0.0,10000.0
WS-SOUTH,23/04/2025,06:00,Clear,17.7,0.0,10000.0
WS-SOUTH,23/04/2025,07:00,Clear,18.2,0.0,10000.0
WS-SOUTH,23/04/2025,08:00,Clear,17.5,0.0,10000.0
WS-SOUTH,23/04/2025,09:00,Clear,20.1,0.0,10000.0
WS-SOUTH,23/04/2025,10:00,Clear,24.2,0.0,10000.0
WS-SOUTH,23/04/2025,11:00,Clear,22.7,0.0,10000.0
WS-SOUTH,23/04/2025,12:00,clear,22.6,0.0,10000.0
WS-SOUTH,23/04/2025,13:00,Clear,23.3,0.0,10000.0
WS-SOUTH,23/04/2025,14:00,clear,25.8,0.0,10000.0
WS-SOUTH,23/04/2025,15:00,Clear,26.0,0.0,10000.0
WS-SOUTH,23/04/2025,16:00,CLEAR,24.1,0.0,10000.0
WS-SOUTH,23/04/2025,17:00,Clear,22.7,0.0,10000.0
WS-SOUTH,23/04/2025,18:00,clear,22.7,0.0,10000.0
WS-SOUTH,23/04/2025,19:00,Clear,22.0,0.0,10000.0
WS-SOUTH,23/04/2025,20:00,Clear,22.3,0.0,10000.0
WS-SOUTH,23/04/2025,21:00,clear,19.6,0.0,10000.0
WS-SOUTH,23/04/2025,22:00,Cloudy,18.6,0.0,10000.0
WS-SOUTH,23/04/2025,23:00,Overcast,16.5,0.0,10000.0
WS-SOUTH,24/04/2025,00:00,Cloudy,15.7,0.0,10000.0
WS-SOUTH,24/04/2025,01:00,cloudy,15.5,0.0,10000.0
WS-SOUTH,24/04/2025,02:00,Cloudy,13.4,0.0,10000.0
WS-SOUTH,24/04/2025,03:00,Cloudy,16.7,0.0,10000.0
WS-SOUTH,24/04/2025,04:00,Clear,14.5,0.0,10000.0
WS-SOUTH,24/04/2025,05:00,Clear,16.5,0.0,10000.0
WS-SOUTH,24/04/2025,06:00,Clear,17.1,0.0,10000.0
WS-SOUTH,24/04/2025,07:00,Clear,17.6,0.0,10000.0
WS-SOUTH,24/04/2025,08:00,Cloudy,18.1,0.0,10000.0
WS-SOUTH,24/04/2025,09:00,Cloudy,20.6,0.0,10000.0
WS-SOUTH,24/04/2025,10:00,cloudy,22.8,0.0,10000.0
WS-SOUTH,24/04/2025,11:00,cloudy,22.8,0.0,10000.0
WS-SOUTH,24/04/2025,12:00,Cloudy,24.1,0.0,10000.0
WS-SOUTH,24/04/2025,13:00,Overcast,22.7,0.0,10000.0
WS-SOUTH,24/04/2025,14:00,CLEAR,24.4,0.0,10000.0
WS-SOUTH,24/04/2025,15:00,Clear,26.1,0.0,10000.0
WS-SOUTH,24/04/2025,16:00,Cloudy,25.5,0.0,10000.0
WS-SOUTH,24/04/2025,17:00,Cloudy,23.5,0.0,10000.0
WS-SOUTH,24/04/2025,18:00,Cloudy,24.9,0.0,10000.0
WS-SOUTH,24/04/2025,19:00,Cloudy,22.0,0.0,10000.0
WS-SOUTH,24/04/2025,20:00,Cloudy,22.3,0.0,10000.0
WS-SOUTH,24/04/2025,21:00,Cloudy,21.7,0.0,10000.0
WS-SOUTH,24/04/2025,22:00,Cloudy,18.2,0.0,10000.0
WS-SOUTH,24/04/2025,23:00,Clear,17.9,0.0,10000.0
WS-SOUTH,25/04/2025,00:00,Clear,16.6,0.0,10000.0
WS-SOUTH,25/04/2025,01:00,clear,15.0,0.0,10000.0
WS-SOUTH,25/04/2025,02:00,clear,16.4,0.0,10000.0
WS-SOUTH,25/04/2025,03:00,Clear,14.3,0.0,10000.0
WS-SOUTH,25/04/2025,04:00,Clear,14.2,0.0,10000.0
WS-SOUTH,25/04/2025,05:00,Clear,13.7,0.0,10000.0
WS-SOUTH,25/04/2025,06:00,CLEAR,15.3,0.0,10000.0
WS-SOUTH,25/04/2025,07:00,Clear,19.7,0.0,10000.0
WS-SOUTH,25/04/2025,08:00,clear,18.6,0.0,10000.0
WS-SOUTH,25/04/2025,09:00,CLEAR,20.7,0.0,10000.0
WS-SOUTH,25/04/2025,10:00,clear,21.2,0.0,10000.0
WS-SOUTH,25/04/2025,11:00,Clear,22.9,0.0,10000.0
WS-SOUTH,25/04/2025,12:00,clear,24.1,0.0,10000.0
WS-SOUTH,25/04/2025,13:00,clear,24.5,0.0,10000.0
WS-SOUTH,25/04/2025,14:00,CLEAR,24.8,0.0,10000.0
WS-SOUTH,25/04/2025,15:00,Clear,25.0,0.0,10000.0
WS-SOUTH,25/04/2025,16:00,Clear,22.9,0.0,10000.0
WS-SOUTH,25/04/2025,17:00,Clear,26.4,0.0,10000.0
WS-SOUTH,25/04/2025,18:00,Clear,23.0,0.0,10000.0
WS-SOUTH,25/04/2025,19:00,clear,22.1,0.0,10000.0
WS-SOUTH,25/04/2025,20:00,CLEAR,20.7,0.0,10000.0
WS-SOUTH,25/04/2025,21:00,Clear,21.7,0.0,10000.0
WS-SOUTH,25/04/2025,22:00,CLEAR,18.1,0.0,10000.0
WS-SOUTH,25/04/2025,23:00,CLEAR,20.1,0.0,10000.0
WS-SOUTH,26/04/2025,00:00,Clear,15.7,0.0,10000.0
WS-SOUTH,26/04/2025,01:00,Clear,14.8,0.0,10000.0
WS-SOUTH,26/04/2025,02:00,Clear,17.1,0.0,10000.0
WS-SOUTH,26/04/2025,03:00,Clear,13.9,0.0,10000.0
WS-SOUTH,26/04/2025,04:00,Clear,16.4,0.0,10000.0
WS-SOUTH,26/04/2025,05:00,Clear,16.2,0.0,10000.0
WS-SOUTH,26/04/2025,06:00,clear,15.9,0.0,10000.0
WS-SOUTH,26/04/2025,07:00,Clear,16.8,0.0,10000.0
WS-SOUTH,26/04/2025,08:00,Clear,16.1,0.0,10000.0
WS-SOUTH,26/04/2025,09:00,Clear,19.0,0.0,10000.0
WS-SOUTH,26/04/2025,10:00,Clear,21.0,0.0,10000.0
WS-SOUTH,26/04/2025,11:00,Clear,23.6,0.0,10000.0
WS-SOUTH,26/04/2025,12:00,clear,25.2,0.0,10000.0
WS-SOUTH,26/04/2025,13:00,Clear,23.5,0.0,10000.0
WS-SOUTH,26/04/2025,14:00,Clear,23.4,0.0,10000.0
WS-SOUTH,26/04/2025,15:00,CLEAR,24.3,0.0,10000.0
WS-SOUTH,26/04/2025,16:00,Clear,26.2,0.0,10000.0
WS-SOUTH,26/04/2025,17:00,Rain,23.8,2.7,1831.0
WS-SOUTH,26/04/2025,18:00,rainy,24.1,5.3,2577.0
WS-SOUTH,26/04/2025,19:00,RAIN,21.7,8.4,3383.0
WS-SOUTH,26/04/2025,20:00,clear,21.2,0.0,10000.0
WS-SOUTH,26/04/2025,21:00,Clear,18.9,0.0,10000.0
WS-SOUTH,26/04/2025,22:00,CLEAR,18.5,0.0,10000.0
WS-SOUTH,26/04/2025,23:00,Clear,16.1,0.0,10000.0
WS-SOUTH,27/04/2025,00:00,Clear,17.9,0.0,10000.0
WS-SOUTH,27/04/2025,01:00,Clear,15.2,0.0,10000.0
WS-SOUTH,27/04/2025,02:00,clear,16.4,0.0,10000.0
WS-SOUTH,27/04/2025,03:00,CLEAR,14.4,0.0,10000.0
WS-SOUTH,27/04/2025,04:00,Clear,15.8,0.0,10000.0
WS-SOUTH,27/04/2025,05:00,Clear,15.0,0.0,10000.0
WS-SOUTH,27/04/2025,06:00,clear,15.5,0.0,10000.0
WS-SOUTH,27/04/2025,07:00,Clear,14.7,0.0,10000.0
WS-SOUTH,27/04/2025,08:00,clear,19.4,0.0,10000.0
WS-SOUTH,27/04/2025,09:00,clear,19.6,0.0,10000.0
WS-SOUTH,27/04/2025,10:00,CLEAR,22.8,0.0,10000.0
WS-SOUTH,27/04/2025,11:00,Clear,,0.0,10000.0
WS-SOUTH,27/04/2025,12:00,clear,24.2,0.0,10000.0
WS-SOUTH,27/04/2025,13:00,CLEAR,25.0,0.0,10000.0
WS-SOUTH,27/04/2025,14:00,Clear,24.3,0.0,10000.0
WS-SOUTH,27/04/2025,15:00,Clear,22.6,0.0,10000.0
WS-SOUTH,27/04/2025,16:00,Clear,25.5,0.0,10000.0
WS-SOUTH,27/04/2025,17:00,Clear,23.8,0.0,10000.0
WS-SOUTH,27/04/2025,18:00,Clear,22.8,0.0,10000.0
WS-SOUTH,27/04/2025,19:00,Clear,21.2,0.0,10000.0
WS-SOUTH,27/04/2025,20:00,Clear,21.9,0.0,10000.0
WS-SOUTH,27/04/2025,21:00,clear,21.7,0.0,10000.0
WS-SOUTH,27/04/2025,22:00,clear,18.3,0.0,10000.0
WS-SOUTH,27/04/2025,23:00,clear,17.4,0.0,10000.0
WS-SOUTH,28/04/2025,00:00,clear,15.9,0.0,10000.0
WS-SOUTH,28/04/2025,01:00,CLEAR,15.6,0.0,10000.0
WS-SOUTH,28/04/2025,02:00,clear,16.2,0.0,10000.0
WS-SOUTH,28/04/2025,03:00,CLEAR,14.1,0.0,10000.0
WS-SOUTH,28/04/2025,04:00,CLEAR,16.6,0.0,10000.0
WS-SOUTH,28/04/2025,05:00,Clear,15.6,0.0,10000.0
WS-SOUTH,28/04/2025,06:00,Clear,17.8,0.0,10000.0
WS-SOUTH,28/04/2025,07:00,CLEAR,19.5,0.0,10000.0
WS-SOUTH,28/04/2025,08:00,Clear,20.0,0.0,10000.0
WS-SOUTH,28/04/2025,09:00,CLEAR,20.1,0.0,10000.0
WS-SOUTH,28/04/2025,10:00,CLEAR,22.4,0.0,10000.0
WS-SOUTH,28/04/2025,11:00,clear,24.2,0.0,10000.0
WS-SOUTH,28/04/2025,12:00,Clear,23.2,0.0,10000.0
WS-SOUTH,28/04/2025,13:00,Clear,26.1,0.0,10000.0
WS-SOUTH,28/04/2025,14:00,Clear,24.6,0.0,10000.0
WS-SOUTH,28/04/2025,15:00,clear,24.0,0.0,10000.0
WS-SOUTH,28/04/2025,16:00,cloudy,26.0,0.0,10000.0
WS-SOUTH,28/04/2025,17:00,Cloudy,23.3,0.0,10000.0
WS-SOUTH,28/04/2025,18:00,cloudy,26.0,0.0,10000.0
WS-SOUTH,28/04/2025,19:00,Cloudy,24.9,0.0,10000.0
WS-SOUTH,28/04/2025,20:00,Cloudy,19.8,0.0,
WS-SOUTH,28/04/2025,21:00,Clear,22.6,0.0,10000.0
WS-SOUTH,28/04/2025,22:00,CLEAR,19.3,0.0,10000.0
WS-SOUTH,28/04/2025,23:00,Cloudy,17.7,0.0,10000.0
WS-SOUTH,29/04/2025,00:00,Cloudy,17.0,0.0,10000.0
WS-SOUTH,29/04/2025,01:00,Overcast,14.2,0.0,10000.0
WS-SOUTH,29/04/2025,02:00,Clear,16.6,0.0,10000.0
WS-SOUTH,29/04/2025,03:00,CLEAR,16.2,0.0,10000.0
WS-SOUTH,29/04/2025,04:00,Clear,15.9,0.0,10000.0
WS-SOUTH,29/04/2025,05:00,Clear,16.8,0.0,10000.0
WS-SOUTH,29/04/2025,06:00,Clear,16.0,0.0,10000.0
WS-SOUTH,29/04/2025,07:00,clear,17.5,0.0,10000.0
WS-SOUTH,29/04/2025,08:00,Clear,18.1,0.0,10000.0
WS-SOUTH,29/04/2025,09:00,Clear,21.2,0.0,10000.0
WS-SOUTH,29/04/2025,10:00,Clear,24.6,0.0,10000.0
WS-SOUTH,29/04/2025,11:00,Clear,20.9,0.0,10000.0
WS-SOUTH,29/04/2025,12:00,Clear,21.7,0.0,10000.0
WS-SOUTH,29/04/2025,13:00,Clear,22.7,0.0,10000.0
WS-SOUTH,29/04/2025,14:00,Clear,26.2,0.0,10000.0
WS-SOUTH,29/04/2025,15:00,cloudy,28.3,0.0,10000.0
WS-SOUTH,29/04/2025,16:00,Cloudy,24.4,0.0,10000.0
WS-SOUTH,29/04/2025,17:00,Overcast,24.8,0.0,10000.0
WS-SOUTH,29/04/2025,18:00,clear,23.8,0.0,10000.0
WS-SOUTH,29/04/2025,19:00,Cloudy,22.7,0.0,10000.0
WS-SOUTH,29/04/2025,20:00,Cloudy,21.0,0.0,10000.0
WS-SOUTH,29/04/2025,21:00,cloudy,21.6,0.0,10000.0
WS-SOUTH,29/04/2025,22:00,Cloudy,18.2,0.0,10000.0
WS-SOUTH,29/04/2025,23:00,Cloudy,17.6,0.0,10000.0
WS-SOUTH,30/04/2025,00:00,Cloudy,17.1,0.0,10000.0
WS-SOUTH,30/04/2025,01:00,Cloudy,15.5,0.0,10000.0
WS-SOUTH,30/04/2025,02:00,clear,16.6,0.0,10000.0
WS-SOUTH,30/04/2025,03:00,Clear,13.7,0.0,10000.0
WS-SOUTH,30/04/2025,04:00,Clear,16.0,0.0,10000.0
WS-SOUTH,30/04/2025,05:00,Clear,16.6,0.0,10000.0
WS-SOUTH,30/04/2025,06:00,CLEAR,18.3,0.0,10000.0
WS-SOUTH,30/04/2025,07:00,Clear,16.3,0.0,10000.0
WS-SOUTH,30/04/2025,08:00,Clear,20.3,0.0,10000.0
WS-SOUTH,30/04/2025,09:00,Clear,20.7,0.0,10000.0
WS-SOUTH,30/04/2025,10:00,Clear,18.6,0.0,10000.0
WS-SOUTH,30/04/2025,11:00,Clear,20.2,0.0,10000.0
WS-SOUTH,30/04/2025,12:00,clear,23.8,0.0,10000.0
WS-SOUTH,30/04/2025,13:00,clear,23.6,0.0,10000.0
WS-SOUTH,30/04/2025,14:00,Clear,24.9,0.0,10000.0
WS-SOUTH,30/04/2025,15:00,Clear,24.7,0.0,10000.0
WS-SOUTH,30/04/2025,16:00,clear,23.3,0.0,10000.0
WS-SOUTH,30/04/2025,17:00,clear,24.9,0.0,10000.0
WS-SOUTH,30/04/2025,18:00,CLEAR,24.0,0.0,10000.0
WS-SOUTH,30/04/2025,19:00,Cloudy,22.9,0.0,10000.0
WS-SOUTH,30/04/2025,20:00,Cloudy,21.3,0.0,10000.0
WS-SOUTH,30/04/2025,21:00,Cloudy,20.1,0.0,10000.0
WS-SOUTH,30/04/2025,22:00,Cloudy,19.1,0.0,10000.0
WS-SOUTH,30/04/2025,23:00,Clear,18.0,0.0,10000.0
WS-SOUTH,01/05/2025,00:00,Clear,15.0,0.0,10000.0
WS-SOUTH,01/05/2025,01:00,CLEAR,13.3,0.0,10000.0
WS-SOUTH,01/05/2025,02:00,Clear,16.2,0.0,10000.0
WS-SOUTH,01/05/2025,03:00,CLEAR,16.2,0.0,10000.0
WS-SOUTH,01/05/2025,04:00,Clear,13.0,0.0,10000.0
WS-SOUTH,01/05/2025,05:00,CLEAR,15.5,0.0,10000.0
WS-SOUTH,01/05/2025,06:00,Clear,15.2,0.0,10000.0
WS-SOUTH,01/05/2025,07:00,Clear,18.0,0.0,10000.0
WS-SOUTH,01/05/2025,08:00,Clear,19.2,0.0,10000.0
WS-SOUTH,01/05/2025,09:00,CLEAR,19.6,0.0,10000.0
WS-SOUTH,01/05/2025,10:00,Clear,21.1,0.0,10000.0
WS-SOUTH,01/05/2025,11:00,Clear,21.2,0.0,10000.0
WS-SOUTH,01/05/2025,12:00,Clear,21.7,0.0,10000.0
WS-SOUTH,01/05/2025,13:00,CLEAR,21.9,0.0,10000.0
WS-SOUTH,01/05/2025,14:00,CLEAR,24.7,0.0,10000.0
WS-SOUTH,01/05/2025,15:00,Cloudy,26.0,0.0,10000.0
WS-SOUTH,01/05/2025,16:00,Cloudy,24.8,0.0,10000.0
WS-SOUTH,01/05/2025,17:00,Cloudy,24.8,0.0,10000.0
WS-SOUTH,01/05/2025,18:00,Cloudy,24.6,0.0,10000.0
WS-SOUTH,01/05/2025,19:00,Overcast,24.3,0.0,10000.0
WS-SOUTH,01/05/2025,20:00,Cloudy,21.1,0.0,10000.0
WS-SOUTH,01/05/2025,21:00,Cloudy,19.8,0.0,10000.0
WS-SOUTH,01/05/2025,22:00,CLEAR,18.0,0.0,10000.0
WS-SOUTH,01/05/2025,23:00,Clear,17.5,0.0,10000.0
WS-SOUTH,02/05/2025,00:00,Clear,16.1,0.0,10000.0
WS-SOUTH,02/05/2025,01:00,Clear,14.5,0.0,10000.0
WS-SOUTH,02/05/2025,02:00,clear,17.7,0.0,10000.0
WS-SOUTH,02/05/2025,03:00,Clear,15.4,0.0,10000.0
WS-SOUTH,02/05/2025,04:00,Clear,14.6,0.0,10000.0
WS-SOUTH,02/05/2025,05:00,Clear,14.9,0.0,10000.0
WS-SOUTH,02/05/2025,06:00,CLEAR,17.5,0.0,10000.0
WS-SOUTH,02/05/2025,07:00,CLEAR,18.2,0.0,
WS-SOUTH,02/05/2025,08:00,Clear,19.2,0.0,10000.0
WS-SOUTH,02/05/2025,09:00,Clear,21.6,0.0,10000.0
WS-SOUTH,02/05/2025,10:00,Clear,22.1,0.0,10000.0
WS-SOUTH,02/05/2025,11:00,Clear,24.9,0.0,10000.0
WS-SOUTH,02/05/2025,12:00,Clear,24.0,0.0,10000.0
WS-SOUTH,02/05/2025,13:00,clear,26.2,0.0,10000.0
WS-SOUTH,02/05/2025,14:00,Clear,25.2,0.0,10000.0
WS-SOUTH,02/05/2025,15:00,Cloudy,25.6,0.0,10000.0
WS-SOUTH,02/05/2025,16:00,Cloudy,24.4,0.0,10000.0
WS-SOUTH,02/05/2025,17:00,Cloudy,23.4,0.0,10000.0
WS-SOUTH,02/05/2025,18:00,Clear,25.5,0.0,10000.0
WS-SOUTH,02/05/2025,19:00,clear,22.8,0.0,10000.0
WS-SOUTH,02/05/2025,20:00,Clear,22.0,0.0,10000.0
WS-SOUTH,02/05/2025,21:00,Clear,20.2,0.0,10000.0
WS-SOUTH,02/05/2025,22:00,Clear,18.0,0.0,10000.0
WS-SOUTH,02/05/2025,23:00,Clear,18.4,0.0,10000.0
WS-SOUTH,03/05/2025,00:00,Clear,18.7,0.0,10000.0
WS-SOUTH,03/05/2025,01:00,CLEAR,17.9,0.0,10000.0
WS-SOUTH,03/05/2025,02:00,Clear,15.7,0.0,10000.0
WS-SOUTH,03/05/2025,03:00,clear,15.1,0.0,10000.0
WS-SOUTH,03/05/2025,04:00,Clear,14.5,0.0,10000.0
WS-SOUTH,03/05/2025,05:00,Clear,13.5,0.0,10000.0
WS-SOUTH,03/05/2025,06:00,Cloudy,16.1,0.0,10000.0
WS-SOUTH,03/05/2025,07:00,Cloudy,18.6,0.0,10000.0
WS-SOUTH,03/05/2025,08:00,Cloudy,19.2,0.0,10000.0
WS-SOUTH,03/05/2025,09:00,Cloudy,20.3,0.0,10000.0
WS-SOUTH,03/05/2025,10:00,Cloudy,21.6,0.0,10000.0
WS-SOUTH,03/05/2025,11:00,Clear,25.7,0.0,10000.0
WS-SOUTH,03/05/2025,12:00,Clear,22.2,0.0,10000.0
WS-SOUTH,03/05/2025,13:00,clear,21.5,0.0,10000.0
WS-SOUTH,03/05/2025,14:00,Clear,25.5,0.0,10000.0
WS-SOUTH,03/05/2025,15:00,CLEAR,24.2,0.0,10000.0
WS-SOUTH,03/05/2025,16:00,Clear,24.8,0.0,10000.0
WS-SOUTH,03/05/2025,17:00,Clear,24.4,0.0,10000.0
WS-SOUTH,03/05/2025,18:00,Clear,21.5,0.0,10000.0
WS-SOUTH,03/05/2025,19:00,Clear,24.8,0.0,10000.0
WS-SOUTH,03/05/2025,20:00,Clear,23.5,0.0,10000.0
WS-SOUTH,03/05/2025,21:00,CLEAR,18.3,0.0,10000.0
WS-SOUTH,03/05/2025,22:00,Cloudy,18.8,0.0,10000.0
WS-SOUTH,03/05/2025,23:00,Cloudy,18.9,0.0,10000.0
WS-SOUTH,04/05/2025,00:00,Cloudy,16.6,0.0,10000.0
WS-SOUTH,04/05/2025,01:00,Cloudy,17.8,0.0,10000.0
WS-SOUTH,04/05/2025,02:00,Overcast,16.6,0.0,10000.0
WS-SOUTH,04/05/2025,03:00,Clear,12.8,0.0,10000.0
WS-SOUTH,04/05/2025,04:00,Clear,17.1,0.0,10000.0
WS-SOUTH,04/05/2025,05:00,Clear,14.9,0.0,10000.0
WS-SOUTH,04/05/2025,06:00,Clear,17.2,0.0,10000.0
WS-SOUTH,04/05/2025,07:00,CLEAR,17.2,0.0,10000.0
WS-SOUTH,04/05/2025,08:00,Clear,18.7,0.0,10000.0
WS-SOUTH,04/05/2025,09:00,Clear,18.5,0.0,10000.0
WS-SOUTH,04/05/2025,10:00,Clear,21.2,0.0,10000.0
WS-SOUTH,04/05/2025,11:00,Clear,22.9,0.0,10000.0
WS-SOUTH,04/05/2025,12:00,Clear,24.0,0.0,10000.0
WS-SOUTH,04/05/2025,13:00,clear,24.9,0.0,10000.0
WS-SOUTH,04/05/2025,14:00,Clear,26.9,0.0,10000.0
WS-SOUTH,04/05/2025,15:00,Cloudy,25.1,0.0,10000.0
WS-SOUTH,04/05/2025,16:00,Cloudy,25.3,0.0,10000.0
WS-SOUTH,04/05/2025,17:00,Cloudy,25.6,0.0,10000.0
WS-SOUTH,04/05/2025,18:00,Cloudy,23.2,0.0,10000.0
WS-SOUTH,04/05/2025,19:00,Cloudy,23.7,0.0,10000.0
WS-SOUTH,04/05/2025,20:00,Cloudy,22.7,0.0,10000.0
WS-SOUTH,04/05/2025,21:00,Clear,22.7,0.0,10000.0
WS-SOUTH,04/05/2025,22:00,Clear,21.0,0.0,10000.0
WS-SOUTH,04/05/2025,23:00,clear,17.8,0.0,10000.0
WS-SOUTH,05/05/2025,00:00,Clear,19.6,0.0,10000.0
WS-SOUTH,05/05/2025,01:00,Cloudy,16.3,0.0,10000.0
WS-SOUTH,05/05/2025,02:00,Cloudy,14.8,0.0,10000.0
WS-SOUTH,05/05/2025,03:00,Overcast,15.8,0.0,10000.0
WS-SOUTH,05/05/2025,04:00,Cloudy,16.0,0.0,10000.0
WS-SOUTH,05/05/2025,05:00,Cloudy,18.4,0.0,10000.0
WS-SOUTH,05/05/2025,06:00,Clear,17.1,0.0,10000.0
WS-SOUTH,05/05/2025,07:00,CLEAR,17.0,0.0,10000.0
WS-SOUTH,05/05/2025,08:00,Clear,18.4,0.0,10000.0
WS-SOUTH,05/05/2025,09:00,Clear,22.3,0.0,10000.0
WS-SOUTH,05/05/2025,10:00,Clear,20.7,0.0,10000.0
WS-SOUTH,05/05/2025,11:00,Clear,23.0,0.0,10000.0
WS-SOUTH,05/05/2025,12:00,Clear,23.4,0.0,
WS-SOUTH,05/05/2025,13:00,Rain,25.4,3.9,2638.0
WS-SOUTH,05/05/2025,14:00,Rain,24.9,5.7,3568.0
WS-SOUTH,05/05/2025,15:00,Rain,25.2,5.4,1908.0
WS-SOUTH,05/05/2025,16:00,Clear,23.3,0.0,10000.0
WS-SOUTH,05/05/2025,17:00,Overcast,25.6,0.0,10000.0
WS-SOUTH,05/05/2025,18:00,Cloudy,23.5,0.0,10000.0
WS-SOUTH,05/05/2025,19:00,Overcast,22.7,0.0,10000.0
WS-SOUTH,05/05/2025,20:00,CLEAR,21.2,0.0,10000.0
WS-SOUTH,05/05/2025,21:00,Clear,19.2,0.0,10000.0
WS-SOUTH,05/05/2025,22:00,clear,19.8,0.0,10000.0
WS-SOUTH,05/05/2025,23:00,CLEAR,17.6,0.0,10000.0
WS-SOUTH,06/05/2025,00:00,Clear,15.7,0.0,10000.0
WS-SOUTH,06/05/2025,01:00,CLEAR,16.7,0.0,10000.0
WS-SOUTH,06/05/2025,02:00,Clear,12.8,0.0,10000.0
WS-SOUTH,06/05/2025,03:00,CLEAR,16.4,0.0,10000.0
WS-SOUTH,06/05/2025,04:00,Clear,16.9,0.0,10000.0
WS-SOUTH,06/05/2025,05:00,CLEAR,16.5,0.0,10000.0
WS-SOUTH,06/05/2025,06:00,Clear,21.1,0.0,10000.0
WS-SOUTH,06/05/2025,07:00,Clear,18.7,0.0,10000.0
WS-SOUTH,06/05/2025,08:00,Clear,20.5,0.0,10000.0
WS-SOUTH,06/05/2025,09:00,CLEAR,18.6,0.0,10000.0
WS-SOUTH,06/05/2025,10:00,CLEAR,23.2,0.0,10000.0
WS-SOUTH,06/05/2025,11:00,Clear,25.0,0.0,10000.0
WS-SOUTH,06/05/2025,12:00,Clear,24.6,0.0,10000.0
WS-SOUTH,06/05/2025,13:00,Clear,23.8,0.0,10000.0
WS-SOUTH,06/05/2025,14:00,Clear,27.4,0.0,10000.0
WS-SOUTH,06/05/2025,15:00,Clear,25.7,0.0,10000.0
WS-SOUTH,06/05/2025,16:00,Clear,26.7,0.0,10000.0
WS-SOUTH,06/05/2025,17:00,CLEAR,27.5,0.0,10000.0
WS-SOUTH,06/05/2025,18:00,Clear,24.9,0.0,10000.0
WS-SOUTH,06/05/2025,19:00,Clear,21.9,0.0,10000.0
WS-SOUTH,06/05/2025,20:00,Clear,23.8,0.0,10000.0
WS-SOUTH,06/05/2025,21:00,Clear,19.6,0.0,10000.0
WS-SOUTH,06/05/2025,22:00,Clear,18.9,0.0,10000.0
WS-SOUTH,06/05/2025,23:00,clear,17.4,0.0,10000.0
WS-SOUTH,07/05/2025,00:00,Clear,14.5,0.0,10000.0
WS-SOUTH,07/05/2025,01:00,clear,17.4,0.0,10000.0
WS-SOUTH,07/05/2025,02:00,CLEAR,16.8,0.0,10000.0
WS-SOUTH,07/05/2025,03:00,Clear,15.5,0.0,10000.0
WS-SOUTH,07/05/2025,04:00,Clear,17.9,0.0,10000.0
WS-SOUTH,07/05/2025,05:00,Clear,14.7,0.0,10000.0
WS-SOUTH,07/05/2025,06:00,clear,15.3,0.0,10000.0
WS-SOUTH,07/05/2025,07:00,Clear,16.9,0.0,10000.0
WS-SOUTH,07/05/2025,08:00,Clear,19.8,0.0,10000.0
WS-SOUTH,07/05/2025,09:00,Clear,19.3,0.0,10000.0
WS-SOUTH,07/05/2025,10:00,Clear,21.6,0.0,10000.0
WS-SOUTH,07/05/2025,11:00,Clear,24.2,0.0,10000.0
WS-SOUTH,07/05/2025,12:00,Clear,24.9,0.0,10000.0
WS-SOUTH,07/05/2025,13:00,Clear,25.4,0.0,10000.0
WS-SOUTH,07/05/2025,14:00,CLEAR,25.4,0.0,10000.0
WS-SOUTH,07/05/2025,15:00,Clear,24.6,0.0,10000.0
WS-SOUTH,07/05/2025,16:00,Clear,23.3,0.0,10000.0
WS-SOUTH,07/05/2025,17:00,CLEAR,26.1,0.0,10000.0
WS-SOUTH,07/05/2025,18:00,clear,,0.0,10000.0
WS-SOUTH,07/05/2025,19:00,cloudy,24.0,0.0,10000.0
WS-SOUTH,07/05/2025,20:00,Cloudy,22.0,0.0,10000.0
WS-SOUTH,07/05/2025,21:00,clear,20.8,0.0,10000.0
WS-SOUTH,07/05/2025,22:00,Clear,21.5,0.0,10000.0
WS-SOUTH,07/05/2025,23:00,Clear,17.9,0.0,10000.0
WS-SOUTH,08/05/2025,00:00,Clear,17.4,0.0,10000.0
WS-SOUTH,08/05/2025,01:00,CLEAR,17.2,0.0,10000.0
WS-SOUTH,08/05/2025,02:00,Clear,16.1,0.0,10000.0
WS-SOUTH,08/05/2025,03:00,CLEAR,17.3,0.0,10000.0
WS-SOUTH,08/05/2025,04:00,Clear,14.7,0.0,10000.0
WS-SOUTH,08/05/2025,05:00,Clear,17.1,0.0,10000.0
WS-SOUTH,08/05/2025,06:00,Clear,18.0,0.0,10000.0
WS-SOUTH,08/05/2025,07:00,Clear,15.8,0.0,10000.0
WS-SOUTH,08/05/2025,08:00,Clear,20.6,0.0,10000.0
WS-SOUTH,08/05/2025,09:00,Clear,22.1,0.0,10000.0
WS-SOUTH,08/05/2025,10:00,Clear,21.1,0.0,10000.0
WS-SOUTH,08/05/2025,11:00,Clear,22.3,0.0,10000.0
WS-SOUTH,08/05/2025,12:00,Clear,23.5,0.0,10000.0
WS-SOUTH,08/05/2025,13:00,Clear,24.1,0.0,10000.0
WS-SOUTH,08/05/2025,14:00,Clear,26.8,0.0,10000.0
WS-SOUTH,08/05/2025,15:00,Clear,25.7,0.0,10000.0
WS-SOUTH,08/05/2025,16:00,Clear,26.2,0.0,10000.0
WS-SOUTH,08/05/2025,17:00,Clear,24.7,0.0,10000.0
WS-SOUTH,08/05/2025,18:00,Clear,26.4,0.0,10000.0
WS-SOUTH,08/05/2025,19:00,Clear,21.4,0.0,10000.0
WS-SOUTH,08/05/2025,20:00,Clear,22.3,0.0,10000.0
WS-SOUTH,08/05/2025,21:00,Clear,22.2,0.0,10000.0
WS-SOUTH,08/05/2025,22:00,Clear,17.8,0.0,10000.0
WS-SOUTH,08/05/2025,23:00,Overcast,,0.0,10000.0
WS-SOUTH,09/05/2025,00:00,Cloudy,15.9,0.0,10000.0
WS-SOUTH,09/05/2025,01:00,Overcast,14.8,0.0,10000.0
WS-SOUTH,09/05/2025,02:00,Cloudy,14.5,0.0,10000.0
WS-SOUTH,09/05/2025,03:00,Cloudy,15.5,0.0,10000.0
WS-SOUTH,09/05/2025,04:00,Cloudy,18.2,0.0,10000.0
WS-SOUTH,09/05/2025,05:00,Cloudy,16.7,0.0,10000.0
WS-SOUTH,09/05/2025,06:00,cloudy,17.8,0.0,10000.0
WS-SOUTH,09/05/2025,07:00,Cloudy,18.2,0.0,10000.0
WS-SOUTH,09/05/2025,08:00,Overcast,20.2,0.0,10000.0
WS-SOUTH,09/05/2025,09:00,Clear,22.1,0.0,10000.0
WS-SOUTH,09/05/2025,10:00,CLEAR,21.2,0.0,10000.0
WS-SOUTH,09/05/2025,11:00,Clear,23.7,0.0,10000.0
WS-SOUTH,09/05/2025,12:00,Clear,24.0,0.0,10000.0
WS-SOUTH,09/05/2025,13:00,CLEAR,23.7,0.0,10000.0
WS-SOUTH,09/05/2025,14:00,Clear,24.8,0.0,10000.0
WS-SOUTH,09/05/2025,15:00,CLEAR,26.5,0.0,10000.0
WS-SOUTH,09/05/2025,16:00,clear,25.5,0.0,10000.0
WS-SOUTH,09/05/2025,17:00,Clear,24.7,0.0,10000.0
WS-SOUTH,09/05/2025,18:00,Clear,27.6,0.0,10000.0
WS-SOUTH,09/05/2025,19:00,Clear,23.9,0.0,10000.0
WS-SOUTH,09/05/2025,20:00,Clear,21.0,0.0,10000.0
WS-SOUTH,09/05/2025,21:00,Clear,20.2,0.0,10000.0
WS-SOUTH,09/05/2025,22:00,clear,19.7,0.0,10000.0
WS-SOUTH,09/05/2025,23:00,Clear,16.5,0.0,10000.0
WS-SOUTH,10/05/2025,00:00,Clear,18.5,0.0,10000.0
WS-SOUTH,10/05/2025,01:00,CLEAR,16.0,0.0,10000.0
WS-SOUTH,10/05/2025,02:00,Clear,17.0,0.0,10000.0
WS-SOUTH,10/05/2025,03:00,Cloudy,13.4,0.0,10000.0
WS-SOUTH,10/05/2025,04:00,cloudy,16.2,0.0,10000.0
WS-SOUTH,10/05/2025,05:00,Cloudy,16.5,0.0,10000.0
WS-SOUTH,10/05/2025,06:00,Fog,16.8,0.0,436.0
WS-SOUTH,10/05/2025,07:00,Overcast,18.6,0.0,10000.0
WS-SOUTH,10/05/2025,08:00,cloudy,19.2,0.0,10000.0
WS-SOUTH,10/05/2025,09:00,Clear,20.3,0.0,10000.0
WS-SOUTH,10/05/2025,10:00,Rain,24.0,4.2,4868.0
WS-SOUTH,10/05/2025,11:00,clear,24.7,0.0,10000.0
WS-SOUTH,10/05/2025,12:00,Clear,23.8,0.0,10000.0
WS-SOUTH,10/05/2025,13:00,Rain,26.9,3.0,4370.0
WS-SOUTH,10/05/2025,14:00,Rain,24.2,6.5,1803.0
WS-SOUTH,10/05/2025,15:00,Clear,27.9,0.0,10000.0
WS-SOUTH,10/05/2025,16:00,Clear,27.6,0.0,10000.0
WS-SOUTH,10/05/2025,17:00,Clear,25.7,0.0,10000.0
WS-SOUTH,10/05/2025,18:00,Clear,24.2,0.0,10000.0
WS-SOUTH,10/05/2025,19:00,Cloudy,21.6,0.0,10000.0
WS-SOUTH,10/05/2025,20:00,Overcast,23.5,0.0,10000.0
WS-SOUTH,10/05/2025,21:00,Cloudy,18.2,0.0,10000.0
WS-SOUTH,10/05/2025,22:00,Clear,19.8,0.0,10000.0
WS-SOUTH,10/05/2025,23:00,CLEAR,17.5,0.0,10000.0
WS-SOUTH,11/05/2025,00:00,Clear,17.2,0.0,10000.0
WS-SOUTH,11/05/2025,01:00,Clear,16.5,0.0,10000.0
WS-SOUTH,11/05/2025,02:00,Clear,14.9,0.0,10000.0
WS-SOUTH,11/05/2025,03:00,Clear,17.0,0.0,10000.0
WS-SOUTH,11/05/2025,04:00,Clear,16.3,0.0,10000.0
WS-SOUTH,11/05/2025,05:00,clear,17.3,0.0,10000.0
WS-SOUTH,11/05/2025,06:00,Clear,18.2,0.0,10000.0
WS-SOUTH,11/05/2025,07:00,Overcast,18.5,0.0,10000.0
WS-SOUTH,11/05/2025,08:00,Cloudy,20.1,0.0,
WS-SOUTH,11/05/2025,09:00,cloudy,22.1,0.0,10000.0
WS-SOUTH,11/05/2025,10:00,Clear,23.8,0.0,10000.0
WS-SOUTH,11/05/2025,11:00,Clear,22.5,0.0,10000.0
WS-SOUTH,11/05/2025,12:00,Clear,24.3,0.0,10000.0
WS-SOUTH,11/05/2025,13:00,CLEAR,27.1,0.0,10000.0
WS-SOUTH,11/05/2025,14:00,Clear,23.8,0.0,10000.0
WS-SOUTH,11/05/2025,15:00,Clear,28.2,0.0,10000.0
WS-SOUTH,11/05/2025,16:00,Clear,26.2,0.0,10000.0
WS-SOUTH,11/05/2025,17:00,clear,26.2,0.0,10000.0
WS-SOUTH,11/05/2025,18:00,clear,25.7,0.0,10000.0
WS-SOUTH,11/05/2025,19:00,clear,21.5,0.0,10000.0
WS-SOUTH,11/05/2025,20:00,Clear,23.3,0.0,10000.0
WS-SOUTH,11/05/2025,21:00,Clear,19.1,0.0,10000.0
WS-SOUTH,11/05/2025,22:00,Clear,19.8,0.0,10000.0
WS-SOUTH,11/05/2025,23:00,clear,17.9,0.0,10000.0
WS-SOUTH,12/05/2025,00:00,Clear,19.3,0.0,
WS-SOUTH,12/05/2025,01:00,Clear,18.9,0.0,10000.0
WS-SOUTH,12/05/2025,02:00,Clear,15.1,0.0,10000.0
WS-SOUTH,12/05/2025,03:00,clear,15.4,0.0,10000.0
WS-SOUTH,12/05/2025,04:00,Clear,18.7,0.0,10000.0
WS-SOUTH,12/05/2025,05:00,clear,16.6,0.0,10000.0
WS-SOUTH,12/05/2025,06:00,Clear,18.3,0.0,10000.0
WS-SOUTH,12/05/2025,07:00,CLEAR,16.9,0.0,10000.0
WS-SOUTH,12/05/2025,08:00,clear,20.0,0.0,10000.0
WS-SOUTH,12/05/2025,09:00,Clear,21.1,0.0,10000.0
WS-SOUTH,12/05/2025,10:00,Clear,22.2,0.0,10000.0
WS-SOUTH,12/05/2025,11:00,Clear,21.0,0.0,10000.0
WS-SOUTH,12/05/2025,12:00,clear,25.2,0.0,10000.0
WS-SOUTH,12/05/2025,13:00,Clear,25.9,0.0,10000.0
WS-SOUTH,12/05/2025,14:00,Clear,25.7,0.0,10000.0
WS-SOUTH,12/05/2025,15:00,Clear,25.8,0.0,10000.0
WS-SOUTH,12/05/2025,16:00,Clear,25.4,0.0,10000.0
WS-SOUTH,12/05/2025,17:00,Clear,24.4,0.0,10000.0
WS-SOUTH,12/05/2025,18:00,clear,25.2,0.0,10000.0
WS-SOUTH,12/05/2025,19:00,clear,24.0,0.0,10000.0
WS-SOUTH,12/05/2025,20:00,Overcast,21.3,0.0,10000.0
WS-SOUTH,12/05/2025,21:00,Cloudy,19.9,0.0,10000.0
WS-SOUTH,12/05/2025,22:00,Cloudy,19.7,0.0,10000.0
WS-SOUTH,12/05/2025,23:00,Clear,17.7,0.0,10000.0
WS-SOUTH,13/05/2025,00:00,CLEAR,17.3,0.0,10000.0
WS-SOUTH,13/05/2025,01:00,Clear,15.3,0.0,10000.0
WS-SOUTH,13/05/2025,02:00,Clear,13.8,0.0,10000.0
WS-SOUTH,13/05/2025,03:00,Clear,14.8,0.0,10000.0
WS-SOUTH,13/05/2025,04:00,CLEAR,16.2,0.0,10000.0
WS-SOUTH,13/05/2025,05:00,CLEAR,16.4,0.0,10000.0
WS-SOUTH,13/05/2025,06:00,Clear,17.4,0.0,10000.0
WS-SOUTH,13/05/2025,07:00,RAIN,19.0,5.1,4693.0
WS-SOUTH,13/05/2025,08:00,Rain,17.7,7.6,2281.0
WS-SOUTH,13/05/2025,09:00,CLEAR,22.4,0.0,10000.0
WS-SOUTH,13/05/2025,10:00,CLEAR,21.9,0.0,10000.0
WS-SOUTH,13/05/2025,11:00,Clear,21.5,0.0,10000.0
WS-SOUTH,13/05/2025,12:00,Clear,23.3,0.0,10000.0
WS-SOUTH,13/05/2025,13:00,Clear,24.0,0.0,10000.0
WS-SOUTH,13/05/2025,14:00,Clear,25.7,0.0,10000.0
WS-SOUTH,13/05/2025,15:00,CLEAR,26.1,0.0,10000.0
WS-SOUTH,13/05/2025,16:00,Clear,26.1,0.0,10000.0
WS-SOUTH,13/05/2025,17:00,Clear,26.7,0.0,10000.0
WS-SOUTH,13/05/2025,18:00,Clear,25.2,0.0,10000.0
WS-SOUTH,13/05/2025,19:00,Clear,21.9,0.0,10000.0
WS-SOUTH,13/05/2025,20:00,Clear,22.3,0.0,10000.0
WS-SOUTH,13/05/2025,21:00,CLEAR,22.6,0.0,10000.0
WS-SOUTH,13/05/2025,22:00,Clear,20.8,0.0,10000.0
WS-SOUTH,13/05/2025,23:00,Clear,18.2,0.0,10000.0
WS-SOUTH,14/05/2025,00:00,Clear,17.9,0.0,10000.0
WS-SOUTH,14/05/2025,01:00,CLEAR,15.7,0.0,10000.0
WS-SOUTH,14/05/2025,02:00,Cloudy,16.2,0.0,10000.0
WS-SOUTH,14/05/2025,03:00,Cloudy,14.7,0.0,10000.0
WS-SOUTH,14/05/2025,04:00,Cloudy,14.1,0.0,10000.0
WS-SOUTH,14/05/2025,05:00,Cloudy,14.3,0.0,10000.0
WS-SOUTH,14/05/2025,06:00,Cloudy,16.9,0.0,10000.0
WS-SOUTH,14/05/2025,07:00,cloudy,19.0,0.0,10000.0
WS-SOUTH,14/05/2025,08:00,Cloudy,19.4,0.0,10000.0
WS-SOUTH,14/05/2025,09:00,cloudy,22.4,0.0,10000.0
WS-SOUTH,14/05/2025,10:00,clear,22.8,0.0,10000.0
WS-SOUTH,14/05/2025,11:00,Clear,22.0,0.0,10000.0
WS-SOUTH,14/05/2025,12:00,Clear,23.8,0.0,10000.0
WS-SOUTH,14/05/2025,13:00,clear,25.8,0.0,10000.0
WS-SOUTH,14/05/2025,14:00,Clear,25.7,0.0,10000.0
WS-SOUTH,14/05/2025,15:00,Clear,25.6,0.0,10000.0
WS-SOUTH,14/05/2025,16:00,Rain,27.1,3.4,1826.0
WS-SOUTH,14/05/2025,17:00,Rain,23.2,2.1,4524.0
WS-SOUTH,14/05/2025,18:00,Rain,24.4,4.2,3679.0
WS-SOUTH,14/05/2025,19:00,Rain,21.7,7.9,2350.0
WS-SOUTH,14/05/2025,20:00,Rain,,1.1,2847.0
WS-SOUTH,14/05/2025,21:00,Cloudy,21.0,0.0,10000.0
WS-SOUTH,14/05/2025,22:00,Cloudy,19.3,0.0,10000.0
WS-SOUTH,14/05/2025,23:00,Cloudy,20.3,0.0,10000.0
WS-SOUTH,15/05/2025,00:00,Clear,18.3,0.0,10000.0
WS-SOUTH,15/05/2025,01:00,Clear,17.8,0.0,10000.0
WS-SOUTH,15/05/2025,02:00,Clear,15.0,0.0,10000.0
WS-SOUTH,15/05/2025,03:00,Clear,15.3,0.0,10000.0
WS-SOUTH,15/05/2025,04:00,Clear,16.3,0.0,10000.0
WS-SOUTH,15/05/2025,05:00,Clear,15.4,0.0,10000.0
WS-SOUTH,15/05/2025,06:00,Clear,18.1,0.0,10000.0
WS-SOUTH,15/05/2025,07:00,Clear,19.5,0.0,10000.0
WS-SOUTH,15/05/2025,08:00,Clear,21.6,0.0,10000.0
WS-SOUTH,15/05/2025,09:00,Clear,21.4,0.0,10000.0
WS-SOUTH,15/05/2025,10:00,clear,21.4,0.0,10000.0
WS-SOUTH,15/05/2025,11:00,Clear,22.1,0.0,10000.0
WS-SOUTH,15/05/2025,12:00,Clear,,0.0,10000.0
WS-SOUTH,15/05/2025,13:00,clear,26.1,0.0,10000.0
WS-SOUTH,15/05/2025,14:00,Clear,28.5,0.0,10000.0
WS-SOUTH,15/05/2025,15:00,Cloudy,26.1,0.0,10000.0
WS-SOUTH,15/05/2025,16:00,Cloudy,27.8,0.0,10000.0
WS-SOUTH,15/05/2025,17:00,Clear,25.6,0.0,10000.0
WS-SOUTH,15/05/2025,18:00,Clear,26.2,0.0,10000.0
WS-SOUTH,15/05/2025,19:00,Clear,24.6,0.0,10000.0
WS-SOUTH,15/05/2025,20:00,CLEAR,22.9,0.0,10000.0
WS-SOUTH,15/05/2025,21:00,Clear,20.2,0.0,10000.0
WS-SOUTH,15/05/2025,22:00,Clear,18.9,0.0,10000.0
WS-SOUTH,15/05/2025,23:00,CLEAR,17.8,0.0,10000.0
WS-SOUTH,16/05/2025,00:00,CLEAR,16.7,0.0,10000.0
WS-SOUTH,16/05/2025,01:00,Clear,16.0,0.0,10000.0
WS-SOUTH,16/05/2025,02:00,Clear,18.2,0.0,10000.0
WS-SOUTH,16/05/2025,03:00,Clear,14.4,0.0,10000.0
WS-SOUTH,16/05/2025,04:00,Clear,15.9,0.0,10000.0
WS-SOUTH,16/05/2025,05:00,clear,16.8,0.0,10000.0
WS-SOUTH,16/05/2025,06:00,Clear,16.8,0.0,10000.0
WS-SOUTH,16/05/2025,07:00,Clear,19.1,0.0,10000.0
WS-SOUTH,16/05/2025,08:00,cloudy,19.1,0.0,10000.0
WS-SOUTH,16/05/2025,09:00,Overcast,22.0,0.0,10000.0
WS-SOUTH,16/05/2025,10:00,Cloudy,22.0,0.0,10000.0
WS-SOUTH,16/05/2025,11:00,Cloudy,23.0,0.0,10000.0
WS-SOUTH,16/05/2025,12:00,Cloudy,23.1,0.0,10000.0
WS-SOUTH,16/05/2025,13:00,Cloudy,23.8,0.0,10000.0
WS-SOUTH,16/05/2025,14:00,Cloudy,27.3,0.0,10000.0
WS-SOUTH,16/05/2025,15:00,Clear,25.1,0.0,10000.0
WS-SOUTH,16/05/2025,16:00,Clear,26.9,0.0,10000.0
WS-SOUTH,16/05/2025,17:00,Clear,26.1,0.0,10000.0
WS-SOUTH,16/05/2025,18:00,clear,25.3,0.0,10000.0
WS-SOUTH,16/05/2025,19:00,CLEAR,22.7,0.0,10000.0
WS-SOUTH,16/05/2025,20:00,Clear,22.2,0.0,10000.0
WS-SOUTH,16/05/2025,21:00,Clear,22.6,0.0,10000.0
WS-SOUTH,16/05/2025,22:00,clear,18.5,0.0,10000.0
WS-SOUTH,16/05/2025,23:00,Clear,18.9,0.0,10000.0
WS-SOUTH,17/05/2025,00:00,clear,17.7,0.0,10000.0
WS-SOUTH,17/05/2025,01:00,Clear,15.4,0.0,10000.0
WS-SOUTH,17/05/2025,02:00,Clear,16.8,0.0,10000.0
WS-SOUTH,17/05/2025,03:00,Clear,13.2,0.0,10000.0
WS-SOUTH,17/05/2025,04:00,clear,18.1,0.0,10000.0
WS-SOUTH,17/05/2025,05:00,Clear,18.2,0.0,10000.0
WS-SOUTH,17/05/2025,06:00,CLEAR,18.3,0.0,10000.0
WS-SOUTH,17/05/2025,07:00,Clear,19.6,0.0,10000.0
WS-SOUTH,17/05/2025,08:00,Clear,19.9,0.0,10000.0
WS-SOUTH,17/05/2025,09:00,Clear,19.2,0.0,10000.0
WS-SOUTH,17/05/2025,10:00,Clear,22.7,0.0,10000.0
WS-SOUTH,17/05/2025,11:00,Clear,23.6,0.0,10000.0
WS-SOUTH,17/05/2025,12:00,Overcast,22.9,0.0,10000.0
WS-SOUTH,17/05/2025,13:00,Cloudy,24.9,0.0,10000.0
WS-SOUTH,17/05/2025,14:00,CLEAR,26.1,0.0,10000.0
WS-SOUTH,17/05/2025,15:00,Clear,26.4,0.0,10000.0
WS-SOUTH,17/05/2025,16:00,CLEAR,26.7,0.0,10000.0
WS-SOUTH,17/05/2025,17:00,Clear,25.7,0.0,10000.0
WS-SOUTH,17/05/2025,18:00,CLEAR,24.6,0.0,10000.0
WS-SOUTH,17/05/2025,19:00,CLEAR,24.3,0.0,10000.0
WS-SOUTH,17/05/2025,20:00,Clear,22.8,0.0,10000.0
WS-SOUTH,17/05/2025,21:00,Clear,20.7,0.0,10000.0
WS-SOUTH,17/05/2025,22:00,clear,18.9,0.0,10000.0
WS-SOUTH,17/05/2025,23:00,Clear,19.4,0.0,10000.0
WS-SOUTH,18/05/2025,00:00,Clear,18.9,0.0,10000.0
WS-SOUTH,18/05/2025,01:00,CLEAR,18.1,0.0,10000.0
WS-SOUTH,18/05/2025,02:00,Clear,16.4,0.0,10000.0
WS-SOUTH,18/05/2025,03:00,Clear,14.9,0.0,10000.0
WS-SOUTH,18/05/2025,04:00,CLEAR,16.5,0.0,10000.0
WS-SOUTH,18/05/2025,05:00,Clear,16.1,0.0,10000.0
WS-SOUTH,18/05/2025,06:00,clear,18.5,0.0,10000.0
WS-SOUTH,18/05/2025,07:00,Clear,20.7,0.0,10000.0
WS-SOUTH,18/05/2025,08:00,Clear,21.2,0.0,10000.0
WS-SOUTH,18/05/2025,09:00,Cloudy,21.3,0.0,10000.0
WS-SOUTH,18/05/2025,10:00,Cloudy,23.1,0.0,10000.0
WS-SOUTH,18/05/2025,11:00,Rain,22.2,7.8,2868.0
WS-SOUTH,18/05/2025,12:00,Clear,23.9,0.0,10000.0
WS-SOUTH,18/05/2025,13:00,Clear,25.3,0.0,10000.0
WS-SOUTH,18/05/2025,14:00,CLEAR,26.3,0.0,10000.0
WS-SOUTH,18/05/2025,15:00,Overcast,25.4,0.0,10000.0
WS-SOUTH,18/05/2025,16:00,Cloudy,25.4,0.0,10000.0
WS-SOUTH,18/05/2025,17:00,Cloudy,26.6,0.0,10000.0
WS-SOUTH,18/05/2025,18:00,Clear,24.8,0.0,10000.0
WS-SOUTH,18/05/2025,19:00,Clear,22.3,0.0,10000.0
WS-SOUTH,18/05/2025,20:00,Clear,23.3,0.0,10000.0
WS-SOUTH,18/05/2025,21:00,Clear,23.2,0.0,10000.0
WS-SOUTH,18/05/2025,22:00,clear,21.3,0.0,10000.0
WS-SOUTH,18/05/2025,23:00,Clear,18.0,0.0,10000.0
WS-SOUTH,19/05/2025,00:00,clear,17.7,0.0,10000.0
WS-SOUTH,19/05/2025,01:00,clear,15.0,0.0,10000.0
WS-SOUTH,19/05/2025,02:00,Clear,17.8,0.0,10000.0
WS-SOUTH,19/05/2025,03:00,Clear,15.3,0.0,10000.0
WS-SOUTH,19/05/2025,04:00,Clear,16.9,0.0,10000.0
WS-SOUTH,19/05/2025,05:00,Fog,18.9,0.0,951.0
WS-SOUTH,19/05/2025,06:00,foggy,17.3,7.0,563.0
WS-SOUTH,19/05/2025,07:00,RAIN,16.1,7.1,2074.0
WS-SOUTH,19/05/2025,08:00,Rain,20.6,7.4,4122.0
WS-SOUTH,19/05/2025,09:00,RAIN,22.1,8.7,3212.0
WS-SOUTH,19/05/2025,10:00,Rain,21.6,1.1,2738.0
WS-SOUTH,19/05/2025,11:00,CLEAR,24.2,0.0,10000.0
WS-SOUTH,19/05/2025,12:00,CLEAR,26.5,0.0,10000.0
WS-SOUTH,19/05/2025,13:00,Clear,27.2,0.0,10000.0
WS-SOUTH,19/05/2025,14:00,CLEAR,26.1,0.0,10000.0
WS-SOUTH,19/05/2025,15:00,Clear,25.1,0.0,10000.0
WS-SOUTH,19/05/2025,16:00,Clear,24.5,0.0,10000.0
WS-SOUTH,19/05/2025,17:00,CLEAR,25.5,0.0,10000.0
WS-SOUTH,19/05/2025,18:00,Clear,24.4,0.0,10000.0
WS-SOUTH,19/05/2025,19:00,Clear,25.4,0.0,10000.0
WS-SOUTH,19/05/2025,20:00,Clear,22.8,0.0,10000.0
WS-SOUTH,19/05/2025,21:00,Clear,21.6,0.0,10000.0
WS-SOUTH,19/05/2025,22:00,clear,21.1,0.0,10000.0
WS-SOUTH,19/05/2025,23:00,Clear,20.4,0.0,10000.0
WS-SOUTH,20/05/2025,00:00,Clear,18.3,0.0,10000.0
WS-SOUTH,20/05/2025,01:00,Clear,17.6,0.0,10000.0
WS-SOUTH,20/05/2025,02:00,Clear,16.8,0.0,10000.0
WS-SOUTH,20/05/2025,03:00,Cloudy,16.0,0.0,10000.0
WS-SOUTH,20/05/2025,04:00,Overcast,14.5,0.0,10000.0
WS-SOUTH,20/05/2025,05:00,Cloudy,17.4,0.0,10000.0
WS-SOUTH,20/05/2025,06:00,Cloudy,15.7,0.0,10000.0
WS-SOUTH,20/05/2025,07:00,Cloudy,20.1,0.0,10000.0
WS-SOUTH,20/05/2025,08:00,cloudy,21.0,0.0,10000.0
WS-SOUTH,20/05/2025,09:00,Clear,22.1,0.0,10000.0
WS-SOUTH,20/05/2025,10:00,Clear,24.9,0.0,10000.0
WS-SOUTH,20/05/2025,11:00,clear,22.9,0.0,10000.0
WS-SOUTH,20/05/2025,12:00,Clear,,0.0,10000.0
WS-SOUTH,20/05/2025,13:00,CLEAR,24.8,0.0,10000.0
WS-SOUTH,20/05/2025,14:00,Cloudy,27.4,0.0,10000.0
WS-SOUTH,20/05/2025,15:00,Cloudy,25.3,0.0,10000.0
WS-SOUTH,20/05/2025,16:00,cloudy,25.7,0.0,10000.0
WS-SOUTH,20/05/2025,17:00,Cloudy,25.8,0.0,10000.0
WS-SOUTH,20/05/2025,18:00,Overcast,24.2,0.0,10000.0
WS-SOUTH,20/05/2025,19:00,Cloudy,24.4,0.0,10000.0
WS-SOUTH,20/05/2025,20:00,Clear,23.6,0.0,10000.0
WS-SOUTH,20/05/2025,21:00,Cloudy,20.0,0.0,10000.0
WS-SOUTH,20/05/2025,22:00,Cloudy,21.0,0.0,10000.0
WS-SOUTH,20/05/2025,23:00,Cloudy,19.7,0.0,10000.0
WS-SOUTH,21/05/2025,00:00,Cloudy,19.1,0.0,10000.0
WS-SOUTH,21/05/2025,01:00,Cloudy,17.7,0.0,10000.0
WS-SOUTH,21/05/2025,02:00,CLEAR,17.0,0.0,10000.0
WS-SOUTH,21/05/2025,03:00,clear,16.0,0.0,10000.0
WS-SOUTH,21/05/2025,04:00,Clear,15.1,0.0,10000.0
WS-SOUTH,21/05/2025,05:00,clear,13.7,0.0,10000.0
WS-SOUTH,21/05/2025,06:00,Clear,17.0,0.0,10000.0
WS-SOUTH,21/05/2025,07:00,clear,20.6,0.0,10000.0
WS-SOUTH,21/05/2025,08:00,Clear,18.3,0.0,10000.0
WS-SOUTH,21/05/2025,09:00,Clear,21.1,0.0,10000.0
WS-SOUTH,21/05/2025,10:00,Clear,22.1,0.0,10000.0
WS-SOUTH,21/05/2025,11:00,Clear,24.2,0.0,10000.0
WS-SOUTH,21/05/2025,12:00,Clear,24.2,0.0,10000.0
WS-SOUTH,21/05/2025,13:00,Clear,25.8,0.0,10000.0
WS-SOUTH,21/05/2025,14:00,Clear,25.7,0.0,10000.0
WS-SOUTH,21/05/2025,15:00,Rain,26.1,3.9,4206.0
WS-SOUTH,21/05/2025,16:00,Rain,26.9,2.4,2106.0
WS-SOUTH,21/05/2025,17:00,Rain,25.3,3.5,4243.0
WS-SOUTH,21/05/2025,18:00,rain ,25.8,8.4,4132.0
WS-SOUTH,21/05/2025,19:00,Rain,26.8,0.9,2508.0
WS-SOUTH,21/05/2025,20:00,Clear,21.6,0.0,10000.0
WS-SOUTH,21/05/2025,21:00,Clear,23.2,0.0,10000.0
WS-SOUTH,21/05/2025,22:00,Clear,22.3,0.0,10000.0
WS-SOUTH,21/05/2025,23:00,Rain,20.6,1.5,3483.0
WS-SOUTH,22/05/2025,00:00,Rain,19.7,5.6,3646.0
WS-SOUTH,22/05/2025,01:00,Rain,16.1,7.6,3481.0
WS-SOUTH,22/05/2025,02:00,Rain,18.0,2.8,3834.0
WS-SOUTH,22/05/2025,03:00,Rain,17.3,7.5,2543.0
WS-SOUTH,22/05/2025,04:00,Clear,16.1,0.0,10000.0
WS-SOUTH,22/05/2025,05:00,Clear,16.7,0.0,10000.0
WS-SOUTH,22/05/2025,06:00,Overcast,18.7,0.0,10000.0
WS-SOUTH,22/05/2025,07:00,Cloudy,20.1,0.0,10000.0
WS-SOUTH,22/05/2025,08:00,Cloudy,20.0,0.0,10000.0
WS-SOUTH,22/05/2025,09:00,Clear,18.4,0.0,10000.0
WS-SOUTH,22/05/2025,10:00,clear,22.8,0.0,10000.0
WS-SOUTH,22/05/2025,11:00,clear,23.6,0.0,10000.0
WS-SOUTH,22/05/2025,12:00,Clear,23.7,0.0,10000.0
WS-SOUTH,22/05/2025,13:00,Clear,25.2,0.0,10000.0
WS-SOUTH,22/05/2025,14:00,Clear,26.2,0.0,10000.0
WS-SOUTH,22/05/2025,15:00,Clear,29.0,0.0,10000.0
WS-SOUTH,22/05/2025,16:00,clear,27.4,0.0,10000.0
WS-SOUTH,22/05/2025,17:00,Clear,26.1,0.0,10000.0
WS-SOUTH,22/05/2025,18:00,clear,25.4,0.0,10000.0
WS-SOUTH,22/05/2025,19:00,clear,23.3,0.0,10000.0
WS-SOUTH,22/05/2025,20:00,CLEAR,21.0,0.0,10000.0
WS-SOUTH,22/05/2025,21:00,Clear,22.8,0.0,10000.0
WS-SOUTH,22/05/2025,22:00,Clear,19.5,0.0,10000.0
WS-SOUTH,22/05/2025,23:00,Clear,17.3,0.0,10000.0
WS-SOUTH,23/05/2025,00:00,Clear,18.0,0.0,10000.0
WS-SOUTH,23/05/2025,01:00,Cloudy,17.1,0.0,10000.0
WS-SOUTH,23/05/2025,02:00,Cloudy,16.8,0.0,10000.0
WS-SOUTH,23/05/2025,03:00,Clear,16.7,0.0,10000.0
WS-SOUTH,23/05/2025,04:00,Clear,14.4,0.0,10000.0
WS-SOUTH,23/05/2025,05:00,Clear,18.5,0.0,10000.0
WS-SOUTH,23/05/2025,06:00,Clear,18.4,0.0,10000.0
WS-SOUTH,23/05/2025,07:00,Clear,20.0,0.0,10000.0
WS-SOUTH,23/05/2025,08:00,Clear,20.9,0.0,10000.0
WS-SOUTH,23/05/2025,09:00,CLEAR,20.9,0.0,10000.0
WS-SOUTH,23/05/2025,10:00,clear,21.7,0.0,10000.0
WS-SOUTH,23/05/2025,11:00,Clear,23.3,0.0,10000.0
WS-SOUTH,23/05/2025,12:00,Clear,26.0,0.0,10000.0
WS-SOUTH,23/05/2025,13:00,Clear,26.2,0.0,10000.0
WS-SOUTH,23/05/2025,14:00,Clear,25.9,0.0,10000.0
WS-SOUTH,23/05/2025,15:00,CLEAR,24.9,0.0,10000.0
WS-SOUTH,23/05/2025,16:00,Clear,27.6,0.0,10000.0
WS-SOUTH,23/05/2025,17:00,Clear,25.9,0.0,10000.0
WS-SOUTH,23/05/2025,18:00,CLEAR,27.0,0.0,10000.0
WS-SOUTH,23/05/2025,19:00,Clear,22.8,0.0,10000.0
WS-SOUTH,23/05/2025,20:00,Clear,21.9,0.0,10000.0
WS-SOUTH,23/05/2025,21:00,Clear,23.2,0.0,10000.0
WS-SOUTH,23/05/2025,22:00,Clear,21.0,0.0,10000.0
WS-SOUTH,23/05/2025,23:00,Clear,19.9,0.0,10000.0
WS-SOUTH,24/05/2025,00:00,CLEAR,15.9,0.0,10000.0
WS-SOUTH,24/05/2025,01:00,Clear,16.8,0.0,10000.0
WS-SOUTH,24/05/2025,02:00,Clear,17.9,0.0,10000.0
WS-SOUTH,24/05/2025,03:00,Clear,16.0,0.0,10000.0
WS-SOUTH,24/05/2025,04:00,CLEAR,17.1,0.0,10000.0
WS-SOUTH,24/05/2025,05:00,Clear,17.4,0.0,10000.0
WS-SOUTH,24/05/2025,06:00,Clear,19.0,0.0,10000.0
WS-SOUTH,24/05/2025,07:00,Clear,19.4,0.0,10000.0
WS-SOUTH,24/05/2025,08:00,Clear,21.0,0.0,10000.0
WS-SOUTH,24/05/2025,09:00,Clear,22.4,0.0,10000.0
WS-SOUTH,24/05/2025,10:00,Clear,20.9,0.0,10000.0
WS-SOUTH,24/05/2025,11:00,Clear,22.8,0.0,10000.0
WS-SOUTH,24/05/2025,12:00,Clear,22.8,0.0,10000.0
WS-SOUTH,24/05/2025,13:00,cloudy,25.5,0.0,10000.0
WS-SOUTH,24/05/2025,14:00,Overcast,26.5,0.0,10000.0
WS-SOUTH,24/05/2025,15:00,cloudy,25.7,0.0,10000.0
WS-SOUTH,24/05/2025,16:00,Overcast,27.9,0.0,10000.0
WS-SOUTH,24/05/2025,17:00,Cloudy,26.0,0.0,10000.0
WS-SOUTH,24/05/2025,18:00,Clear,23.9,0.0,10000.0
WS-SOUTH,24/05/2025,19:00,Overcast,24.0,0.0,10000.0
WS-SOUTH,24/05/2025,20:00,cloudy,22.2,0.0,10000.0
WS-SOUTH,24/05/2025,21:00,Cloudy,22.9,0.0,10000.0
WS-SOUTH,24/05/2025,22:00,Cloudy,21.4,0.0,10000.0
WS-SOUTH,24/05/2025,23:00,Cloudy,19.6,0.0,10000.0
WS-SOUTH,25/05/2025,00:00,Cloudy,19.2,0.0,10000.0
WS-SOUTH,25/05/2025,01:00,cloudy,15.5,0.0,10000.0
WS-SOUTH,25/05/2025,02:00,Clear,17.7,0.0,10000.0
WS-SOUTH,25/05/2025,03:00,Clear,16.6,0.0,10000.0
WS-SOUTH,25/05/2025,04:00,Fog,17.2,0.0,619.0
WS-SOUTH,25/05/2025,05:00,Fog,17.3,0.0,984.0
WS-SOUTH,25/05/2025,06:00,Clear,15.6,0.0,10000.0
WS-SOUTH,25/05/2025,07:00,CLEAR,18.7,0.0,10000.0
WS-SOUTH,25/05/2025,08:00,clear,,0.0,10000.0
WS-SOUTH,25/05/2025,09:00,Overcast,23.3,0.0,10000.0
WS-SOUTH,25/05/2025,10:00,Overcast,25.4,0.0,
WS-SOUTH,25/05/2025,11:00,Cloudy,23.1,0.0,10000.0
WS-SOUTH,25/05/2025,12:00,Overcast,25.9,0.0,10000.0
WS-SOUTH,25/05/2025,13:00,cloudy,24.7,0.0,10000.0
WS-SOUTH,25/05/2025,14:00,cloudy,26.6,0.0,10000.0
WS-SOUTH,25/05/2025,15:00,Overcast,26.5,0.0,10000.0
WS-SOUTH,25/05/2025,16:00,Cloudy,27.2,0.0,10000.0
WS-SOUTH,25/05/2025,17:00,Cloudy,27.4,0.0,10000.0
WS-SOUTH,25/05/2025,18:00,Cloudy,25.0,0.0,10000.0
WS-SOUTH,25/05/2025,19:00,Cloudy,21.1,0.0,10000.0
WS-SOUTH,25/05/2025,20:00,Overcast,22.9,0.0,10000.0
WS-SOUTH,25/05/2025,21:00,Cloudy,20.7,0.0,10000.0
WS-SOUTH,25/05/2025,22:00,Clear,20.4,0.0,10000.0
WS-SOUTH,25/05/2025,23:00,Clear,21.4,0.0,10000.0
WS-SOUTH,26/05/2025,00:00,Clear,19.3,0.0,10000.0
WS-SOUTH,26/05/2025,01:00,Clear,16.3,0.0,10000.0
WS-SOUTH,26/05/2025,02:00,Clear,16.4,0.0,10000.0
WS-SOUTH,26/05/2025,03:00,clear,17.5,0.0,10000.0
WS-SOUTH,26/05/2025,04:00,Clear,17.4,0.0,
WS-SOUTH,26/05/2025,05:00,clear,16.9,0.0,10000.0
WS-SOUTH,26/05/2025,06:00,Cloudy,17.4,0.0,10000.0
WS-SOUTH,26/05/2025,07:00,Cloudy,18.5,0.0,
WS-SOUTH,26/05/2025,08:00,Overcast,19.0,0.0,10000.0
WS-SOUTH,26/05/2025,09:00,Cloudy,21.3,0.0,10000.0
WS-SOUTH,26/05/2025,10:00,Clear,22.7,0.0,10000.0
WS-SOUTH,26/05/2025,11:00,Clear,24.8,0.0,10000.0
WS-SOUTH,26/05/2025,12:00,Clear,25.6,0.0,10000.0
WS-SOUTH,26/05/2025,13:00,CLEAR,26.4,0.0,10000.0
WS-SOUTH,26/05/2025,14:00,Clear,27.6,0.0,10000.0
WS-SOUTH,26/05/2025,15:00,clear,25.2,0.0,10000.0
WS-SOUTH,26/05/2025,16:00,Clear,26.4,0.0,10000.0
WS-SOUTH,26/05/2025,17:00,Clear,27.3,0.0,10000.0
WS-SOUTH,26/05/2025,18:00,Clear,25.8,0.0,10000.0
WS-SOUTH,26/05/2025,19:00,Clear,21.7,0.0,10000.0
WS-SOUTH,26/05/2025,20:00,clear,23.4,0.0,10000.0
WS-SOUTH,26/05/2025,21:00,Clear,20.2,0.0,10000.0
WS-SOUTH,26/05/2025,22:00,Clear,,0.0,10000.0
WS-SOUTH,26/05/2025,23:00,Clear,19.8,0.0,10000.0
WS-SOUTH,27/05/2025,00:00,Clear,18.5,0.0,10000.0
WS-SOUTH,27/05/2025,01:00,Clear,,0.0,10000.0
WS-SOUTH,27/05/2025,02:00,Clear,15.6,0.0,10000.0
WS-SOUTH,27/05/2025,03:00,Cloudy,16.3,0.0,10000.0
WS-SOUTH,27/05/2025,04:00,Cloudy,18.0,0.0,10000.0
WS-SOUTH,27/05/2025,05:00,Cloudy,19.8,0.0,10000.0
WS-SOUTH,27/05/2025,06:00,Cloudy,18.3,0.0,10000.0
WS-SOUTH,27/05/2025,07:00,Cloudy,19.4,0.0,10000.0
WS-SOUTH,27/05/2025,08:00,Clear,20.5,0.0,10000.0
WS-SOUTH,27/05/2025,09:00,clear,20.3,0.0,10000.0
WS-SOUTH,27/05/2025,10:00,CLEAR,23.1,0.0,10000.0
WS-SOUTH,27/05/2025,11:00,Clear,26.5,0.0,10000.0
WS-SOUTH,27/05/2025,12:00,Clear,23.1,0.0,10000.0
WS-SOUTH,27/05/2025,13:00,clear,27.8,0.0,10000.0
WS-SOUTH,27/05/2025,14:00,cloudy,25.8,0.0,10000.0
WS-SOUTH,27/05/2025,15:00,Cloudy,25.8,0.0,10000.0
WS-SOUTH,27/05/2025,16:00,Cloudy,27.2,0.0,10000.0
WS-SOUTH,27/05/2025,17:00,Overcast,22.8,0.0,10000.0
WS-SOUTH,27/05/2025,18:00,Clear,25.2,0.0,10000.0
WS-SOUTH,27/05/2025,19:00,Clear,24.5,0.0,10000.0
WS-SOUTH,27/05/2025,20:00,Clear,22.6,0.0,10000.0
WS-SOUTH,27/05/2025,21:00,Cloudy,21.7,0.0,10000.0
WS-SOUTH,27/05/2025,22:00,Cloudy,17.9,0.0,10000.0
WS-SOUTH,27/05/2025,23:00,Cloudy,19.7,0.0,10000.0
WS-SOUTH,28/05/2025,00:00,Cloudy,19.3,0.0,10000.0
WS-SOUTH,28/05/2025,01:00,Overcast,17.1,0.0,10000.0
WS-SOUTH,28/05/2025,02:00,Clear,19.0,0.0,10000.0
WS-SOUTH,28/05/2025,03:00,Cloudy,16.6,0.0,10000.0
WS-SOUTH,28/05/2025,04:00,Cloudy,19.4,0.0,10000.0
WS-SOUTH,28/05/2025,05:00,Cloudy,18.5,0.0,10000.0
WS-SOUTH,28/05/2025,06:00,cloudy,17.5,0.0,10000.0
WS-SOUTH,28/05/2025,07:00,Cloudy,19.4,0.0,10000.0
WS-SOUTH,28/05/2025,08:00,Overcast,20.5,0.0,10000.0
WS-SOUTH,28/05/2025,09:00,Cloudy,20.6,0.0,10000.0
WS-SOUTH,28/05/2025,10:00,Cloudy,25.5,0.0,10000.0
WS-SOUTH,28/05/2025,11:00,Overcast,24.7,0.0,10000.0
WS-SOUTH,28/05/2025,12:00,Clear,24.4,0.0,10000.0
WS-SOUTH,28/05/2025,13:00,Clear,26.3,0.0,10000.0
WS-SOUTH,28/05/2025,14:00,Clear,26.4,0.0,10000.0
WS-SOUTH,28/05/2025,15:00,Clear,25.1,0.0,10000.0
WS-SOUTH,28/05/2025,16:00,Clear,27.8,0.0,10000.0
WS-SOUTH,28/05/2025,17:00,Clear,25.8,0.0,10000.0
WS-SOUTH,28/05/2025,18:00,Cloudy,28.6,0.0,10000.0
WS-SOUTH,28/05/2025,19:00,Cloudy,23.6,0.0,10000.0
WS-SOUTH,28/05/2025,20:00,CLEAR,22.0,0.0,10000.0
WS-SOUTH,28/05/2025,21:00,Clear,22.1,0.0,10000.0
WS-SOUTH,28/05/2025,22:00,Clear,21.0,0.0,10000.0
WS-SOUTH,28/05/2025,23:00,Clear,20.0,0.0,10000.0
WS-SOUTH,29/05/2025,00:00,Clear,18.8,0.0,10000.0
WS-SOUTH,29/05/2025,01:00,Clear,17.7,0.0,10000.0
WS-SOUTH,29/05/2025,02:00,Cloudy,18.3,0.0,10000.0
WS-SOUTH,29/05/2025,03:00,Cloudy,14.1,0.0,10000.0
WS-SOUTH,29/05/2025,04:00,cloudy,15.6,0.0,10000.0
WS-SOUTH,29/05/2025,05:00,Overcast,16.7,0.0,10000.0
WS-SOUTH,29/05/2025,06:00,Clear,19.4,0.0,10000.0
WS-SOUTH,29/05/2025,07:00,Clear,19.5,0.0,10000.0
WS-SOUTH,29/05/2025,08:00,clear,20.4,0.0,10000.0
WS-SOUTH,29/05/2025,09:00,Clear,21.0,0.0,10000.0
WS-SOUTH,29/05/2025,10:00,clear,22.8,0.0,10000.0
WS-SOUTH,29/05/2025,11:00,Cloudy,23.7,0.0,10000.0
WS-SOUTH,29/05/2025,12:00,Cloudy,26.8,0.0,10000.0
WS-SOUTH,29/05/2025,13:00,Cloudy,24.6,0.0,10000.0
WS-SOUTH,29/05/2025,14:00,Clear,28.0,0.0,10000.0
WS-SOUTH,29/05/2025,15:00,Clear,26.1,0.0,10000.0
WS-SOUTH,29/05/2025,16:00,clear,24.6,0.0,10000.0
WS-SOUTH,29/05/2025,17:00,Clear,25.5,0.0,10000.0
WS-SOUTH,29/05/2025,18:00,Clear,26.3,0.0,10000.0
WS-SOUTH,29/05/2025,19:00,Clear,23.0,0.0,10000.0
WS-SOUTH,29/05/2025,20:00,CLEAR,24.2,0.0,10000.0
WS-SOUTH,29/05/2025,21:00,clear,21.1,0.0,10000.0
WS-SOUTH,29/05/2025,22:00,clear,18.5,0.0,10000.0
WS-SOUTH,29/05/2025,23:00,Clear,17.9,0.0,10000.0
WS-SOUTH,30/05/2025,00:00,Clear,17.9,0.0,10000.0
WS-SOUTH,30/05/2025,01:00,Clear,17.2,0.0,10000.0
WS-SOUTH,30/05/2025,02:00,Cloudy,16.5,0.0,10000.0
WS-SOUTH,30/05/2025,03:00,Cloudy,15.8,0.0,10000.0
WS-SOUTH,30/05/2025,04:00,Cloudy,16.5,0.0,10000.0
WS-SOUTH,30/05/2025,05:00,Overcast,15.2,0.0,10000.0
WS-SOUTH,30/05/2025,06:00,cloudy,20.2,0.0,10000.0
WS-SOUTH,30/05/2025,07:00,Overcast,18.4,0.0,10000.0
WS-SOUTH,30/05/2025,08:00,Cloudy,20.6,0.0,10000.0
WS-SOUTH,30/05/2025,09:00,Clear,22.0,0.0,10000.0
WS-SOUTH,30/05/2025,10:00,Clear,23.9,0.0,10000.0
WS-SOUTH,30/05/2025,11:00,Overcast,24.9,0.0,10000.0
WS-SOUTH,30/05/2025,12:00,Cloudy,24.7,0.0,10000.0
WS-SOUTH,30/05/2025,13:00,Cloudy,24.1,0.0,10000.0
WS-SOUTH,30/05/2025,14:00,Cloudy,28.0,0.0,10000.0
WS-SOUTH,30/05/2025,15:00,Cloudy,27.9,0.0,10000.0
WS-SOUTH,30/05/2025,16:00,Clear,25.3,0.0,10000.0
WS-SOUTH,30/05/2025,17:00,Clear,25.3,0.0,10000.0
WS-SOUTH,30/05/2025,18:00,Clear,25.0,0.0,10000.0
WS-SOUTH,30/05/2025,19:00,CLEAR,24.9,0.0,10000.0
WS-SOUTH,30/05/2025,20:00,Clear,23.4,0.0,10000.0
WS-SOUTH,30/05/2025,21:00,clear,21.1,0.0,10000.0
WS-SOUTH,30/05/2025,22:00,Clear,20.2,0.0,10000.0
WS-SOUTH,30/05/2025,23:00,Rain,19.1,1.7,4805.0
WS-SOUTH,31/05/2025,00:00,rainy,18.2,7.1,3156.0
WS-SOUTH,31/05/2025,01:00,Rain,18.5,3.3,3143.0
WS-SOUTH,31/05/2025,02:00,Rain,16.0,2.0,3926.0
WS-SOUTH,31/05/2025,03:00,rain ,17.2,2.6,2371.0
WS-SOUTH,31/05/2025,04:00,Cloudy,18.3,0.0,10000.0
WS-SOUTH,31/05/2025,05:00,Cloudy,18.4,0.0,10000.0
WS-SOUTH,31/05/2025,06:00,CLEAR,18.7,0.0,10000.0
WS-SOUTH,31/05/2025,07:00,clear,19.6,0.0,10000.0
WS-SOUTH,31/05/2025,08:00,Clear,21.3,0.0,10000.0
WS-SOUTH,31/05/2025,09:00,Clear,22.8,0.0,10000.0
WS-SOUTH,31/05/2025,10:00,Clear,23.4,0.0,10000.0
WS-SOUTH,31/05/2025,11:00,Clear,25.0,0.0,10000.0
WS-SOUTH,31/05/2025,12:00,clear,25.9,0.0,10000.0
WS-SOUTH,31/05/2025,13:00,Clear,26.2,0.0,10000.0
WS-SOUTH,31/05/2025,14:00,Clear,26.5,0.0,10000.0
WS-SOUTH,31/05/2025,15:00,Clear,27.4,0.0,10000.0
WS-SOUTH,31/05/2025,16:00,Clear,29.1,0.0,10000.0
WS-SOUTH,31/05/2025,17:00,Clear,23.1,0.0,10000.0
WS-SOUTH,31/05/2025,18:00,Clear,24.7,0.0,
WS-SOUTH,31/05/2025,19:00,Clear,27.6,0.0,10000.0
WS-SOUTH,31/05/2025,20:00,Clear,24.7,0.0,10000.0
WS-SOUTH,31/05/2025,21:00,CLEAR,23.8,0.0,10000.0
WS-SOUTH,31/05/2025,22:00,Clear,21.6,0.0,10000.0
WS-SOUTH,31/05/2025,23:00,Clear,17.7,0.0,10000.0
